level,lesson,question_vi,answer_zh,explanation
"HSK 1","1","Tôi thường học tiếng Trung.","我通常学习中文。","学习中文 = học tiếng Trung"
"HSK 1","1","Tôi thường uống nước.","我通常喝水。","喝水 = uống nước"
"HSK 1","1","Tôi thường ăn cơm.","我通常吃饭。","吃饭 = ăn cơm"
"HSK 1","1","Tôi thường xem tivi.","我通常看电视。","看电视 = xem tivi"
"HSK 1","1","Tôi thường nghe nhạc.","我通常听音乐。","听音乐 = nghe nhạc"
"HSK 1","1","Tôi thường đọc sách.","我通常看书。","看书 = đọc sách"
"HSK 1","1","Tôi thường đi học.","我通常上学。","上学 = đi học"
"HSK 1","1","Tôi thường về nhà.","我通常回家。","回家 = về nhà"
"HSK 1","1","Tôi thường mua đồ.","我通常买东西。","买东西 = mua đồ"
"HSK 1","1","Tôi thường ngủ.","我通常睡觉。","睡觉 = ngủ"
"HSK 1","2","Tôi muốn học tiếng Trung.","我想学习中文。","学习中文 = học tiếng Trung"
"HSK 1","2","Tôi muốn uống nước.","我想喝水。","喝水 = uống nước"
"HSK 1","2","Tôi muốn ăn cơm.","我想吃饭。","吃饭 = ăn cơm"
"HSK 1","2","Tôi muốn xem tivi.","我想看电视。","看电视 = xem tivi"
"HSK 1","2","Tôi muốn nghe nhạc.","我想听音乐。","听音乐 = nghe nhạc"
"HSK 1","2","Tôi muốn đọc sách.","我想看书。","看书 = đọc sách"
"HSK 1","2","Tôi muốn đi học.","我想上学。","上学 = đi học"
"HSK 1","2","Tôi muốn về nhà.","我想回家。","回家 = về nhà"
"HSK 1","2","Tôi muốn mua đồ.","我想买东西。","买东西 = mua đồ"
"HSK 1","2","Tôi muốn ngủ.","我想睡觉。","睡觉 = ngủ"
"HSK 1","3","Tôi đang học tiếng Trung.","我正在学习中文。","学习中文 = học tiếng Trung"
"HSK 1","3","Tôi đang uống nước.","我正在喝水。","喝水 = uống nước"
"HSK 1","3","Tôi đang ăn cơm.","我正在吃饭。","吃饭 = ăn cơm"
"HSK 1","3","Tôi đang xem tivi.","我正在看电视。","看电视 = xem tivi"
"HSK 1","3","Tôi đang nghe nhạc.","我正在听音乐。","听音乐 = nghe nhạc"
"HSK 1","3","Tôi đang đọc sách.","我正在看书。","看书 = đọc sách"
"HSK 1","3","Tôi đang đi học.","我正在上学。","上学 = đi học"
"HSK 1","3","Tôi đang về nhà.","我正在回家。","回家 = về nhà"
"HSK 1","3","Tôi đang mua đồ.","我正在买东西。","买东西 = mua đồ"
"HSK 1","3","Tôi đang ngủ.","我正在睡觉。","睡觉 = ngủ"
"HSK 1","4","Nếu có thời gian, tôi sẽ học tiếng Trung.","如果有时间，我就会学习中文。","学习中文 = học tiếng Trung"
"HSK 1","4","Nếu có thời gian, tôi sẽ uống nước.","如果有时间，我就会喝水。","喝水 = uống nước"
"HSK 1","4","Nếu có thời gian, tôi sẽ ăn cơm.","如果有时间，我就会吃饭。","吃饭 = ăn cơm"
"HSK 1","4","Nếu có thời gian, tôi sẽ xem tivi.","如果有时间，我就会看电视。","看电视 = xem tivi"
"HSK 1","4","Nếu có thời gian, tôi sẽ nghe nhạc.","如果有时间，我就会听音乐。","听音乐 = nghe nhạc"
"HSK 1","4","Nếu có thời gian, tôi sẽ đọc sách.","如果有时间，我就会看书。","看书 = đọc sách"
"HSK 1","4","Nếu có thời gian, tôi sẽ đi học.","如果有时间，我就会上学。","上学 = đi học"
"HSK 1","4","Nếu có thời gian, tôi sẽ về nhà.","如果有时间，我就会回家。","回家 = về nhà"
"HSK 1","4","Nếu có thời gian, tôi sẽ mua đồ.","如果有时间，我就会买东西。","买东西 = mua đồ"
"HSK 1","4","Nếu có thời gian, tôi sẽ ngủ.","如果有时间，我就会睡觉。","睡觉 = ngủ"
"HSK 1","5","Việc học tiếng Trung rất quan trọng.","学习中文很重要。","学习中文 = học tiếng Trung"
"HSK 1","5","Việc uống nước rất quan trọng.","喝水很重要。","喝水 = uống nước"
"HSK 1","5","Việc ăn cơm rất quan trọng.","吃饭很重要。","吃饭 = ăn cơm"
"HSK 1","5","Việc xem tivi rất quan trọng.","看电视很重要。","看电视 = xem tivi"
"HSK 1","5","Việc nghe nhạc rất quan trọng.","听音乐很重要。","听音乐 = nghe nhạc"
"HSK 1","5","Việc đọc sách rất quan trọng.","看书很重要。","看书 = đọc sách"
"HSK 1","5","Việc đi học rất quan trọng.","上学很重要。","上学 = đi học"
"HSK 1","5","Việc về nhà rất quan trọng.","回家很重要。","回家 = về nhà"
"HSK 1","5","Việc mua đồ rất quan trọng.","买东西很重要。","买东西 = mua đồ"
"HSK 1","5","Việc ngủ rất quan trọng.","睡觉很重要。","睡觉 = ngủ"
"HSK 1","6","Chúng ta nên cùng nhau học tiếng Trung.","我们应该一起学习中文。","学习中文 = học tiếng Trung"
"HSK 1","6","Chúng ta nên cùng nhau uống nước.","我们应该一起喝水。","喝水 = uống nước"
"HSK 1","6","Chúng ta nên cùng nhau ăn cơm.","我们应该一起吃饭。","吃饭 = ăn cơm"
"HSK 1","6","Chúng ta nên cùng nhau xem tivi.","我们应该一起看电视。","看电视 = xem tivi"
"HSK 1","6","Chúng ta nên cùng nhau nghe nhạc.","我们应该一起听音乐。","听音乐 = nghe nhạc"
"HSK 1","6","Chúng ta nên cùng nhau đọc sách.","我们应该一起看书。","看书 = đọc sách"
"HSK 1","6","Chúng ta nên cùng nhau đi học.","我们应该一起上学。","上学 = đi học"
"HSK 1","6","Chúng ta nên cùng nhau về nhà.","我们应该一起回家。","回家 = về nhà"
"HSK 1","6","Chúng ta nên cùng nhau mua đồ.","我们应该一起买东西。","买东西 = mua đồ"
"HSK 1","6","Chúng ta nên cùng nhau ngủ.","我们应该一起睡觉。","睡觉 = ngủ"
"HSK 1","7","Tôi đã học tiếng Trung.","我已经学习中文了。","学习中文 = học tiếng Trung"
"HSK 1","7","Tôi đã uống nước.","我已经喝水了。","喝水 = uống nước"
"HSK 1","7","Tôi đã ăn cơm.","我已经吃饭了。","吃饭 = ăn cơm"
"HSK 1","7","Tôi đã xem tivi.","我已经看电视了。","看电视 = xem tivi"
"HSK 1","7","Tôi đã nghe nhạc.","我已经听音乐了。","听音乐 = nghe nhạc"
"HSK 1","7","Tôi đã đọc sách.","我已经看书了。","看书 = đọc sách"
"HSK 1","7","Tôi đã đi học.","我已经上学了。","上学 = đi học"
"HSK 1","7","Tôi đã về nhà.","我已经回家了。","回家 = về nhà"
"HSK 1","7","Tôi đã mua đồ.","我已经买东西了。","买东西 = mua đồ"
"HSK 1","7","Tôi đã ngủ.","我已经睡觉了。","睡觉 = ngủ"
"HSK 1","8","Tôi chưa học tiếng Trung.","我还没学习中文。","学习中文 = học tiếng Trung"
"HSK 1","8","Tôi chưa uống nước.","我还没喝水。","喝水 = uống nước"
"HSK 1","8","Tôi chưa ăn cơm.","我还没吃饭。","吃饭 = ăn cơm"
"HSK 1","8","Tôi chưa xem tivi.","我还没看电视。","看电视 = xem tivi"
"HSK 1","8","Tôi chưa nghe nhạc.","我还没听音乐。","听音乐 = nghe nhạc"
"HSK 1","8","Tôi chưa đọc sách.","我还没看书。","看书 = đọc sách"
"HSK 1","8","Tôi chưa đi học.","我还没上学。","上学 = đi học"
"HSK 1","8","Tôi chưa về nhà.","我还没回家。","回家 = về nhà"
"HSK 1","8","Tôi chưa mua đồ.","我还没买东西。","买东西 = mua đồ"
"HSK 1","8","Tôi chưa ngủ.","我还没睡觉。","睡觉 = ngủ"
"HSK 1","9","Bạn có thể học tiếng Trung không?","你可以学习中文吗？","学习中文 = học tiếng Trung"
"HSK 1","9","Bạn có thể uống nước không?","你可以喝水吗？","喝水 = uống nước"
"HSK 1","9","Bạn có thể ăn cơm không?","你可以吃饭吗？","吃饭 = ăn cơm"
"HSK 1","9","Bạn có thể xem tivi không?","你可以看电视吗？","看电视 = xem tivi"
"HSK 1","9","Bạn có thể nghe nhạc không?","你可以听音乐吗？","听音乐 = nghe nhạc"
"HSK 1","9","Bạn có thể đọc sách không?","你可以看书吗？","看书 = đọc sách"
"HSK 1","9","Bạn có thể đi học không?","你可以上学吗？","上学 = đi học"
"HSK 1","9","Bạn có thể về nhà không?","你可以回家吗？","回家 = về nhà"
"HSK 1","9","Bạn có thể mua đồ không?","你可以买东西吗？","买东西 = mua đồ"
"HSK 1","9","Bạn có thể ngủ không?","你可以睡觉吗？","睡觉 = ngủ"
"HSK 1","10","Tôi hy vọng có thể học tiếng Trung.","我希望能够学习中文。","学习中文 = học tiếng Trung"
"HSK 1","10","Tôi hy vọng có thể uống nước.","我希望能够喝水。","喝水 = uống nước"
"HSK 1","10","Tôi hy vọng có thể ăn cơm.","我希望能够吃饭。","吃饭 = ăn cơm"
"HSK 1","10","Tôi hy vọng có thể xem tivi.","我希望能够看电视。","看电视 = xem tivi"
"HSK 1","10","Tôi hy vọng có thể nghe nhạc.","我希望能够听音乐。","听音乐 = nghe nhạc"
"HSK 1","10","Tôi hy vọng có thể đọc sách.","我希望能够看书。","看书 = đọc sách"
"HSK 1","10","Tôi hy vọng có thể đi học.","我希望能够上学。","上学 = đi học"
"HSK 1","10","Tôi hy vọng có thể về nhà.","我希望能够回家。","回家 = về nhà"
"HSK 1","10","Tôi hy vọng có thể mua đồ.","我希望能够买东西。","买东西 = mua đồ"
"HSK 1","10","Tôi hy vọng có thể ngủ.","我希望能够睡觉。","睡觉 = ngủ"
"HSK 1","11","Sau khi học tiếng Trung, tôi hiểu hơn.","学习中文以后，我更明白了。","学习中文 = học tiếng Trung"
"HSK 1","11","Sau khi uống nước, tôi hiểu hơn.","喝水以后，我更明白了。","喝水 = uống nước"
"HSK 1","11","Sau khi ăn cơm, tôi hiểu hơn.","吃饭以后，我更明白了。","吃饭 = ăn cơm"
"HSK 1","11","Sau khi xem tivi, tôi hiểu hơn.","看电视以后，我更明白了。","看电视 = xem tivi"
"HSK 1","11","Sau khi nghe nhạc, tôi hiểu hơn.","听音乐以后，我更明白了。","听音乐 = nghe nhạc"
"HSK 1","11","Sau khi đọc sách, tôi hiểu hơn.","看书以后，我更明白了。","看书 = đọc sách"
"HSK 1","11","Sau khi đi học, tôi hiểu hơn.","上学以后，我更明白了。","上学 = đi học"
"HSK 1","11","Sau khi về nhà, tôi hiểu hơn.","回家以后，我更明白了。","回家 = về nhà"
"HSK 1","11","Sau khi mua đồ, tôi hiểu hơn.","买东西以后，我更明白了。","买东西 = mua đồ"
"HSK 1","11","Sau khi ngủ, tôi hiểu hơn.","睡觉以后，我更明白了。","睡觉 = ngủ"
"HSK 1","12","Trước khi học tiếng Trung, hãy chuẩn bị kỹ.","学习中文以前，请做好准备。","学习中文 = học tiếng Trung"
"HSK 1","12","Trước khi uống nước, hãy chuẩn bị kỹ.","喝水以前，请做好准备。","喝水 = uống nước"
"HSK 1","12","Trước khi ăn cơm, hãy chuẩn bị kỹ.","吃饭以前，请做好准备。","吃饭 = ăn cơm"
"HSK 1","12","Trước khi xem tivi, hãy chuẩn bị kỹ.","看电视以前，请做好准备。","看电视 = xem tivi"
"HSK 1","12","Trước khi nghe nhạc, hãy chuẩn bị kỹ.","听音乐以前，请做好准备。","听音乐 = nghe nhạc"
"HSK 1","12","Trước khi đọc sách, hãy chuẩn bị kỹ.","看书以前，请做好准备。","看书 = đọc sách"
"HSK 1","12","Trước khi đi học, hãy chuẩn bị kỹ.","上学以前，请做好准备。","上学 = đi học"
"HSK 1","12","Trước khi về nhà, hãy chuẩn bị kỹ.","回家以前，请做好准备。","回家 = về nhà"
"HSK 1","12","Trước khi mua đồ, hãy chuẩn bị kỹ.","买东西以前，请做好准备。","买东西 = mua đồ"
"HSK 1","12","Trước khi ngủ, hãy chuẩn bị kỹ.","睡觉以前，请做好准备。","睡觉 = ngủ"
"HSK 1","13","Tôi không biết làm thế nào để học tiếng Trung.","我不知道怎么学习中文。","学习中文 = học tiếng Trung"
"HSK 1","13","Tôi không biết làm thế nào để uống nước.","我不知道怎么喝水。","喝水 = uống nước"
"HSK 1","13","Tôi không biết làm thế nào để ăn cơm.","我不知道怎么吃饭。","吃饭 = ăn cơm"
"HSK 1","13","Tôi không biết làm thế nào để xem tivi.","我不知道怎么看电视。","看电视 = xem tivi"
"HSK 1","13","Tôi không biết làm thế nào để nghe nhạc.","我不知道怎么听音乐。","听音乐 = nghe nhạc"
"HSK 1","13","Tôi không biết làm thế nào để đọc sách.","我不知道怎么看书。","看书 = đọc sách"
"HSK 1","13","Tôi không biết làm thế nào để đi học.","我不知道怎么上学。","上学 = đi học"
"HSK 1","13","Tôi không biết làm thế nào để về nhà.","我不知道怎么回家。","回家 = về nhà"
"HSK 1","13","Tôi không biết làm thế nào để mua đồ.","我不知道怎么买东西。","买东西 = mua đồ"
"HSK 1","13","Tôi không biết làm thế nào để ngủ.","我不知道怎么睡觉。","睡觉 = ngủ"
"HSK 1","14","Tôi tin rằng việc học tiếng Trung sẽ có kết quả tốt.","我相信学习中文会有好结果。","学习中文 = học tiếng Trung"
"HSK 1","14","Tôi tin rằng việc uống nước sẽ có kết quả tốt.","我相信喝水会有好结果。","喝水 = uống nước"
"HSK 1","14","Tôi tin rằng việc ăn cơm sẽ có kết quả tốt.","我相信吃饭会有好结果。","吃饭 = ăn cơm"
"HSK 1","14","Tôi tin rằng việc xem tivi sẽ có kết quả tốt.","我相信看电视会有好结果。","看电视 = xem tivi"
"HSK 1","14","Tôi tin rằng việc nghe nhạc sẽ có kết quả tốt.","我相信听音乐会有好结果。","听音乐 = nghe nhạc"
"HSK 1","14","Tôi tin rằng việc đọc sách sẽ có kết quả tốt.","我相信看书会有好结果。","看书 = đọc sách"
"HSK 1","14","Tôi tin rằng việc đi học sẽ có kết quả tốt.","我相信上学会有好结果。","上学 = đi học"
"HSK 1","14","Tôi tin rằng việc về nhà sẽ có kết quả tốt.","我相信回家会有好结果。","回家 = về nhà"
"HSK 1","14","Tôi tin rằng việc mua đồ sẽ có kết quả tốt.","我相信买东西会有好结果。","买东西 = mua đồ"
"HSK 1","14","Tôi tin rằng việc ngủ sẽ có kết quả tốt.","我相信睡觉会有好结果。","睡觉 = ngủ"
"HSK 1","15","Nếu không học tiếng Trung, vấn đề sẽ nghiêm trọng hơn.","如果不学习中文，问题会更严重。","学习中文 = học tiếng Trung"
"HSK 1","15","Nếu không uống nước, vấn đề sẽ nghiêm trọng hơn.","如果不喝水，问题会更严重。","喝水 = uống nước"
"HSK 1","15","Nếu không ăn cơm, vấn đề sẽ nghiêm trọng hơn.","如果不吃饭，问题会更严重。","吃饭 = ăn cơm"
"HSK 1","15","Nếu không xem tivi, vấn đề sẽ nghiêm trọng hơn.","如果不看电视，问题会更严重。","看电视 = xem tivi"
"HSK 1","15","Nếu không nghe nhạc, vấn đề sẽ nghiêm trọng hơn.","如果不听音乐，问题会更严重。","听音乐 = nghe nhạc"
"HSK 1","15","Nếu không đọc sách, vấn đề sẽ nghiêm trọng hơn.","如果不看书，问题会更严重。","看书 = đọc sách"
"HSK 1","15","Nếu không đi học, vấn đề sẽ nghiêm trọng hơn.","如果不上学，问题会更严重。","上学 = đi học"
"HSK 1","15","Nếu không về nhà, vấn đề sẽ nghiêm trọng hơn.","如果不回家，问题会更严重。","回家 = về nhà"
"HSK 1","15","Nếu không mua đồ, vấn đề sẽ nghiêm trọng hơn.","如果不买东西，问题会更严重。","买东西 = mua đồ"
"HSK 1","15","Nếu không ngủ, vấn đề sẽ nghiêm trọng hơn.","如果不睡觉，问题会更严重。","睡觉 = ngủ"
"HSK 1","16","Tôi muốn biết cách học tiếng Trung hiệu quả hơn.","我想知道如何更有效地学习中文。","学习中文 = học tiếng Trung"
"HSK 1","16","Tôi muốn biết cách uống nước hiệu quả hơn.","我想知道如何更有效地喝水。","喝水 = uống nước"
"HSK 1","16","Tôi muốn biết cách ăn cơm hiệu quả hơn.","我想知道如何更有效地吃饭。","吃饭 = ăn cơm"
"HSK 1","16","Tôi muốn biết cách xem tivi hiệu quả hơn.","我想知道如何更有效地看电视。","看电视 = xem tivi"
"HSK 1","16","Tôi muốn biết cách nghe nhạc hiệu quả hơn.","我想知道如何更有效地听音乐。","听音乐 = nghe nhạc"
"HSK 1","16","Tôi muốn biết cách đọc sách hiệu quả hơn.","我想知道如何更有效地看书。","看书 = đọc sách"
"HSK 1","16","Tôi muốn biết cách đi học hiệu quả hơn.","我想知道如何更有效地上学。","上学 = đi học"
"HSK 1","16","Tôi muốn biết cách về nhà hiệu quả hơn.","我想知道如何更有效地回家。","回家 = về nhà"
"HSK 1","16","Tôi muốn biết cách mua đồ hiệu quả hơn.","我想知道如何更有效地买东西。","买东西 = mua đồ"
"HSK 1","16","Tôi muốn biết cách ngủ hiệu quả hơn.","我想知道如何更有效地睡觉。","睡觉 = ngủ"
"HSK 1","17","Việc học tiếng Trung đòi hỏi nhiều thời gian.","学习中文需要很多时间。","学习中文 = học tiếng Trung"
"HSK 1","17","Việc uống nước đòi hỏi nhiều thời gian.","喝水需要很多时间。","喝水 = uống nước"
"HSK 1","17","Việc ăn cơm đòi hỏi nhiều thời gian.","吃饭需要很多时间。","吃饭 = ăn cơm"
"HSK 1","17","Việc xem tivi đòi hỏi nhiều thời gian.","看电视需要很多时间。","看电视 = xem tivi"
"HSK 1","17","Việc nghe nhạc đòi hỏi nhiều thời gian.","听音乐需要很多时间。","听音乐 = nghe nhạc"
"HSK 1","17","Việc đọc sách đòi hỏi nhiều thời gian.","看书需要很多时间。","看书 = đọc sách"
"HSK 1","17","Việc đi học đòi hỏi nhiều thời gian.","上学需要很多时间。","上学 = đi học"
"HSK 1","17","Việc về nhà đòi hỏi nhiều thời gian.","回家需要很多时间。","回家 = về nhà"
"HSK 1","17","Việc mua đồ đòi hỏi nhiều thời gian.","买东西需要很多时间。","买东西 = mua đồ"
"HSK 1","17","Việc ngủ đòi hỏi nhiều thời gian.","睡觉需要很多时间。","睡觉 = ngủ"
"HSK 1","18","Các chuyên gia đang nghiên cứu làm thế nào để học tiếng Trung.","专家正在研究如何学习中文。","学习中文 = học tiếng Trung"
"HSK 1","18","Các chuyên gia đang nghiên cứu làm thế nào để uống nước.","专家正在研究如何喝水。","喝水 = uống nước"
"HSK 1","18","Các chuyên gia đang nghiên cứu làm thế nào để ăn cơm.","专家正在研究如何吃饭。","吃饭 = ăn cơm"
"HSK 1","18","Các chuyên gia đang nghiên cứu làm thế nào để xem tivi.","专家正在研究如何看电视。","看电视 = xem tivi"
"HSK 1","18","Các chuyên gia đang nghiên cứu làm thế nào để nghe nhạc.","专家正在研究如何听音乐。","听音乐 = nghe nhạc"
"HSK 1","18","Các chuyên gia đang nghiên cứu làm thế nào để đọc sách.","专家正在研究如何看书。","看书 = đọc sách"
"HSK 1","18","Các chuyên gia đang nghiên cứu làm thế nào để đi học.","专家正在研究如何上学。","上学 = đi học"
"HSK 1","18","Các chuyên gia đang nghiên cứu làm thế nào để về nhà.","专家正在研究如何回家。","回家 = về nhà"
"HSK 1","18","Các chuyên gia đang nghiên cứu làm thế nào để mua đồ.","专家正在研究如何买东西。","买东西 = mua đồ"
"HSK 1","18","Các chuyên gia đang nghiên cứu làm thế nào để ngủ.","专家正在研究如何睡觉。","睡觉 = ngủ"
"HSK 1","19","Mục tiêu cuối cùng là học tiếng Trung.","最终目标是学习中文。","学习中文 = học tiếng Trung"
"HSK 1","19","Mục tiêu cuối cùng là uống nước.","最终目标是喝水。","喝水 = uống nước"
"HSK 1","19","Mục tiêu cuối cùng là ăn cơm.","最终目标是吃饭。","吃饭 = ăn cơm"
"HSK 1","19","Mục tiêu cuối cùng là xem tivi.","最终目标是看电视。","看电视 = xem tivi"
"HSK 1","19","Mục tiêu cuối cùng là nghe nhạc.","最终目标是听音乐。","听音乐 = nghe nhạc"
"HSK 1","19","Mục tiêu cuối cùng là đọc sách.","最终目标是看书。","看书 = đọc sách"
"HSK 1","19","Mục tiêu cuối cùng là đi học.","最终目标是上学。","上学 = đi học"
"HSK 1","19","Mục tiêu cuối cùng là về nhà.","最终目标是回家。","回家 = về nhà"
"HSK 1","19","Mục tiêu cuối cùng là mua đồ.","最终目标是买东西。","买东西 = mua đồ"
"HSK 1","19","Mục tiêu cuối cùng là ngủ.","最终目标是睡觉。","睡觉 = ngủ"
"HSK 1","20","Kết quả phụ thuộc vào việc chúng ta có thể học tiếng Trung hay không.","结果取决于我们能否学习中文。","学习中文 = học tiếng Trung"
"HSK 1","20","Kết quả phụ thuộc vào việc chúng ta có thể uống nước hay không.","结果取决于我们能否喝水。","喝水 = uống nước"
"HSK 1","20","Kết quả phụ thuộc vào việc chúng ta có thể ăn cơm hay không.","结果取决于我们能否吃饭。","吃饭 = ăn cơm"
"HSK 1","20","Kết quả phụ thuộc vào việc chúng ta có thể xem tivi hay không.","结果取决于我们能否看电视。","看电视 = xem tivi"
"HSK 1","20","Kết quả phụ thuộc vào việc chúng ta có thể nghe nhạc hay không.","结果取决于我们能否听音乐。","听音乐 = nghe nhạc"
"HSK 1","20","Kết quả phụ thuộc vào việc chúng ta có thể đọc sách hay không.","结果取决于我们能否看书。","看书 = đọc sách"
"HSK 1","20","Kết quả phụ thuộc vào việc chúng ta có thể đi học hay không.","结果取决于我们能否上学。","上学 = đi học"
"HSK 1","20","Kết quả phụ thuộc vào việc chúng ta có thể về nhà hay không.","结果取决于我们能否回家。","回家 = về nhà"
"HSK 1","20","Kết quả phụ thuộc vào việc chúng ta có thể mua đồ hay không.","结果取决于我们能否买东西。","买东西 = mua đồ"
"HSK 1","20","Kết quả phụ thuộc vào việc chúng ta có thể ngủ hay không.","结果取决于我们能否睡觉。","睡觉 = ngủ"
"HSK 2","1","Tôi thường đi làm.","我通常上班。","上班 = đi làm"
"HSK 2","1","Tôi thường đi mua đồ.","我通常买东西。","买东西 = đi mua đồ"
"HSK 2","1","Tôi thường nấu ăn.","我通常做饭。","做饭 = nấu ăn"
"HSK 2","1","Tôi thường chạy bộ.","我通常跑步。","跑步 = chạy bộ"
"HSK 2","1","Tôi thường đọc sách.","我通常看书。","看书 = đọc sách"
"HSK 2","1","Tôi thường xem phim.","我通常看电影。","看电影 = xem phim"
"HSK 2","1","Tôi thường học từ mới.","我通常学习生词。","学习生词 = học từ mới"
"HSK 2","1","Tôi thường gọi điện.","我通常打电话。","打电话 = gọi điện"
"HSK 2","1","Tôi thường đi du lịch.","我通常旅游。","旅游 = đi du lịch"
"HSK 2","1","Tôi thường nghe nhạc.","我通常听音乐。","听音乐 = nghe nhạc"
"HSK 2","2","Tôi muốn đi làm.","我想上班。","上班 = đi làm"
"HSK 2","2","Tôi muốn đi mua đồ.","我想买东西。","买东西 = đi mua đồ"
"HSK 2","2","Tôi muốn nấu ăn.","我想做饭。","做饭 = nấu ăn"
"HSK 2","2","Tôi muốn chạy bộ.","我想跑步。","跑步 = chạy bộ"
"HSK 2","2","Tôi muốn đọc sách.","我想看书。","看书 = đọc sách"
"HSK 2","2","Tôi muốn xem phim.","我想看电影。","看电影 = xem phim"
"HSK 2","2","Tôi muốn học từ mới.","我想学习生词。","学习生词 = học từ mới"
"HSK 2","2","Tôi muốn gọi điện.","我想打电话。","打电话 = gọi điện"
"HSK 2","2","Tôi muốn đi du lịch.","我想旅游。","旅游 = đi du lịch"
"HSK 2","2","Tôi muốn nghe nhạc.","我想听音乐。","听音乐 = nghe nhạc"
"HSK 2","3","Tôi đang đi làm.","我正在上班。","上班 = đi làm"
"HSK 2","3","Tôi đang đi mua đồ.","我正在买东西。","买东西 = đi mua đồ"
"HSK 2","3","Tôi đang nấu ăn.","我正在做饭。","做饭 = nấu ăn"
"HSK 2","3","Tôi đang chạy bộ.","我正在跑步。","跑步 = chạy bộ"
"HSK 2","3","Tôi đang đọc sách.","我正在看书。","看书 = đọc sách"
"HSK 2","3","Tôi đang xem phim.","我正在看电影。","看电影 = xem phim"
"HSK 2","3","Tôi đang học từ mới.","我正在学习生词。","学习生词 = học từ mới"
"HSK 2","3","Tôi đang gọi điện.","我正在打电话。","打电话 = gọi điện"
"HSK 2","3","Tôi đang đi du lịch.","我正在旅游。","旅游 = đi du lịch"
"HSK 2","3","Tôi đang nghe nhạc.","我正在听音乐。","听音乐 = nghe nhạc"
"HSK 2","4","Nếu có thời gian, tôi sẽ đi làm.","如果有时间，我就会上班。","上班 = đi làm"
"HSK 2","4","Nếu có thời gian, tôi sẽ đi mua đồ.","如果有时间，我就会买东西。","买东西 = đi mua đồ"
"HSK 2","4","Nếu có thời gian, tôi sẽ nấu ăn.","如果有时间，我就会做饭。","做饭 = nấu ăn"
"HSK 2","4","Nếu có thời gian, tôi sẽ chạy bộ.","如果有时间，我就会跑步。","跑步 = chạy bộ"
"HSK 2","4","Nếu có thời gian, tôi sẽ đọc sách.","如果有时间，我就会看书。","看书 = đọc sách"
"HSK 2","4","Nếu có thời gian, tôi sẽ xem phim.","如果有时间，我就会看电影。","看电影 = xem phim"
"HSK 2","4","Nếu có thời gian, tôi sẽ học từ mới.","如果有时间，我就会学习生词。","学习生词 = học từ mới"
"HSK 2","4","Nếu có thời gian, tôi sẽ gọi điện.","如果有时间，我就会打电话。","打电话 = gọi điện"
"HSK 2","4","Nếu có thời gian, tôi sẽ đi du lịch.","如果有时间，我就会旅游。","旅游 = đi du lịch"
"HSK 2","4","Nếu có thời gian, tôi sẽ nghe nhạc.","如果有时间，我就会听音乐。","听音乐 = nghe nhạc"
"HSK 2","5","Việc đi làm rất quan trọng.","上班很重要。","上班 = đi làm"
"HSK 2","5","Việc đi mua đồ rất quan trọng.","买东西很重要。","买东西 = đi mua đồ"
"HSK 2","5","Việc nấu ăn rất quan trọng.","做饭很重要。","做饭 = nấu ăn"
"HSK 2","5","Việc chạy bộ rất quan trọng.","跑步很重要。","跑步 = chạy bộ"
"HSK 2","5","Việc đọc sách rất quan trọng.","看书很重要。","看书 = đọc sách"
"HSK 2","5","Việc xem phim rất quan trọng.","看电影很重要。","看电影 = xem phim"
"HSK 2","5","Việc học từ mới rất quan trọng.","学习生词很重要。","学习生词 = học từ mới"
"HSK 2","5","Việc gọi điện rất quan trọng.","打电话很重要。","打电话 = gọi điện"
"HSK 2","5","Việc đi du lịch rất quan trọng.","旅游很重要。","旅游 = đi du lịch"
"HSK 2","5","Việc nghe nhạc rất quan trọng.","听音乐很重要。","听音乐 = nghe nhạc"
"HSK 2","6","Chúng ta nên cùng nhau đi làm.","我们应该一起上班。","上班 = đi làm"
"HSK 2","6","Chúng ta nên cùng nhau đi mua đồ.","我们应该一起买东西。","买东西 = đi mua đồ"
"HSK 2","6","Chúng ta nên cùng nhau nấu ăn.","我们应该一起做饭。","做饭 = nấu ăn"
"HSK 2","6","Chúng ta nên cùng nhau chạy bộ.","我们应该一起跑步。","跑步 = chạy bộ"
"HSK 2","6","Chúng ta nên cùng nhau đọc sách.","我们应该一起看书。","看书 = đọc sách"
"HSK 2","6","Chúng ta nên cùng nhau xem phim.","我们应该一起看电影。","看电影 = xem phim"
"HSK 2","6","Chúng ta nên cùng nhau học từ mới.","我们应该一起学习生词。","学习生词 = học từ mới"
"HSK 2","6","Chúng ta nên cùng nhau gọi điện.","我们应该一起打电话。","打电话 = gọi điện"
"HSK 2","6","Chúng ta nên cùng nhau đi du lịch.","我们应该一起旅游。","旅游 = đi du lịch"
"HSK 2","6","Chúng ta nên cùng nhau nghe nhạc.","我们应该一起听音乐。","听音乐 = nghe nhạc"
"HSK 2","7","Tôi đã đi làm.","我已经上班了。","上班 = đi làm"
"HSK 2","7","Tôi đã đi mua đồ.","我已经买东西了。","买东西 = đi mua đồ"
"HSK 2","7","Tôi đã nấu ăn.","我已经做饭了。","做饭 = nấu ăn"
"HSK 2","7","Tôi đã chạy bộ.","我已经跑步了。","跑步 = chạy bộ"
"HSK 2","7","Tôi đã đọc sách.","我已经看书了。","看书 = đọc sách"
"HSK 2","7","Tôi đã xem phim.","我已经看电影了。","看电影 = xem phim"
"HSK 2","7","Tôi đã học từ mới.","我已经学习生词了。","学习生词 = học từ mới"
"HSK 2","7","Tôi đã gọi điện.","我已经打电话了。","打电话 = gọi điện"
"HSK 2","7","Tôi đã đi du lịch.","我已经旅游了。","旅游 = đi du lịch"
"HSK 2","7","Tôi đã nghe nhạc.","我已经听音乐了。","听音乐 = nghe nhạc"
"HSK 2","8","Tôi chưa đi làm.","我还没上班。","上班 = đi làm"
"HSK 2","8","Tôi chưa đi mua đồ.","我还没买东西。","买东西 = đi mua đồ"
"HSK 2","8","Tôi chưa nấu ăn.","我还没做饭。","做饭 = nấu ăn"
"HSK 2","8","Tôi chưa chạy bộ.","我还没跑步。","跑步 = chạy bộ"
"HSK 2","8","Tôi chưa đọc sách.","我还没看书。","看书 = đọc sách"
"HSK 2","8","Tôi chưa xem phim.","我还没看电影。","看电影 = xem phim"
"HSK 2","8","Tôi chưa học từ mới.","我还没学习生词。","学习生词 = học từ mới"
"HSK 2","8","Tôi chưa gọi điện.","我还没打电话。","打电话 = gọi điện"
"HSK 2","8","Tôi chưa đi du lịch.","我还没旅游。","旅游 = đi du lịch"
"HSK 2","8","Tôi chưa nghe nhạc.","我还没听音乐。","听音乐 = nghe nhạc"
"HSK 2","9","Bạn có thể đi làm không?","你可以上班吗？","上班 = đi làm"
"HSK 2","9","Bạn có thể đi mua đồ không?","你可以买东西吗？","买东西 = đi mua đồ"
"HSK 2","9","Bạn có thể nấu ăn không?","你可以做饭吗？","做饭 = nấu ăn"
"HSK 2","9","Bạn có thể chạy bộ không?","你可以跑步吗？","跑步 = chạy bộ"
"HSK 2","9","Bạn có thể đọc sách không?","你可以看书吗？","看书 = đọc sách"
"HSK 2","9","Bạn có thể xem phim không?","你可以看电影吗？","看电影 = xem phim"
"HSK 2","9","Bạn có thể học từ mới không?","你可以学习生词吗？","学习生词 = học từ mới"
"HSK 2","9","Bạn có thể gọi điện không?","你可以打电话吗？","打电话 = gọi điện"
"HSK 2","9","Bạn có thể đi du lịch không?","你可以旅游吗？","旅游 = đi du lịch"
"HSK 2","9","Bạn có thể nghe nhạc không?","你可以听音乐吗？","听音乐 = nghe nhạc"
"HSK 2","10","Tôi hy vọng có thể đi làm.","我希望能够上班。","上班 = đi làm"
"HSK 2","10","Tôi hy vọng có thể đi mua đồ.","我希望能够买东西。","买东西 = đi mua đồ"
"HSK 2","10","Tôi hy vọng có thể nấu ăn.","我希望能够做饭。","做饭 = nấu ăn"
"HSK 2","10","Tôi hy vọng có thể chạy bộ.","我希望能够跑步。","跑步 = chạy bộ"
"HSK 2","10","Tôi hy vọng có thể đọc sách.","我希望能够看书。","看书 = đọc sách"
"HSK 2","10","Tôi hy vọng có thể xem phim.","我希望能够看电影。","看电影 = xem phim"
"HSK 2","10","Tôi hy vọng có thể học từ mới.","我希望能够学习生词。","学习生词 = học từ mới"
"HSK 2","10","Tôi hy vọng có thể gọi điện.","我希望能够打电话。","打电话 = gọi điện"
"HSK 2","10","Tôi hy vọng có thể đi du lịch.","我希望能够旅游。","旅游 = đi du lịch"
"HSK 2","10","Tôi hy vọng có thể nghe nhạc.","我希望能够听音乐。","听音乐 = nghe nhạc"
"HSK 2","11","Sau khi đi làm, tôi hiểu hơn.","上班以后，我更明白了。","上班 = đi làm"
"HSK 2","11","Sau khi đi mua đồ, tôi hiểu hơn.","买东西以后，我更明白了。","买东西 = đi mua đồ"
"HSK 2","11","Sau khi nấu ăn, tôi hiểu hơn.","做饭以后，我更明白了。","做饭 = nấu ăn"
"HSK 2","11","Sau khi chạy bộ, tôi hiểu hơn.","跑步以后，我更明白了。","跑步 = chạy bộ"
"HSK 2","11","Sau khi đọc sách, tôi hiểu hơn.","看书以后，我更明白了。","看书 = đọc sách"
"HSK 2","11","Sau khi xem phim, tôi hiểu hơn.","看电影以后，我更明白了。","看电影 = xem phim"
"HSK 2","11","Sau khi học từ mới, tôi hiểu hơn.","学习生词以后，我更明白了。","学习生词 = học từ mới"
"HSK 2","11","Sau khi gọi điện, tôi hiểu hơn.","打电话以后，我更明白了。","打电话 = gọi điện"
"HSK 2","11","Sau khi đi du lịch, tôi hiểu hơn.","旅游以后，我更明白了。","旅游 = đi du lịch"
"HSK 2","11","Sau khi nghe nhạc, tôi hiểu hơn.","听音乐以后，我更明白了。","听音乐 = nghe nhạc"
"HSK 2","12","Trước khi đi làm, hãy chuẩn bị kỹ.","上班以前，请做好准备。","上班 = đi làm"
"HSK 2","12","Trước khi đi mua đồ, hãy chuẩn bị kỹ.","买东西以前，请做好准备。","买东西 = đi mua đồ"
"HSK 2","12","Trước khi nấu ăn, hãy chuẩn bị kỹ.","做饭以前，请做好准备。","做饭 = nấu ăn"
"HSK 2","12","Trước khi chạy bộ, hãy chuẩn bị kỹ.","跑步以前，请做好准备。","跑步 = chạy bộ"
"HSK 2","12","Trước khi đọc sách, hãy chuẩn bị kỹ.","看书以前，请做好准备。","看书 = đọc sách"
"HSK 2","12","Trước khi xem phim, hãy chuẩn bị kỹ.","看电影以前，请做好准备。","看电影 = xem phim"
"HSK 2","12","Trước khi học từ mới, hãy chuẩn bị kỹ.","学习生词以前，请做好准备。","学习生词 = học từ mới"
"HSK 2","12","Trước khi gọi điện, hãy chuẩn bị kỹ.","打电话以前，请做好准备。","打电话 = gọi điện"
"HSK 2","12","Trước khi đi du lịch, hãy chuẩn bị kỹ.","旅游以前，请做好准备。","旅游 = đi du lịch"
"HSK 2","12","Trước khi nghe nhạc, hãy chuẩn bị kỹ.","听音乐以前，请做好准备。","听音乐 = nghe nhạc"
"HSK 2","13","Tôi không biết làm thế nào để đi làm.","我不知道怎么上班。","上班 = đi làm"
"HSK 2","13","Tôi không biết làm thế nào để đi mua đồ.","我不知道怎么买东西。","买东西 = đi mua đồ"
"HSK 2","13","Tôi không biết làm thế nào để nấu ăn.","我不知道怎么做饭。","做饭 = nấu ăn"
"HSK 2","13","Tôi không biết làm thế nào để chạy bộ.","我不知道怎么跑步。","跑步 = chạy bộ"
"HSK 2","13","Tôi không biết làm thế nào để đọc sách.","我不知道怎么看书。","看书 = đọc sách"
"HSK 2","13","Tôi không biết làm thế nào để xem phim.","我不知道怎么看电影。","看电影 = xem phim"
"HSK 2","13","Tôi không biết làm thế nào để học từ mới.","我不知道怎么学习生词。","学习生词 = học từ mới"
"HSK 2","13","Tôi không biết làm thế nào để gọi điện.","我不知道怎么打电话。","打电话 = gọi điện"
"HSK 2","13","Tôi không biết làm thế nào để đi du lịch.","我不知道怎么旅游。","旅游 = đi du lịch"
"HSK 2","13","Tôi không biết làm thế nào để nghe nhạc.","我不知道怎么听音乐。","听音乐 = nghe nhạc"
"HSK 2","14","Tôi tin rằng việc đi làm sẽ có kết quả tốt.","我相信上班会有好结果。","上班 = đi làm"
"HSK 2","14","Tôi tin rằng việc đi mua đồ sẽ có kết quả tốt.","我相信买东西会有好结果。","买东西 = đi mua đồ"
"HSK 2","14","Tôi tin rằng việc nấu ăn sẽ có kết quả tốt.","我相信做饭会有好结果。","做饭 = nấu ăn"
"HSK 2","14","Tôi tin rằng việc chạy bộ sẽ có kết quả tốt.","我相信跑步会有好结果。","跑步 = chạy bộ"
"HSK 2","14","Tôi tin rằng việc đọc sách sẽ có kết quả tốt.","我相信看书会有好结果。","看书 = đọc sách"
"HSK 2","14","Tôi tin rằng việc xem phim sẽ có kết quả tốt.","我相信看电影会有好结果。","看电影 = xem phim"
"HSK 2","14","Tôi tin rằng việc học từ mới sẽ có kết quả tốt.","我相信学习生词会有好结果。","学习生词 = học từ mới"
"HSK 2","14","Tôi tin rằng việc gọi điện sẽ có kết quả tốt.","我相信打电话会有好结果。","打电话 = gọi điện"
"HSK 2","14","Tôi tin rằng việc đi du lịch sẽ có kết quả tốt.","我相信旅游会有好结果。","旅游 = đi du lịch"
"HSK 2","14","Tôi tin rằng việc nghe nhạc sẽ có kết quả tốt.","我相信听音乐会有好结果。","听音乐 = nghe nhạc"
"HSK 2","15","Nếu không đi làm, vấn đề sẽ nghiêm trọng hơn.","如果不上班，问题会更严重。","上班 = đi làm"
"HSK 2","15","Nếu không đi mua đồ, vấn đề sẽ nghiêm trọng hơn.","如果不买东西，问题会更严重。","买东西 = đi mua đồ"
"HSK 2","15","Nếu không nấu ăn, vấn đề sẽ nghiêm trọng hơn.","如果不做饭，问题会更严重。","做饭 = nấu ăn"
"HSK 2","15","Nếu không chạy bộ, vấn đề sẽ nghiêm trọng hơn.","如果不跑步，问题会更严重。","跑步 = chạy bộ"
"HSK 2","15","Nếu không đọc sách, vấn đề sẽ nghiêm trọng hơn.","如果不看书，问题会更严重。","看书 = đọc sách"
"HSK 2","15","Nếu không xem phim, vấn đề sẽ nghiêm trọng hơn.","如果不看电影，问题会更严重。","看电影 = xem phim"
"HSK 2","15","Nếu không học từ mới, vấn đề sẽ nghiêm trọng hơn.","如果不学习生词，问题会更严重。","学习生词 = học từ mới"
"HSK 2","15","Nếu không gọi điện, vấn đề sẽ nghiêm trọng hơn.","如果不打电话，问题会更严重。","打电话 = gọi điện"
"HSK 2","15","Nếu không đi du lịch, vấn đề sẽ nghiêm trọng hơn.","如果不旅游，问题会更严重。","旅游 = đi du lịch"
"HSK 2","15","Nếu không nghe nhạc, vấn đề sẽ nghiêm trọng hơn.","如果不听音乐，问题会更严重。","听音乐 = nghe nhạc"
"HSK 2","16","Tôi muốn biết cách đi làm hiệu quả hơn.","我想知道如何更有效地上班。","上班 = đi làm"
"HSK 2","16","Tôi muốn biết cách đi mua đồ hiệu quả hơn.","我想知道如何更有效地买东西。","买东西 = đi mua đồ"
"HSK 2","16","Tôi muốn biết cách nấu ăn hiệu quả hơn.","我想知道如何更有效地做饭。","做饭 = nấu ăn"
"HSK 2","16","Tôi muốn biết cách chạy bộ hiệu quả hơn.","我想知道如何更有效地跑步。","跑步 = chạy bộ"
"HSK 2","16","Tôi muốn biết cách đọc sách hiệu quả hơn.","我想知道如何更有效地看书。","看书 = đọc sách"
"HSK 2","16","Tôi muốn biết cách xem phim hiệu quả hơn.","我想知道如何更有效地看电影。","看电影 = xem phim"
"HSK 2","16","Tôi muốn biết cách học từ mới hiệu quả hơn.","我想知道如何更有效地学习生词。","学习生词 = học từ mới"
"HSK 2","16","Tôi muốn biết cách gọi điện hiệu quả hơn.","我想知道如何更有效地打电话。","打电话 = gọi điện"
"HSK 2","16","Tôi muốn biết cách đi du lịch hiệu quả hơn.","我想知道如何更有效地旅游。","旅游 = đi du lịch"
"HSK 2","16","Tôi muốn biết cách nghe nhạc hiệu quả hơn.","我想知道如何更有效地听音乐。","听音乐 = nghe nhạc"
"HSK 2","17","Việc đi làm đòi hỏi nhiều thời gian.","上班需要很多时间。","上班 = đi làm"
"HSK 2","17","Việc đi mua đồ đòi hỏi nhiều thời gian.","买东西需要很多时间。","买东西 = đi mua đồ"
"HSK 2","17","Việc nấu ăn đòi hỏi nhiều thời gian.","做饭需要很多时间。","做饭 = nấu ăn"
"HSK 2","17","Việc chạy bộ đòi hỏi nhiều thời gian.","跑步需要很多时间。","跑步 = chạy bộ"
"HSK 2","17","Việc đọc sách đòi hỏi nhiều thời gian.","看书需要很多时间。","看书 = đọc sách"
"HSK 2","17","Việc xem phim đòi hỏi nhiều thời gian.","看电影需要很多时间。","看电影 = xem phim"
"HSK 2","17","Việc học từ mới đòi hỏi nhiều thời gian.","学习生词需要很多时间。","学习生词 = học từ mới"
"HSK 2","17","Việc gọi điện đòi hỏi nhiều thời gian.","打电话需要很多时间。","打电话 = gọi điện"
"HSK 2","17","Việc đi du lịch đòi hỏi nhiều thời gian.","旅游需要很多时间。","旅游 = đi du lịch"
"HSK 2","17","Việc nghe nhạc đòi hỏi nhiều thời gian.","听音乐需要很多时间。","听音乐 = nghe nhạc"
"HSK 2","18","Các chuyên gia đang nghiên cứu làm thế nào để đi làm.","专家正在研究如何上班。","上班 = đi làm"
"HSK 2","18","Các chuyên gia đang nghiên cứu làm thế nào để đi mua đồ.","专家正在研究如何买东西。","买东西 = đi mua đồ"
"HSK 2","18","Các chuyên gia đang nghiên cứu làm thế nào để nấu ăn.","专家正在研究如何做饭。","做饭 = nấu ăn"
"HSK 2","18","Các chuyên gia đang nghiên cứu làm thế nào để chạy bộ.","专家正在研究如何跑步。","跑步 = chạy bộ"
"HSK 2","18","Các chuyên gia đang nghiên cứu làm thế nào để đọc sách.","专家正在研究如何看书。","看书 = đọc sách"
"HSK 2","18","Các chuyên gia đang nghiên cứu làm thế nào để xem phim.","专家正在研究如何看电影。","看电影 = xem phim"
"HSK 2","18","Các chuyên gia đang nghiên cứu làm thế nào để học từ mới.","专家正在研究如何学习生词。","学习生词 = học từ mới"
"HSK 2","18","Các chuyên gia đang nghiên cứu làm thế nào để gọi điện.","专家正在研究如何打电话。","打电话 = gọi điện"
"HSK 2","18","Các chuyên gia đang nghiên cứu làm thế nào để đi du lịch.","专家正在研究如何旅游。","旅游 = đi du lịch"
"HSK 2","18","Các chuyên gia đang nghiên cứu làm thế nào để nghe nhạc.","专家正在研究如何听音乐。","听音乐 = nghe nhạc"
"HSK 2","19","Mục tiêu cuối cùng là đi làm.","最终目标是上班。","上班 = đi làm"
"HSK 2","19","Mục tiêu cuối cùng là đi mua đồ.","最终目标是买东西。","买东西 = đi mua đồ"
"HSK 2","19","Mục tiêu cuối cùng là nấu ăn.","最终目标是做饭。","做饭 = nấu ăn"
"HSK 2","19","Mục tiêu cuối cùng là chạy bộ.","最终目标是跑步。","跑步 = chạy bộ"
"HSK 2","19","Mục tiêu cuối cùng là đọc sách.","最终目标是看书。","看书 = đọc sách"
"HSK 2","19","Mục tiêu cuối cùng là xem phim.","最终目标是看电影。","看电影 = xem phim"
"HSK 2","19","Mục tiêu cuối cùng là học từ mới.","最终目标是学习生词。","学习生词 = học từ mới"
"HSK 2","19","Mục tiêu cuối cùng là gọi điện.","最终目标是打电话。","打电话 = gọi điện"
"HSK 2","19","Mục tiêu cuối cùng là đi du lịch.","最终目标是旅游。","旅游 = đi du lịch"
"HSK 2","19","Mục tiêu cuối cùng là nghe nhạc.","最终目标是听音乐。","听音乐 = nghe nhạc"
"HSK 2","20","Kết quả phụ thuộc vào việc chúng ta có thể đi làm hay không.","结果取决于我们能否上班。","上班 = đi làm"
"HSK 2","20","Kết quả phụ thuộc vào việc chúng ta có thể đi mua đồ hay không.","结果取决于我们能否买东西。","买东西 = đi mua đồ"
"HSK 2","20","Kết quả phụ thuộc vào việc chúng ta có thể nấu ăn hay không.","结果取决于我们能否做饭。","做饭 = nấu ăn"
"HSK 2","20","Kết quả phụ thuộc vào việc chúng ta có thể chạy bộ hay không.","结果取决于我们能否跑步。","跑步 = chạy bộ"
"HSK 2","20","Kết quả phụ thuộc vào việc chúng ta có thể đọc sách hay không.","结果取决于我们能否看书。","看书 = đọc sách"
"HSK 2","20","Kết quả phụ thuộc vào việc chúng ta có thể xem phim hay không.","结果取决于我们能否看电影。","看电影 = xem phim"
"HSK 2","20","Kết quả phụ thuộc vào việc chúng ta có thể học từ mới hay không.","结果取决于我们能否学习生词。","学习生词 = học từ mới"
"HSK 2","20","Kết quả phụ thuộc vào việc chúng ta có thể gọi điện hay không.","结果取决于我们能否打电话。","打电话 = gọi điện"
"HSK 2","20","Kết quả phụ thuộc vào việc chúng ta có thể đi du lịch hay không.","结果取决于我们能否旅游。","旅游 = đi du lịch"
"HSK 2","20","Kết quả phụ thuộc vào việc chúng ta có thể nghe nhạc hay không.","结果取决于我们能否听音乐。","听音乐 = nghe nhạc"
"HSK 3","1","Tôi thường đọc báo.","我通常看报纸。","看报纸 = đọc báo"
"HSK 3","1","Tôi thường đặt vé máy bay.","我通常订机票。","订机票 = đặt vé máy bay"
"HSK 3","1","Tôi thường tham gia hoạt động.","我通常参加活动。","参加活动 = tham gia hoạt động"
"HSK 3","1","Tôi thường giải quyết vấn đề.","我通常解决问题。","解决问题 = giải quyết vấn đề"
"HSK 3","1","Tôi thường luyện phát âm.","我通常练习发音。","练习发音 = luyện phát âm"
"HSK 3","1","Tôi thường thảo luận kế hoạch.","我通常讨论计划。","讨论计划 = thảo luận kế hoạch"
"HSK 3","1","Tôi thường bảo vệ môi trường.","我通常保护环境。","保护环境 = bảo vệ môi trường"
"HSK 3","1","Tôi thường thay đổi thói quen.","我通常改变习惯。","改变习惯 = thay đổi thói quen"
"HSK 3","1","Tôi thường du lịch nước ngoài.","我通常出国旅游。","出国旅游 = du lịch nước ngoài"
"HSK 3","1","Tôi thường tìm kiếm thông tin.","我通常寻找信息。","寻找信息 = tìm kiếm thông tin"
"HSK 3","2","Tôi muốn đọc báo.","我想看报纸。","看报纸 = đọc báo"
"HSK 3","2","Tôi muốn đặt vé máy bay.","我想订机票。","订机票 = đặt vé máy bay"
"HSK 3","2","Tôi muốn tham gia hoạt động.","我想参加活动。","参加活动 = tham gia hoạt động"
"HSK 3","2","Tôi muốn giải quyết vấn đề.","我想解决问题。","解决问题 = giải quyết vấn đề"
"HSK 3","2","Tôi muốn luyện phát âm.","我想练习发音。","练习发音 = luyện phát âm"
"HSK 3","2","Tôi muốn thảo luận kế hoạch.","我想讨论计划。","讨论计划 = thảo luận kế hoạch"
"HSK 3","2","Tôi muốn bảo vệ môi trường.","我想保护环境。","保护环境 = bảo vệ môi trường"
"HSK 3","2","Tôi muốn thay đổi thói quen.","我想改变习惯。","改变习惯 = thay đổi thói quen"
"HSK 3","2","Tôi muốn du lịch nước ngoài.","我想出国旅游。","出国旅游 = du lịch nước ngoài"
"HSK 3","2","Tôi muốn tìm kiếm thông tin.","我想寻找信息。","寻找信息 = tìm kiếm thông tin"
"HSK 3","3","Tôi đang đọc báo.","我正在看报纸。","看报纸 = đọc báo"
"HSK 3","3","Tôi đang đặt vé máy bay.","我正在订机票。","订机票 = đặt vé máy bay"
"HSK 3","3","Tôi đang tham gia hoạt động.","我正在参加活动。","参加活动 = tham gia hoạt động"
"HSK 3","3","Tôi đang giải quyết vấn đề.","我正在解决问题。","解决问题 = giải quyết vấn đề"
"HSK 3","3","Tôi đang luyện phát âm.","我正在练习发音。","练习发音 = luyện phát âm"
"HSK 3","3","Tôi đang thảo luận kế hoạch.","我正在讨论计划。","讨论计划 = thảo luận kế hoạch"
"HSK 3","3","Tôi đang bảo vệ môi trường.","我正在保护环境。","保护环境 = bảo vệ môi trường"
"HSK 3","3","Tôi đang thay đổi thói quen.","我正在改变习惯。","改变习惯 = thay đổi thói quen"
"HSK 3","3","Tôi đang du lịch nước ngoài.","我正在出国旅游。","出国旅游 = du lịch nước ngoài"
"HSK 3","3","Tôi đang tìm kiếm thông tin.","我正在寻找信息。","寻找信息 = tìm kiếm thông tin"
"HSK 3","4","Nếu có thời gian, tôi sẽ đọc báo.","如果有时间，我就会看报纸。","看报纸 = đọc báo"
"HSK 3","4","Nếu có thời gian, tôi sẽ đặt vé máy bay.","如果有时间，我就会订机票。","订机票 = đặt vé máy bay"
"HSK 3","4","Nếu có thời gian, tôi sẽ tham gia hoạt động.","如果有时间，我就会参加活动。","参加活动 = tham gia hoạt động"
"HSK 3","4","Nếu có thời gian, tôi sẽ giải quyết vấn đề.","如果有时间，我就会解决问题。","解决问题 = giải quyết vấn đề"
"HSK 3","4","Nếu có thời gian, tôi sẽ luyện phát âm.","如果有时间，我就会练习发音。","练习发音 = luyện phát âm"
"HSK 3","4","Nếu có thời gian, tôi sẽ thảo luận kế hoạch.","如果有时间，我就会讨论计划。","讨论计划 = thảo luận kế hoạch"
"HSK 3","4","Nếu có thời gian, tôi sẽ bảo vệ môi trường.","如果有时间，我就会保护环境。","保护环境 = bảo vệ môi trường"
"HSK 3","4","Nếu có thời gian, tôi sẽ thay đổi thói quen.","如果有时间，我就会改变习惯。","改变习惯 = thay đổi thói quen"
"HSK 3","4","Nếu có thời gian, tôi sẽ du lịch nước ngoài.","如果有时间，我就会出国旅游。","出国旅游 = du lịch nước ngoài"
"HSK 3","4","Nếu có thời gian, tôi sẽ tìm kiếm thông tin.","如果有时间，我就会寻找信息。","寻找信息 = tìm kiếm thông tin"
"HSK 3","5","Việc đọc báo rất quan trọng.","看报纸很重要。","看报纸 = đọc báo"
"HSK 3","5","Việc đặt vé máy bay rất quan trọng.","订机票很重要。","订机票 = đặt vé máy bay"
"HSK 3","5","Việc tham gia hoạt động rất quan trọng.","参加活动很重要。","参加活动 = tham gia hoạt động"
"HSK 3","5","Việc giải quyết vấn đề rất quan trọng.","解决问题很重要。","解决问题 = giải quyết vấn đề"
"HSK 3","5","Việc luyện phát âm rất quan trọng.","练习发音很重要。","练习发音 = luyện phát âm"
"HSK 3","5","Việc thảo luận kế hoạch rất quan trọng.","讨论计划很重要。","讨论计划 = thảo luận kế hoạch"
"HSK 3","5","Việc bảo vệ môi trường rất quan trọng.","保护环境很重要。","保护环境 = bảo vệ môi trường"
"HSK 3","5","Việc thay đổi thói quen rất quan trọng.","改变习惯很重要。","改变习惯 = thay đổi thói quen"
"HSK 3","5","Việc du lịch nước ngoài rất quan trọng.","出国旅游很重要。","出国旅游 = du lịch nước ngoài"
"HSK 3","5","Việc tìm kiếm thông tin rất quan trọng.","寻找信息很重要。","寻找信息 = tìm kiếm thông tin"
"HSK 3","6","Chúng ta nên cùng nhau đọc báo.","我们应该一起看报纸。","看报纸 = đọc báo"
"HSK 3","6","Chúng ta nên cùng nhau đặt vé máy bay.","我们应该一起订机票。","订机票 = đặt vé máy bay"
"HSK 3","6","Chúng ta nên cùng nhau tham gia hoạt động.","我们应该一起参加活动。","参加活动 = tham gia hoạt động"
"HSK 3","6","Chúng ta nên cùng nhau giải quyết vấn đề.","我们应该一起解决问题。","解决问题 = giải quyết vấn đề"
"HSK 3","6","Chúng ta nên cùng nhau luyện phát âm.","我们应该一起练习发音。","练习发音 = luyện phát âm"
"HSK 3","6","Chúng ta nên cùng nhau thảo luận kế hoạch.","我们应该一起讨论计划。","讨论计划 = thảo luận kế hoạch"
"HSK 3","6","Chúng ta nên cùng nhau bảo vệ môi trường.","我们应该一起保护环境。","保护环境 = bảo vệ môi trường"
"HSK 3","6","Chúng ta nên cùng nhau thay đổi thói quen.","我们应该一起改变习惯。","改变习惯 = thay đổi thói quen"
"HSK 3","6","Chúng ta nên cùng nhau du lịch nước ngoài.","我们应该一起出国旅游。","出国旅游 = du lịch nước ngoài"
"HSK 3","6","Chúng ta nên cùng nhau tìm kiếm thông tin.","我们应该一起寻找信息。","寻找信息 = tìm kiếm thông tin"
"HSK 3","7","Tôi đã đọc báo.","我已经看报纸了。","看报纸 = đọc báo"
"HSK 3","7","Tôi đã đặt vé máy bay.","我已经订机票了。","订机票 = đặt vé máy bay"
"HSK 3","7","Tôi đã tham gia hoạt động.","我已经参加活动了。","参加活动 = tham gia hoạt động"
"HSK 3","7","Tôi đã giải quyết vấn đề.","我已经解决问题了。","解决问题 = giải quyết vấn đề"
"HSK 3","7","Tôi đã luyện phát âm.","我已经练习发音了。","练习发音 = luyện phát âm"
"HSK 3","7","Tôi đã thảo luận kế hoạch.","我已经讨论计划了。","讨论计划 = thảo luận kế hoạch"
"HSK 3","7","Tôi đã bảo vệ môi trường.","我已经保护环境了。","保护环境 = bảo vệ môi trường"
"HSK 3","7","Tôi đã thay đổi thói quen.","我已经改变习惯了。","改变习惯 = thay đổi thói quen"
"HSK 3","7","Tôi đã du lịch nước ngoài.","我已经出国旅游了。","出国旅游 = du lịch nước ngoài"
"HSK 3","7","Tôi đã tìm kiếm thông tin.","我已经寻找信息了。","寻找信息 = tìm kiếm thông tin"
"HSK 3","8","Tôi chưa đọc báo.","我还没看报纸。","看报纸 = đọc báo"
"HSK 3","8","Tôi chưa đặt vé máy bay.","我还没订机票。","订机票 = đặt vé máy bay"
"HSK 3","8","Tôi chưa tham gia hoạt động.","我还没参加活动。","参加活动 = tham gia hoạt động"
"HSK 3","8","Tôi chưa giải quyết vấn đề.","我还没解决问题。","解决问题 = giải quyết vấn đề"
"HSK 3","8","Tôi chưa luyện phát âm.","我还没练习发音。","练习发音 = luyện phát âm"
"HSK 3","8","Tôi chưa thảo luận kế hoạch.","我还没讨论计划。","讨论计划 = thảo luận kế hoạch"
"HSK 3","8","Tôi chưa bảo vệ môi trường.","我还没保护环境。","保护环境 = bảo vệ môi trường"
"HSK 3","8","Tôi chưa thay đổi thói quen.","我还没改变习惯。","改变习惯 = thay đổi thói quen"
"HSK 3","8","Tôi chưa du lịch nước ngoài.","我还没出国旅游。","出国旅游 = du lịch nước ngoài"
"HSK 3","8","Tôi chưa tìm kiếm thông tin.","我还没寻找信息。","寻找信息 = tìm kiếm thông tin"
"HSK 3","9","Bạn có thể đọc báo không?","你可以看报纸吗？","看报纸 = đọc báo"
"HSK 3","9","Bạn có thể đặt vé máy bay không?","你可以订机票吗？","订机票 = đặt vé máy bay"
"HSK 3","9","Bạn có thể tham gia hoạt động không?","你可以参加活动吗？","参加活动 = tham gia hoạt động"
"HSK 3","9","Bạn có thể giải quyết vấn đề không?","你可以解决问题吗？","解决问题 = giải quyết vấn đề"
"HSK 3","9","Bạn có thể luyện phát âm không?","你可以练习发音吗？","练习发音 = luyện phát âm"
"HSK 3","9","Bạn có thể thảo luận kế hoạch không?","你可以讨论计划吗？","讨论计划 = thảo luận kế hoạch"
"HSK 3","9","Bạn có thể bảo vệ môi trường không?","你可以保护环境吗？","保护环境 = bảo vệ môi trường"
"HSK 3","9","Bạn có thể thay đổi thói quen không?","你可以改变习惯吗？","改变习惯 = thay đổi thói quen"
"HSK 3","9","Bạn có thể du lịch nước ngoài không?","你可以出国旅游吗？","出国旅游 = du lịch nước ngoài"
"HSK 3","9","Bạn có thể tìm kiếm thông tin không?","你可以寻找信息吗？","寻找信息 = tìm kiếm thông tin"
"HSK 3","10","Tôi hy vọng có thể đọc báo.","我希望能够看报纸。","看报纸 = đọc báo"
"HSK 3","10","Tôi hy vọng có thể đặt vé máy bay.","我希望能够订机票。","订机票 = đặt vé máy bay"
"HSK 3","10","Tôi hy vọng có thể tham gia hoạt động.","我希望能够参加活动。","参加活动 = tham gia hoạt động"
"HSK 3","10","Tôi hy vọng có thể giải quyết vấn đề.","我希望能够解决问题。","解决问题 = giải quyết vấn đề"
"HSK 3","10","Tôi hy vọng có thể luyện phát âm.","我希望能够练习发音。","练习发音 = luyện phát âm"
"HSK 3","10","Tôi hy vọng có thể thảo luận kế hoạch.","我希望能够讨论计划。","讨论计划 = thảo luận kế hoạch"
"HSK 3","10","Tôi hy vọng có thể bảo vệ môi trường.","我希望能够保护环境。","保护环境 = bảo vệ môi trường"
"HSK 3","10","Tôi hy vọng có thể thay đổi thói quen.","我希望能够改变习惯。","改变习惯 = thay đổi thói quen"
"HSK 3","10","Tôi hy vọng có thể du lịch nước ngoài.","我希望能够出国旅游。","出国旅游 = du lịch nước ngoài"
"HSK 3","10","Tôi hy vọng có thể tìm kiếm thông tin.","我希望能够寻找信息。","寻找信息 = tìm kiếm thông tin"
"HSK 3","11","Sau khi đọc báo, tôi hiểu hơn.","看报纸以后，我更明白了。","看报纸 = đọc báo"
"HSK 3","11","Sau khi đặt vé máy bay, tôi hiểu hơn.","订机票以后，我更明白了。","订机票 = đặt vé máy bay"
"HSK 3","11","Sau khi tham gia hoạt động, tôi hiểu hơn.","参加活动以后，我更明白了。","参加活动 = tham gia hoạt động"
"HSK 3","11","Sau khi giải quyết vấn đề, tôi hiểu hơn.","解决问题以后，我更明白了。","解决问题 = giải quyết vấn đề"
"HSK 3","11","Sau khi luyện phát âm, tôi hiểu hơn.","练习发音以后，我更明白了。","练习发音 = luyện phát âm"
"HSK 3","11","Sau khi thảo luận kế hoạch, tôi hiểu hơn.","讨论计划以后，我更明白了。","讨论计划 = thảo luận kế hoạch"
"HSK 3","11","Sau khi bảo vệ môi trường, tôi hiểu hơn.","保护环境以后，我更明白了。","保护环境 = bảo vệ môi trường"
"HSK 3","11","Sau khi thay đổi thói quen, tôi hiểu hơn.","改变习惯以后，我更明白了。","改变习惯 = thay đổi thói quen"
"HSK 3","11","Sau khi du lịch nước ngoài, tôi hiểu hơn.","出国旅游以后，我更明白了。","出国旅游 = du lịch nước ngoài"
"HSK 3","11","Sau khi tìm kiếm thông tin, tôi hiểu hơn.","寻找信息以后，我更明白了。","寻找信息 = tìm kiếm thông tin"
"HSK 3","12","Trước khi đọc báo, hãy chuẩn bị kỹ.","看报纸以前，请做好准备。","看报纸 = đọc báo"
"HSK 3","12","Trước khi đặt vé máy bay, hãy chuẩn bị kỹ.","订机票以前，请做好准备。","订机票 = đặt vé máy bay"
"HSK 3","12","Trước khi tham gia hoạt động, hãy chuẩn bị kỹ.","参加活动以前，请做好准备。","参加活动 = tham gia hoạt động"
"HSK 3","12","Trước khi giải quyết vấn đề, hãy chuẩn bị kỹ.","解决问题以前，请做好准备。","解决问题 = giải quyết vấn đề"
"HSK 3","12","Trước khi luyện phát âm, hãy chuẩn bị kỹ.","练习发音以前，请做好准备。","练习发音 = luyện phát âm"
"HSK 3","12","Trước khi thảo luận kế hoạch, hãy chuẩn bị kỹ.","讨论计划以前，请做好准备。","讨论计划 = thảo luận kế hoạch"
"HSK 3","12","Trước khi bảo vệ môi trường, hãy chuẩn bị kỹ.","保护环境以前，请做好准备。","保护环境 = bảo vệ môi trường"
"HSK 3","12","Trước khi thay đổi thói quen, hãy chuẩn bị kỹ.","改变习惯以前，请做好准备。","改变习惯 = thay đổi thói quen"
"HSK 3","12","Trước khi du lịch nước ngoài, hãy chuẩn bị kỹ.","出国旅游以前，请做好准备。","出国旅游 = du lịch nước ngoài"
"HSK 3","12","Trước khi tìm kiếm thông tin, hãy chuẩn bị kỹ.","寻找信息以前，请做好准备。","寻找信息 = tìm kiếm thông tin"
"HSK 3","13","Tôi không biết làm thế nào để đọc báo.","我不知道怎么看报纸。","看报纸 = đọc báo"
"HSK 3","13","Tôi không biết làm thế nào để đặt vé máy bay.","我不知道怎么订机票。","订机票 = đặt vé máy bay"
"HSK 3","13","Tôi không biết làm thế nào để tham gia hoạt động.","我不知道怎么参加活动。","参加活动 = tham gia hoạt động"
"HSK 3","13","Tôi không biết làm thế nào để giải quyết vấn đề.","我不知道怎么解决问题。","解决问题 = giải quyết vấn đề"
"HSK 3","13","Tôi không biết làm thế nào để luyện phát âm.","我不知道怎么练习发音。","练习发音 = luyện phát âm"
"HSK 3","13","Tôi không biết làm thế nào để thảo luận kế hoạch.","我不知道怎么讨论计划。","讨论计划 = thảo luận kế hoạch"
"HSK 3","13","Tôi không biết làm thế nào để bảo vệ môi trường.","我不知道怎么保护环境。","保护环境 = bảo vệ môi trường"
"HSK 3","13","Tôi không biết làm thế nào để thay đổi thói quen.","我不知道怎么改变习惯。","改变习惯 = thay đổi thói quen"
"HSK 3","13","Tôi không biết làm thế nào để du lịch nước ngoài.","我不知道怎么出国旅游。","出国旅游 = du lịch nước ngoài"
"HSK 3","13","Tôi không biết làm thế nào để tìm kiếm thông tin.","我不知道怎么寻找信息。","寻找信息 = tìm kiếm thông tin"
"HSK 3","14","Tôi tin rằng việc đọc báo sẽ có kết quả tốt.","我相信看报纸会有好结果。","看报纸 = đọc báo"
"HSK 3","14","Tôi tin rằng việc đặt vé máy bay sẽ có kết quả tốt.","我相信订机票会有好结果。","订机票 = đặt vé máy bay"
"HSK 3","14","Tôi tin rằng việc tham gia hoạt động sẽ có kết quả tốt.","我相信参加活动会有好结果。","参加活动 = tham gia hoạt động"
"HSK 3","14","Tôi tin rằng việc giải quyết vấn đề sẽ có kết quả tốt.","我相信解决问题会有好结果。","解决问题 = giải quyết vấn đề"
"HSK 3","14","Tôi tin rằng việc luyện phát âm sẽ có kết quả tốt.","我相信练习发音会有好结果。","练习发音 = luyện phát âm"
"HSK 3","14","Tôi tin rằng việc thảo luận kế hoạch sẽ có kết quả tốt.","我相信讨论计划会有好结果。","讨论计划 = thảo luận kế hoạch"
"HSK 3","14","Tôi tin rằng việc bảo vệ môi trường sẽ có kết quả tốt.","我相信保护环境会有好结果。","保护环境 = bảo vệ môi trường"
"HSK 3","14","Tôi tin rằng việc thay đổi thói quen sẽ có kết quả tốt.","我相信改变习惯会有好结果。","改变习惯 = thay đổi thói quen"
"HSK 3","14","Tôi tin rằng việc du lịch nước ngoài sẽ có kết quả tốt.","我相信出国旅游会有好结果。","出国旅游 = du lịch nước ngoài"
"HSK 3","14","Tôi tin rằng việc tìm kiếm thông tin sẽ có kết quả tốt.","我相信寻找信息会有好结果。","寻找信息 = tìm kiếm thông tin"
"HSK 3","15","Nếu không đọc báo, vấn đề sẽ nghiêm trọng hơn.","如果不看报纸，问题会更严重。","看报纸 = đọc báo"
"HSK 3","15","Nếu không đặt vé máy bay, vấn đề sẽ nghiêm trọng hơn.","如果不订机票，问题会更严重。","订机票 = đặt vé máy bay"
"HSK 3","15","Nếu không tham gia hoạt động, vấn đề sẽ nghiêm trọng hơn.","如果不参加活动，问题会更严重。","参加活动 = tham gia hoạt động"
"HSK 3","15","Nếu không giải quyết vấn đề, vấn đề sẽ nghiêm trọng hơn.","如果不解决问题，问题会更严重。","解决问题 = giải quyết vấn đề"
"HSK 3","15","Nếu không luyện phát âm, vấn đề sẽ nghiêm trọng hơn.","如果不练习发音，问题会更严重。","练习发音 = luyện phát âm"
"HSK 3","15","Nếu không thảo luận kế hoạch, vấn đề sẽ nghiêm trọng hơn.","如果不讨论计划，问题会更严重。","讨论计划 = thảo luận kế hoạch"
"HSK 3","15","Nếu không bảo vệ môi trường, vấn đề sẽ nghiêm trọng hơn.","如果不保护环境，问题会更严重。","保护环境 = bảo vệ môi trường"
"HSK 3","15","Nếu không thay đổi thói quen, vấn đề sẽ nghiêm trọng hơn.","如果不改变习惯，问题会更严重。","改变习惯 = thay đổi thói quen"
"HSK 3","15","Nếu không du lịch nước ngoài, vấn đề sẽ nghiêm trọng hơn.","如果不出国旅游，问题会更严重。","出国旅游 = du lịch nước ngoài"
"HSK 3","15","Nếu không tìm kiếm thông tin, vấn đề sẽ nghiêm trọng hơn.","如果不寻找信息，问题会更严重。","寻找信息 = tìm kiếm thông tin"
"HSK 3","16","Tôi muốn biết cách đọc báo hiệu quả hơn.","我想知道如何更有效地看报纸。","看报纸 = đọc báo"
"HSK 3","16","Tôi muốn biết cách đặt vé máy bay hiệu quả hơn.","我想知道如何更有效地订机票。","订机票 = đặt vé máy bay"
"HSK 3","16","Tôi muốn biết cách tham gia hoạt động hiệu quả hơn.","我想知道如何更有效地参加活动。","参加活动 = tham gia hoạt động"
"HSK 3","16","Tôi muốn biết cách giải quyết vấn đề hiệu quả hơn.","我想知道如何更有效地解决问题。","解决问题 = giải quyết vấn đề"
"HSK 3","16","Tôi muốn biết cách luyện phát âm hiệu quả hơn.","我想知道如何更有效地练习发音。","练习发音 = luyện phát âm"
"HSK 3","16","Tôi muốn biết cách thảo luận kế hoạch hiệu quả hơn.","我想知道如何更有效地讨论计划。","讨论计划 = thảo luận kế hoạch"
"HSK 3","16","Tôi muốn biết cách bảo vệ môi trường hiệu quả hơn.","我想知道如何更有效地保护环境。","保护环境 = bảo vệ môi trường"
"HSK 3","16","Tôi muốn biết cách thay đổi thói quen hiệu quả hơn.","我想知道如何更有效地改变习惯。","改变习惯 = thay đổi thói quen"
"HSK 3","16","Tôi muốn biết cách du lịch nước ngoài hiệu quả hơn.","我想知道如何更有效地出国旅游。","出国旅游 = du lịch nước ngoài"
"HSK 3","16","Tôi muốn biết cách tìm kiếm thông tin hiệu quả hơn.","我想知道如何更有效地寻找信息。","寻找信息 = tìm kiếm thông tin"
"HSK 3","17","Việc đọc báo đòi hỏi nhiều thời gian.","看报纸需要很多时间。","看报纸 = đọc báo"
"HSK 3","17","Việc đặt vé máy bay đòi hỏi nhiều thời gian.","订机票需要很多时间。","订机票 = đặt vé máy bay"
"HSK 3","17","Việc tham gia hoạt động đòi hỏi nhiều thời gian.","参加活动需要很多时间。","参加活动 = tham gia hoạt động"
"HSK 3","17","Việc giải quyết vấn đề đòi hỏi nhiều thời gian.","解决问题需要很多时间。","解决问题 = giải quyết vấn đề"
"HSK 3","17","Việc luyện phát âm đòi hỏi nhiều thời gian.","练习发音需要很多时间。","练习发音 = luyện phát âm"
"HSK 3","17","Việc thảo luận kế hoạch đòi hỏi nhiều thời gian.","讨论计划需要很多时间。","讨论计划 = thảo luận kế hoạch"
"HSK 3","17","Việc bảo vệ môi trường đòi hỏi nhiều thời gian.","保护环境需要很多时间。","保护环境 = bảo vệ môi trường"
"HSK 3","17","Việc thay đổi thói quen đòi hỏi nhiều thời gian.","改变习惯需要很多时间。","改变习惯 = thay đổi thói quen"
"HSK 3","17","Việc du lịch nước ngoài đòi hỏi nhiều thời gian.","出国旅游需要很多时间。","出国旅游 = du lịch nước ngoài"
"HSK 3","17","Việc tìm kiếm thông tin đòi hỏi nhiều thời gian.","寻找信息需要很多时间。","寻找信息 = tìm kiếm thông tin"
"HSK 3","18","Các chuyên gia đang nghiên cứu làm thế nào để đọc báo.","专家正在研究如何看报纸。","看报纸 = đọc báo"
"HSK 3","18","Các chuyên gia đang nghiên cứu làm thế nào để đặt vé máy bay.","专家正在研究如何订机票。","订机票 = đặt vé máy bay"
"HSK 3","18","Các chuyên gia đang nghiên cứu làm thế nào để tham gia hoạt động.","专家正在研究如何参加活动。","参加活动 = tham gia hoạt động"
"HSK 3","18","Các chuyên gia đang nghiên cứu làm thế nào để giải quyết vấn đề.","专家正在研究如何解决问题。","解决问题 = giải quyết vấn đề"
"HSK 3","18","Các chuyên gia đang nghiên cứu làm thế nào để luyện phát âm.","专家正在研究如何练习发音。","练习发音 = luyện phát âm"
"HSK 3","18","Các chuyên gia đang nghiên cứu làm thế nào để thảo luận kế hoạch.","专家正在研究如何讨论计划。","讨论计划 = thảo luận kế hoạch"
"HSK 3","18","Các chuyên gia đang nghiên cứu làm thế nào để bảo vệ môi trường.","专家正在研究如何保护环境。","保护环境 = bảo vệ môi trường"
"HSK 3","18","Các chuyên gia đang nghiên cứu làm thế nào để thay đổi thói quen.","专家正在研究如何改变习惯。","改变习惯 = thay đổi thói quen"
"HSK 3","18","Các chuyên gia đang nghiên cứu làm thế nào để du lịch nước ngoài.","专家正在研究如何出国旅游。","出国旅游 = du lịch nước ngoài"
"HSK 3","18","Các chuyên gia đang nghiên cứu làm thế nào để tìm kiếm thông tin.","专家正在研究如何寻找信息。","寻找信息 = tìm kiếm thông tin"
"HSK 3","19","Mục tiêu cuối cùng là đọc báo.","最终目标是看报纸。","看报纸 = đọc báo"
"HSK 3","19","Mục tiêu cuối cùng là đặt vé máy bay.","最终目标是订机票。","订机票 = đặt vé máy bay"
"HSK 3","19","Mục tiêu cuối cùng là tham gia hoạt động.","最终目标是参加活动。","参加活动 = tham gia hoạt động"
"HSK 3","19","Mục tiêu cuối cùng là giải quyết vấn đề.","最终目标是解决问题。","解决问题 = giải quyết vấn đề"
"HSK 3","19","Mục tiêu cuối cùng là luyện phát âm.","最终目标是练习发音。","练习发音 = luyện phát âm"
"HSK 3","19","Mục tiêu cuối cùng là thảo luận kế hoạch.","最终目标是讨论计划。","讨论计划 = thảo luận kế hoạch"
"HSK 3","19","Mục tiêu cuối cùng là bảo vệ môi trường.","最终目标是保护环境。","保护环境 = bảo vệ môi trường"
"HSK 3","19","Mục tiêu cuối cùng là thay đổi thói quen.","最终目标是改变习惯。","改变习惯 = thay đổi thói quen"
"HSK 3","19","Mục tiêu cuối cùng là du lịch nước ngoài.","最终目标是出国旅游。","出国旅游 = du lịch nước ngoài"
"HSK 3","19","Mục tiêu cuối cùng là tìm kiếm thông tin.","最终目标是寻找信息。","寻找信息 = tìm kiếm thông tin"
"HSK 3","20","Kết quả phụ thuộc vào việc chúng ta có thể đọc báo hay không.","结果取决于我们能否看报纸。","看报纸 = đọc báo"
"HSK 3","20","Kết quả phụ thuộc vào việc chúng ta có thể đặt vé máy bay hay không.","结果取决于我们能否订机票。","订机票 = đặt vé máy bay"
"HSK 3","20","Kết quả phụ thuộc vào việc chúng ta có thể tham gia hoạt động hay không.","结果取决于我们能否参加活动。","参加活动 = tham gia hoạt động"
"HSK 3","20","Kết quả phụ thuộc vào việc chúng ta có thể giải quyết vấn đề hay không.","结果取决于我们能否解决问题。","解决问题 = giải quyết vấn đề"
"HSK 3","20","Kết quả phụ thuộc vào việc chúng ta có thể luyện phát âm hay không.","结果取决于我们能否练习发音。","练习发音 = luyện phát âm"
"HSK 3","20","Kết quả phụ thuộc vào việc chúng ta có thể thảo luận kế hoạch hay không.","结果取决于我们能否讨论计划。","讨论计划 = thảo luận kế hoạch"
"HSK 3","20","Kết quả phụ thuộc vào việc chúng ta có thể bảo vệ môi trường hay không.","结果取决于我们能否保护环境。","保护环境 = bảo vệ môi trường"
"HSK 3","20","Kết quả phụ thuộc vào việc chúng ta có thể thay đổi thói quen hay không.","结果取决于我们能否改变习惯。","改变习惯 = thay đổi thói quen"
"HSK 3","20","Kết quả phụ thuộc vào việc chúng ta có thể du lịch nước ngoài hay không.","结果取决于我们能否出国旅游。","出国旅游 = du lịch nước ngoài"
"HSK 3","20","Kết quả phụ thuộc vào việc chúng ta có thể tìm kiếm thông tin hay không.","结果取决于我们能否寻找信息。","寻找信息 = tìm kiếm thông tin"
"HSK 4","1","Tôi thường nâng cao hiệu quả công việc.","我通常提高工作效率。","提高工作效率 = nâng cao hiệu quả công việc"
"HSK 4","1","Tôi thường phân tích nguyên nhân.","我通常分析原因。","分析原因 = phân tích nguyên nhân"
"HSK 4","1","Tôi thường đưa ra quyết định.","我通常做出决定。","做出决定 = đưa ra quyết định"
"HSK 4","1","Tôi thường thích nghi với môi trường.","我通常适应环境。","适应环境 = thích nghi với môi trường"
"HSK 4","1","Tôi thường xây dựng kế hoạch dài hạn.","我通常制定长期计划。","制定长期计划 = xây dựng kế hoạch dài hạn"
"HSK 4","1","Tôi thường cải thiện chất lượng cuộc sống.","我通常改善生活质量。","改善生活质量 = cải thiện chất lượng cuộc sống"
"HSK 4","1","Tôi thường hợp tác với đồng nghiệp.","我通常和同事合作。","和同事合作 = hợp tác với đồng nghiệp"
"HSK 4","1","Tôi thường giảm áp lực.","我通常减轻压力。","减轻压力 = giảm áp lực"
"HSK 4","1","Tôi thường tích lũy kinh nghiệm.","我通常积累经验。","积累经验 = tích lũy kinh nghiệm"
"HSK 4","1","Tôi thường giải thích quan điểm.","我通常解释观点。","解释观点 = giải thích quan điểm"
"HSK 4","2","Tôi muốn nâng cao hiệu quả công việc.","我想提高工作效率。","提高工作效率 = nâng cao hiệu quả công việc"
"HSK 4","2","Tôi muốn phân tích nguyên nhân.","我想分析原因。","分析原因 = phân tích nguyên nhân"
"HSK 4","2","Tôi muốn đưa ra quyết định.","我想做出决定。","做出决定 = đưa ra quyết định"
"HSK 4","2","Tôi muốn thích nghi với môi trường.","我想适应环境。","适应环境 = thích nghi với môi trường"
"HSK 4","2","Tôi muốn xây dựng kế hoạch dài hạn.","我想制定长期计划。","制定长期计划 = xây dựng kế hoạch dài hạn"
"HSK 4","2","Tôi muốn cải thiện chất lượng cuộc sống.","我想改善生活质量。","改善生活质量 = cải thiện chất lượng cuộc sống"
"HSK 4","2","Tôi muốn hợp tác với đồng nghiệp.","我想和同事合作。","和同事合作 = hợp tác với đồng nghiệp"
"HSK 4","2","Tôi muốn giảm áp lực.","我想减轻压力。","减轻压力 = giảm áp lực"
"HSK 4","2","Tôi muốn tích lũy kinh nghiệm.","我想积累经验。","积累经验 = tích lũy kinh nghiệm"
"HSK 4","2","Tôi muốn giải thích quan điểm.","我想解释观点。","解释观点 = giải thích quan điểm"
"HSK 4","3","Tôi đang nâng cao hiệu quả công việc.","我正在提高工作效率。","提高工作效率 = nâng cao hiệu quả công việc"
"HSK 4","3","Tôi đang phân tích nguyên nhân.","我正在分析原因。","分析原因 = phân tích nguyên nhân"
"HSK 4","3","Tôi đang đưa ra quyết định.","我正在做出决定。","做出决定 = đưa ra quyết định"
"HSK 4","3","Tôi đang thích nghi với môi trường.","我正在适应环境。","适应环境 = thích nghi với môi trường"
"HSK 4","3","Tôi đang xây dựng kế hoạch dài hạn.","我正在制定长期计划。","制定长期计划 = xây dựng kế hoạch dài hạn"
"HSK 4","3","Tôi đang cải thiện chất lượng cuộc sống.","我正在改善生活质量。","改善生活质量 = cải thiện chất lượng cuộc sống"
"HSK 4","3","Tôi đang hợp tác với đồng nghiệp.","我正在和同事合作。","和同事合作 = hợp tác với đồng nghiệp"
"HSK 4","3","Tôi đang giảm áp lực.","我正在减轻压力。","减轻压力 = giảm áp lực"
"HSK 4","3","Tôi đang tích lũy kinh nghiệm.","我正在积累经验。","积累经验 = tích lũy kinh nghiệm"
"HSK 4","3","Tôi đang giải thích quan điểm.","我正在解释观点。","解释观点 = giải thích quan điểm"
"HSK 4","4","Nếu có thời gian, tôi sẽ nâng cao hiệu quả công việc.","如果有时间，我就会提高工作效率。","提高工作效率 = nâng cao hiệu quả công việc"
"HSK 4","4","Nếu có thời gian, tôi sẽ phân tích nguyên nhân.","如果有时间，我就会分析原因。","分析原因 = phân tích nguyên nhân"
"HSK 4","4","Nếu có thời gian, tôi sẽ đưa ra quyết định.","如果有时间，我就会做出决定。","做出决定 = đưa ra quyết định"
"HSK 4","4","Nếu có thời gian, tôi sẽ thích nghi với môi trường.","如果有时间，我就会适应环境。","适应环境 = thích nghi với môi trường"
"HSK 4","4","Nếu có thời gian, tôi sẽ xây dựng kế hoạch dài hạn.","如果有时间，我就会制定长期计划。","制定长期计划 = xây dựng kế hoạch dài hạn"
"HSK 4","4","Nếu có thời gian, tôi sẽ cải thiện chất lượng cuộc sống.","如果有时间，我就会改善生活质量。","改善生活质量 = cải thiện chất lượng cuộc sống"
"HSK 4","4","Nếu có thời gian, tôi sẽ hợp tác với đồng nghiệp.","如果有时间，我就会和同事合作。","和同事合作 = hợp tác với đồng nghiệp"
"HSK 4","4","Nếu có thời gian, tôi sẽ giảm áp lực.","如果有时间，我就会减轻压力。","减轻压力 = giảm áp lực"
"HSK 4","4","Nếu có thời gian, tôi sẽ tích lũy kinh nghiệm.","如果有时间，我就会积累经验。","积累经验 = tích lũy kinh nghiệm"
"HSK 4","4","Nếu có thời gian, tôi sẽ giải thích quan điểm.","如果有时间，我就会解释观点。","解释观点 = giải thích quan điểm"
"HSK 4","5","Việc nâng cao hiệu quả công việc rất quan trọng.","提高工作效率很重要。","提高工作效率 = nâng cao hiệu quả công việc"
"HSK 4","5","Việc phân tích nguyên nhân rất quan trọng.","分析原因很重要。","分析原因 = phân tích nguyên nhân"
"HSK 4","5","Việc đưa ra quyết định rất quan trọng.","做出决定很重要。","做出决定 = đưa ra quyết định"
"HSK 4","5","Việc thích nghi với môi trường rất quan trọng.","适应环境很重要。","适应环境 = thích nghi với môi trường"
"HSK 4","5","Việc xây dựng kế hoạch dài hạn rất quan trọng.","制定长期计划很重要。","制定长期计划 = xây dựng kế hoạch dài hạn"
"HSK 4","5","Việc cải thiện chất lượng cuộc sống rất quan trọng.","改善生活质量很重要。","改善生活质量 = cải thiện chất lượng cuộc sống"
"HSK 4","5","Việc hợp tác với đồng nghiệp rất quan trọng.","和同事合作很重要。","和同事合作 = hợp tác với đồng nghiệp"
"HSK 4","5","Việc giảm áp lực rất quan trọng.","减轻压力很重要。","减轻压力 = giảm áp lực"
"HSK 4","5","Việc tích lũy kinh nghiệm rất quan trọng.","积累经验很重要。","积累经验 = tích lũy kinh nghiệm"
"HSK 4","5","Việc giải thích quan điểm rất quan trọng.","解释观点很重要。","解释观点 = giải thích quan điểm"
"HSK 4","6","Chúng ta nên cùng nhau nâng cao hiệu quả công việc.","我们应该一起提高工作效率。","提高工作效率 = nâng cao hiệu quả công việc"
"HSK 4","6","Chúng ta nên cùng nhau phân tích nguyên nhân.","我们应该一起分析原因。","分析原因 = phân tích nguyên nhân"
"HSK 4","6","Chúng ta nên cùng nhau đưa ra quyết định.","我们应该一起做出决定。","做出决定 = đưa ra quyết định"
"HSK 4","6","Chúng ta nên cùng nhau thích nghi với môi trường.","我们应该一起适应环境。","适应环境 = thích nghi với môi trường"
"HSK 4","6","Chúng ta nên cùng nhau xây dựng kế hoạch dài hạn.","我们应该一起制定长期计划。","制定长期计划 = xây dựng kế hoạch dài hạn"
"HSK 4","6","Chúng ta nên cùng nhau cải thiện chất lượng cuộc sống.","我们应该一起改善生活质量。","改善生活质量 = cải thiện chất lượng cuộc sống"
"HSK 4","6","Chúng ta nên cùng nhau hợp tác với đồng nghiệp.","我们应该一起和同事合作。","和同事合作 = hợp tác với đồng nghiệp"
"HSK 4","6","Chúng ta nên cùng nhau giảm áp lực.","我们应该一起减轻压力。","减轻压力 = giảm áp lực"
"HSK 4","6","Chúng ta nên cùng nhau tích lũy kinh nghiệm.","我们应该一起积累经验。","积累经验 = tích lũy kinh nghiệm"
"HSK 4","6","Chúng ta nên cùng nhau giải thích quan điểm.","我们应该一起解释观点。","解释观点 = giải thích quan điểm"
"HSK 4","7","Tôi đã nâng cao hiệu quả công việc.","我已经提高工作效率了。","提高工作效率 = nâng cao hiệu quả công việc"
"HSK 4","7","Tôi đã phân tích nguyên nhân.","我已经分析原因了。","分析原因 = phân tích nguyên nhân"
"HSK 4","7","Tôi đã đưa ra quyết định.","我已经做出决定了。","做出决定 = đưa ra quyết định"
"HSK 4","7","Tôi đã thích nghi với môi trường.","我已经适应环境了。","适应环境 = thích nghi với môi trường"
"HSK 4","7","Tôi đã xây dựng kế hoạch dài hạn.","我已经制定长期计划了。","制定长期计划 = xây dựng kế hoạch dài hạn"
"HSK 4","7","Tôi đã cải thiện chất lượng cuộc sống.","我已经改善生活质量了。","改善生活质量 = cải thiện chất lượng cuộc sống"
"HSK 4","7","Tôi đã hợp tác với đồng nghiệp.","我已经和同事合作了。","和同事合作 = hợp tác với đồng nghiệp"
"HSK 4","7","Tôi đã giảm áp lực.","我已经减轻压力了。","减轻压力 = giảm áp lực"
"HSK 4","7","Tôi đã tích lũy kinh nghiệm.","我已经积累经验了。","积累经验 = tích lũy kinh nghiệm"
"HSK 4","7","Tôi đã giải thích quan điểm.","我已经解释观点了。","解释观点 = giải thích quan điểm"
"HSK 4","8","Tôi chưa nâng cao hiệu quả công việc.","我还没提高工作效率。","提高工作效率 = nâng cao hiệu quả công việc"
"HSK 4","8","Tôi chưa phân tích nguyên nhân.","我还没分析原因。","分析原因 = phân tích nguyên nhân"
"HSK 4","8","Tôi chưa đưa ra quyết định.","我还没做出决定。","做出决定 = đưa ra quyết định"
"HSK 4","8","Tôi chưa thích nghi với môi trường.","我还没适应环境。","适应环境 = thích nghi với môi trường"
"HSK 4","8","Tôi chưa xây dựng kế hoạch dài hạn.","我还没制定长期计划。","制定长期计划 = xây dựng kế hoạch dài hạn"
"HSK 4","8","Tôi chưa cải thiện chất lượng cuộc sống.","我还没改善生活质量。","改善生活质量 = cải thiện chất lượng cuộc sống"
"HSK 4","8","Tôi chưa hợp tác với đồng nghiệp.","我还没和同事合作。","和同事合作 = hợp tác với đồng nghiệp"
"HSK 4","8","Tôi chưa giảm áp lực.","我还没减轻压力。","减轻压力 = giảm áp lực"
"HSK 4","8","Tôi chưa tích lũy kinh nghiệm.","我还没积累经验。","积累经验 = tích lũy kinh nghiệm"
"HSK 4","8","Tôi chưa giải thích quan điểm.","我还没解释观点。","解释观点 = giải thích quan điểm"
"HSK 4","9","Bạn có thể nâng cao hiệu quả công việc không?","你可以提高工作效率吗？","提高工作效率 = nâng cao hiệu quả công việc"
"HSK 4","9","Bạn có thể phân tích nguyên nhân không?","你可以分析原因吗？","分析原因 = phân tích nguyên nhân"
"HSK 4","9","Bạn có thể đưa ra quyết định không?","你可以做出决定吗？","做出决定 = đưa ra quyết định"
"HSK 4","9","Bạn có thể thích nghi với môi trường không?","你可以适应环境吗？","适应环境 = thích nghi với môi trường"
"HSK 4","9","Bạn có thể xây dựng kế hoạch dài hạn không?","你可以制定长期计划吗？","制定长期计划 = xây dựng kế hoạch dài hạn"
"HSK 4","9","Bạn có thể cải thiện chất lượng cuộc sống không?","你可以改善生活质量吗？","改善生活质量 = cải thiện chất lượng cuộc sống"
"HSK 4","9","Bạn có thể hợp tác với đồng nghiệp không?","你可以和同事合作吗？","和同事合作 = hợp tác với đồng nghiệp"
"HSK 4","9","Bạn có thể giảm áp lực không?","你可以减轻压力吗？","减轻压力 = giảm áp lực"
"HSK 4","9","Bạn có thể tích lũy kinh nghiệm không?","你可以积累经验吗？","积累经验 = tích lũy kinh nghiệm"
"HSK 4","9","Bạn có thể giải thích quan điểm không?","你可以解释观点吗？","解释观点 = giải thích quan điểm"
"HSK 4","10","Tôi hy vọng có thể nâng cao hiệu quả công việc.","我希望能够提高工作效率。","提高工作效率 = nâng cao hiệu quả công việc"
"HSK 4","10","Tôi hy vọng có thể phân tích nguyên nhân.","我希望能够分析原因。","分析原因 = phân tích nguyên nhân"
"HSK 4","10","Tôi hy vọng có thể đưa ra quyết định.","我希望能够做出决定。","做出决定 = đưa ra quyết định"
"HSK 4","10","Tôi hy vọng có thể thích nghi với môi trường.","我希望能够适应环境。","适应环境 = thích nghi với môi trường"
"HSK 4","10","Tôi hy vọng có thể xây dựng kế hoạch dài hạn.","我希望能够制定长期计划。","制定长期计划 = xây dựng kế hoạch dài hạn"
"HSK 4","10","Tôi hy vọng có thể cải thiện chất lượng cuộc sống.","我希望能够改善生活质量。","改善生活质量 = cải thiện chất lượng cuộc sống"
"HSK 4","10","Tôi hy vọng có thể hợp tác với đồng nghiệp.","我希望能够和同事合作。","和同事合作 = hợp tác với đồng nghiệp"
"HSK 4","10","Tôi hy vọng có thể giảm áp lực.","我希望能够减轻压力。","减轻压力 = giảm áp lực"
"HSK 4","10","Tôi hy vọng có thể tích lũy kinh nghiệm.","我希望能够积累经验。","积累经验 = tích lũy kinh nghiệm"
"HSK 4","10","Tôi hy vọng có thể giải thích quan điểm.","我希望能够解释观点。","解释观点 = giải thích quan điểm"
"HSK 4","11","Sau khi nâng cao hiệu quả công việc, tôi hiểu hơn.","提高工作效率以后，我更明白了。","提高工作效率 = nâng cao hiệu quả công việc"
"HSK 4","11","Sau khi phân tích nguyên nhân, tôi hiểu hơn.","分析原因以后，我更明白了。","分析原因 = phân tích nguyên nhân"
"HSK 4","11","Sau khi đưa ra quyết định, tôi hiểu hơn.","做出决定以后，我更明白了。","做出决定 = đưa ra quyết định"
"HSK 4","11","Sau khi thích nghi với môi trường, tôi hiểu hơn.","适应环境以后，我更明白了。","适应环境 = thích nghi với môi trường"
"HSK 4","11","Sau khi xây dựng kế hoạch dài hạn, tôi hiểu hơn.","制定长期计划以后，我更明白了。","制定长期计划 = xây dựng kế hoạch dài hạn"
"HSK 4","11","Sau khi cải thiện chất lượng cuộc sống, tôi hiểu hơn.","改善生活质量以后，我更明白了。","改善生活质量 = cải thiện chất lượng cuộc sống"
"HSK 4","11","Sau khi hợp tác với đồng nghiệp, tôi hiểu hơn.","和同事合作以后，我更明白了。","和同事合作 = hợp tác với đồng nghiệp"
"HSK 4","11","Sau khi giảm áp lực, tôi hiểu hơn.","减轻压力以后，我更明白了。","减轻压力 = giảm áp lực"
"HSK 4","11","Sau khi tích lũy kinh nghiệm, tôi hiểu hơn.","积累经验以后，我更明白了。","积累经验 = tích lũy kinh nghiệm"
"HSK 4","11","Sau khi giải thích quan điểm, tôi hiểu hơn.","解释观点以后，我更明白了。","解释观点 = giải thích quan điểm"
"HSK 4","12","Trước khi nâng cao hiệu quả công việc, hãy chuẩn bị kỹ.","提高工作效率以前，请做好准备。","提高工作效率 = nâng cao hiệu quả công việc"
"HSK 4","12","Trước khi phân tích nguyên nhân, hãy chuẩn bị kỹ.","分析原因以前，请做好准备。","分析原因 = phân tích nguyên nhân"
"HSK 4","12","Trước khi đưa ra quyết định, hãy chuẩn bị kỹ.","做出决定以前，请做好准备。","做出决定 = đưa ra quyết định"
"HSK 4","12","Trước khi thích nghi với môi trường, hãy chuẩn bị kỹ.","适应环境以前，请做好准备。","适应环境 = thích nghi với môi trường"
"HSK 4","12","Trước khi xây dựng kế hoạch dài hạn, hãy chuẩn bị kỹ.","制定长期计划以前，请做好准备。","制定长期计划 = xây dựng kế hoạch dài hạn"
"HSK 4","12","Trước khi cải thiện chất lượng cuộc sống, hãy chuẩn bị kỹ.","改善生活质量以前，请做好准备。","改善生活质量 = cải thiện chất lượng cuộc sống"
"HSK 4","12","Trước khi hợp tác với đồng nghiệp, hãy chuẩn bị kỹ.","和同事合作以前，请做好准备。","和同事合作 = hợp tác với đồng nghiệp"
"HSK 4","12","Trước khi giảm áp lực, hãy chuẩn bị kỹ.","减轻压力以前，请做好准备。","减轻压力 = giảm áp lực"
"HSK 4","12","Trước khi tích lũy kinh nghiệm, hãy chuẩn bị kỹ.","积累经验以前，请做好准备。","积累经验 = tích lũy kinh nghiệm"
"HSK 4","12","Trước khi giải thích quan điểm, hãy chuẩn bị kỹ.","解释观点以前，请做好准备。","解释观点 = giải thích quan điểm"
"HSK 4","13","Tôi không biết làm thế nào để nâng cao hiệu quả công việc.","我不知道怎么提高工作效率。","提高工作效率 = nâng cao hiệu quả công việc"
"HSK 4","13","Tôi không biết làm thế nào để phân tích nguyên nhân.","我不知道怎么分析原因。","分析原因 = phân tích nguyên nhân"
"HSK 4","13","Tôi không biết làm thế nào để đưa ra quyết định.","我不知道怎么做出决定。","做出决定 = đưa ra quyết định"
"HSK 4","13","Tôi không biết làm thế nào để thích nghi với môi trường.","我不知道怎么适应环境。","适应环境 = thích nghi với môi trường"
"HSK 4","13","Tôi không biết làm thế nào để xây dựng kế hoạch dài hạn.","我不知道怎么制定长期计划。","制定长期计划 = xây dựng kế hoạch dài hạn"
"HSK 4","13","Tôi không biết làm thế nào để cải thiện chất lượng cuộc sống.","我不知道怎么改善生活质量。","改善生活质量 = cải thiện chất lượng cuộc sống"
"HSK 4","13","Tôi không biết làm thế nào để hợp tác với đồng nghiệp.","我不知道怎么和同事合作。","和同事合作 = hợp tác với đồng nghiệp"
"HSK 4","13","Tôi không biết làm thế nào để giảm áp lực.","我不知道怎么减轻压力。","减轻压力 = giảm áp lực"
"HSK 4","13","Tôi không biết làm thế nào để tích lũy kinh nghiệm.","我不知道怎么积累经验。","积累经验 = tích lũy kinh nghiệm"
"HSK 4","13","Tôi không biết làm thế nào để giải thích quan điểm.","我不知道怎么解释观点。","解释观点 = giải thích quan điểm"
"HSK 4","14","Tôi tin rằng việc nâng cao hiệu quả công việc sẽ có kết quả tốt.","我相信提高工作效率会有好结果。","提高工作效率 = nâng cao hiệu quả công việc"
"HSK 4","14","Tôi tin rằng việc phân tích nguyên nhân sẽ có kết quả tốt.","我相信分析原因会有好结果。","分析原因 = phân tích nguyên nhân"
"HSK 4","14","Tôi tin rằng việc đưa ra quyết định sẽ có kết quả tốt.","我相信做出决定会有好结果。","做出决定 = đưa ra quyết định"
"HSK 4","14","Tôi tin rằng việc thích nghi với môi trường sẽ có kết quả tốt.","我相信适应环境会有好结果。","适应环境 = thích nghi với môi trường"
"HSK 4","14","Tôi tin rằng việc xây dựng kế hoạch dài hạn sẽ có kết quả tốt.","我相信制定长期计划会有好结果。","制定长期计划 = xây dựng kế hoạch dài hạn"
"HSK 4","14","Tôi tin rằng việc cải thiện chất lượng cuộc sống sẽ có kết quả tốt.","我相信改善生活质量会有好结果。","改善生活质量 = cải thiện chất lượng cuộc sống"
"HSK 4","14","Tôi tin rằng việc hợp tác với đồng nghiệp sẽ có kết quả tốt.","我相信和同事合作会有好结果。","和同事合作 = hợp tác với đồng nghiệp"
"HSK 4","14","Tôi tin rằng việc giảm áp lực sẽ có kết quả tốt.","我相信减轻压力会有好结果。","减轻压力 = giảm áp lực"
"HSK 4","14","Tôi tin rằng việc tích lũy kinh nghiệm sẽ có kết quả tốt.","我相信积累经验会有好结果。","积累经验 = tích lũy kinh nghiệm"
"HSK 4","14","Tôi tin rằng việc giải thích quan điểm sẽ có kết quả tốt.","我相信解释观点会有好结果。","解释观点 = giải thích quan điểm"
"HSK 4","15","Nếu không nâng cao hiệu quả công việc, vấn đề sẽ nghiêm trọng hơn.","如果不提高工作效率，问题会更严重。","提高工作效率 = nâng cao hiệu quả công việc"
"HSK 4","15","Nếu không phân tích nguyên nhân, vấn đề sẽ nghiêm trọng hơn.","如果不分析原因，问题会更严重。","分析原因 = phân tích nguyên nhân"
"HSK 4","15","Nếu không đưa ra quyết định, vấn đề sẽ nghiêm trọng hơn.","如果不做出决定，问题会更严重。","做出决定 = đưa ra quyết định"
"HSK 4","15","Nếu không thích nghi với môi trường, vấn đề sẽ nghiêm trọng hơn.","如果不适应环境，问题会更严重。","适应环境 = thích nghi với môi trường"
"HSK 4","15","Nếu không xây dựng kế hoạch dài hạn, vấn đề sẽ nghiêm trọng hơn.","如果不制定长期计划，问题会更严重。","制定长期计划 = xây dựng kế hoạch dài hạn"
"HSK 4","15","Nếu không cải thiện chất lượng cuộc sống, vấn đề sẽ nghiêm trọng hơn.","如果不改善生活质量，问题会更严重。","改善生活质量 = cải thiện chất lượng cuộc sống"
"HSK 4","15","Nếu không hợp tác với đồng nghiệp, vấn đề sẽ nghiêm trọng hơn.","如果不和同事合作，问题会更严重。","和同事合作 = hợp tác với đồng nghiệp"
"HSK 4","15","Nếu không giảm áp lực, vấn đề sẽ nghiêm trọng hơn.","如果不减轻压力，问题会更严重。","减轻压力 = giảm áp lực"
"HSK 4","15","Nếu không tích lũy kinh nghiệm, vấn đề sẽ nghiêm trọng hơn.","如果不积累经验，问题会更严重。","积累经验 = tích lũy kinh nghiệm"
"HSK 4","15","Nếu không giải thích quan điểm, vấn đề sẽ nghiêm trọng hơn.","如果不解释观点，问题会更严重。","解释观点 = giải thích quan điểm"
"HSK 4","16","Tôi muốn biết cách nâng cao hiệu quả công việc hiệu quả hơn.","我想知道如何更有效地提高工作效率。","提高工作效率 = nâng cao hiệu quả công việc"
"HSK 4","16","Tôi muốn biết cách phân tích nguyên nhân hiệu quả hơn.","我想知道如何更有效地分析原因。","分析原因 = phân tích nguyên nhân"
"HSK 4","16","Tôi muốn biết cách đưa ra quyết định hiệu quả hơn.","我想知道如何更有效地做出决定。","做出决定 = đưa ra quyết định"
"HSK 4","16","Tôi muốn biết cách thích nghi với môi trường hiệu quả hơn.","我想知道如何更有效地适应环境。","适应环境 = thích nghi với môi trường"
"HSK 4","16","Tôi muốn biết cách xây dựng kế hoạch dài hạn hiệu quả hơn.","我想知道如何更有效地制定长期计划。","制定长期计划 = xây dựng kế hoạch dài hạn"
"HSK 4","16","Tôi muốn biết cách cải thiện chất lượng cuộc sống hiệu quả hơn.","我想知道如何更有效地改善生活质量。","改善生活质量 = cải thiện chất lượng cuộc sống"
"HSK 4","16","Tôi muốn biết cách hợp tác với đồng nghiệp hiệu quả hơn.","我想知道如何更有效地和同事合作。","和同事合作 = hợp tác với đồng nghiệp"
"HSK 4","16","Tôi muốn biết cách giảm áp lực hiệu quả hơn.","我想知道如何更有效地减轻压力。","减轻压力 = giảm áp lực"
"HSK 4","16","Tôi muốn biết cách tích lũy kinh nghiệm hiệu quả hơn.","我想知道如何更有效地积累经验。","积累经验 = tích lũy kinh nghiệm"
"HSK 4","16","Tôi muốn biết cách giải thích quan điểm hiệu quả hơn.","我想知道如何更有效地解释观点。","解释观点 = giải thích quan điểm"
"HSK 4","17","Việc nâng cao hiệu quả công việc đòi hỏi nhiều thời gian.","提高工作效率需要很多时间。","提高工作效率 = nâng cao hiệu quả công việc"
"HSK 4","17","Việc phân tích nguyên nhân đòi hỏi nhiều thời gian.","分析原因需要很多时间。","分析原因 = phân tích nguyên nhân"
"HSK 4","17","Việc đưa ra quyết định đòi hỏi nhiều thời gian.","做出决定需要很多时间。","做出决定 = đưa ra quyết định"
"HSK 4","17","Việc thích nghi với môi trường đòi hỏi nhiều thời gian.","适应环境需要很多时间。","适应环境 = thích nghi với môi trường"
"HSK 4","17","Việc xây dựng kế hoạch dài hạn đòi hỏi nhiều thời gian.","制定长期计划需要很多时间。","制定长期计划 = xây dựng kế hoạch dài hạn"
"HSK 4","17","Việc cải thiện chất lượng cuộc sống đòi hỏi nhiều thời gian.","改善生活质量需要很多时间。","改善生活质量 = cải thiện chất lượng cuộc sống"
"HSK 4","17","Việc hợp tác với đồng nghiệp đòi hỏi nhiều thời gian.","和同事合作需要很多时间。","和同事合作 = hợp tác với đồng nghiệp"
"HSK 4","17","Việc giảm áp lực đòi hỏi nhiều thời gian.","减轻压力需要很多时间。","减轻压力 = giảm áp lực"
"HSK 4","17","Việc tích lũy kinh nghiệm đòi hỏi nhiều thời gian.","积累经验需要很多时间。","积累经验 = tích lũy kinh nghiệm"
"HSK 4","17","Việc giải thích quan điểm đòi hỏi nhiều thời gian.","解释观点需要很多时间。","解释观点 = giải thích quan điểm"
"HSK 4","18","Các chuyên gia đang nghiên cứu làm thế nào để nâng cao hiệu quả công việc.","专家正在研究如何提高工作效率。","提高工作效率 = nâng cao hiệu quả công việc"
"HSK 4","18","Các chuyên gia đang nghiên cứu làm thế nào để phân tích nguyên nhân.","专家正在研究如何分析原因。","分析原因 = phân tích nguyên nhân"
"HSK 4","18","Các chuyên gia đang nghiên cứu làm thế nào để đưa ra quyết định.","专家正在研究如何做出决定。","做出决定 = đưa ra quyết định"
"HSK 4","18","Các chuyên gia đang nghiên cứu làm thế nào để thích nghi với môi trường.","专家正在研究如何适应环境。","适应环境 = thích nghi với môi trường"
"HSK 4","18","Các chuyên gia đang nghiên cứu làm thế nào để xây dựng kế hoạch dài hạn.","专家正在研究如何制定长期计划。","制定长期计划 = xây dựng kế hoạch dài hạn"
"HSK 4","18","Các chuyên gia đang nghiên cứu làm thế nào để cải thiện chất lượng cuộc sống.","专家正在研究如何改善生活质量。","改善生活质量 = cải thiện chất lượng cuộc sống"
"HSK 4","18","Các chuyên gia đang nghiên cứu làm thế nào để hợp tác với đồng nghiệp.","专家正在研究如何和同事合作。","和同事合作 = hợp tác với đồng nghiệp"
"HSK 4","18","Các chuyên gia đang nghiên cứu làm thế nào để giảm áp lực.","专家正在研究如何减轻压力。","减轻压力 = giảm áp lực"
"HSK 4","18","Các chuyên gia đang nghiên cứu làm thế nào để tích lũy kinh nghiệm.","专家正在研究如何积累经验。","积累经验 = tích lũy kinh nghiệm"
"HSK 4","18","Các chuyên gia đang nghiên cứu làm thế nào để giải thích quan điểm.","专家正在研究如何解释观点。","解释观点 = giải thích quan điểm"
"HSK 4","19","Mục tiêu cuối cùng là nâng cao hiệu quả công việc.","最终目标是提高工作效率。","提高工作效率 = nâng cao hiệu quả công việc"
"HSK 4","19","Mục tiêu cuối cùng là phân tích nguyên nhân.","最终目标是分析原因。","分析原因 = phân tích nguyên nhân"
"HSK 4","19","Mục tiêu cuối cùng là đưa ra quyết định.","最终目标是做出决定。","做出决定 = đưa ra quyết định"
"HSK 4","19","Mục tiêu cuối cùng là thích nghi với môi trường.","最终目标是适应环境。","适应环境 = thích nghi với môi trường"
"HSK 4","19","Mục tiêu cuối cùng là xây dựng kế hoạch dài hạn.","最终目标是制定长期计划。","制定长期计划 = xây dựng kế hoạch dài hạn"
"HSK 4","19","Mục tiêu cuối cùng là cải thiện chất lượng cuộc sống.","最终目标是改善生活质量。","改善生活质量 = cải thiện chất lượng cuộc sống"
"HSK 4","19","Mục tiêu cuối cùng là hợp tác với đồng nghiệp.","最终目标是和同事合作。","和同事合作 = hợp tác với đồng nghiệp"
"HSK 4","19","Mục tiêu cuối cùng là giảm áp lực.","最终目标是减轻压力。","减轻压力 = giảm áp lực"
"HSK 4","19","Mục tiêu cuối cùng là tích lũy kinh nghiệm.","最终目标是积累经验。","积累经验 = tích lũy kinh nghiệm"
"HSK 4","19","Mục tiêu cuối cùng là giải thích quan điểm.","最终目标是解释观点。","解释观点 = giải thích quan điểm"
"HSK 4","20","Kết quả phụ thuộc vào việc chúng ta có thể nâng cao hiệu quả công việc hay không.","结果取决于我们能否提高工作效率。","提高工作效率 = nâng cao hiệu quả công việc"
"HSK 4","20","Kết quả phụ thuộc vào việc chúng ta có thể phân tích nguyên nhân hay không.","结果取决于我们能否分析原因。","分析原因 = phân tích nguyên nhân"
"HSK 4","20","Kết quả phụ thuộc vào việc chúng ta có thể đưa ra quyết định hay không.","结果取决于我们能否做出决定。","做出决定 = đưa ra quyết định"
"HSK 4","20","Kết quả phụ thuộc vào việc chúng ta có thể thích nghi với môi trường hay không.","结果取决于我们能否适应环境。","适应环境 = thích nghi với môi trường"
"HSK 4","20","Kết quả phụ thuộc vào việc chúng ta có thể xây dựng kế hoạch dài hạn hay không.","结果取决于我们能否制定长期计划。","制定长期计划 = xây dựng kế hoạch dài hạn"
"HSK 4","20","Kết quả phụ thuộc vào việc chúng ta có thể cải thiện chất lượng cuộc sống hay không.","结果取决于我们能否改善生活质量。","改善生活质量 = cải thiện chất lượng cuộc sống"
"HSK 4","20","Kết quả phụ thuộc vào việc chúng ta có thể hợp tác với đồng nghiệp hay không.","结果取决于我们能否和同事合作。","和同事合作 = hợp tác với đồng nghiệp"
"HSK 4","20","Kết quả phụ thuộc vào việc chúng ta có thể giảm áp lực hay không.","结果取决于我们能否减轻压力。","减轻压力 = giảm áp lực"
"HSK 4","20","Kết quả phụ thuộc vào việc chúng ta có thể tích lũy kinh nghiệm hay không.","结果取决于我们能否积累经验。","积累经验 = tích lũy kinh nghiệm"
"HSK 4","20","Kết quả phụ thuộc vào việc chúng ta có thể giải thích quan điểm hay không.","结果取决于我们能否解释观点。","解释观点 = giải thích quan điểm"
"HSK 5","1","Tôi thường thúc đẩy phát triển kinh tế.","我通常促进经济发展。","促进经济发展 = thúc đẩy phát triển kinh tế"
"HSK 5","1","Tôi thường nâng cao nhận thức cộng đồng.","我通常提高公众意识。","提高公众意识 = nâng cao nhận thức cộng đồng"
"HSK 5","1","Tôi thường đối mặt với thách thức.","我通常面对挑战。","面对挑战 = đối mặt với thách thức"
"HSK 5","1","Tôi thường bảo đảm quyền lợi người tiêu dùng.","我通常保障消费者权益。","保障消费者权益 = bảo đảm quyền lợi người tiêu dùng"
"HSK 5","1","Tôi thường phân bổ nguồn lực hợp lý.","我通常合理分配资源。","合理分配资源 = phân bổ nguồn lực hợp lý"
"HSK 5","1","Tôi thường tạo ra cơ hội việc làm.","我通常创造就业机会。","创造就业机会 = tạo ra cơ hội việc làm"
"HSK 5","1","Tôi thường duy trì mối quan hệ ổn định.","我通常维持稳定关系。","维持稳定关系 = duy trì mối quan hệ ổn định"
"HSK 5","1","Tôi thường thực hiện cải cách toàn diện.","我通常实行全面改革。","实行全面改革 = thực hiện cải cách toàn diện"
"HSK 5","1","Tôi thường tăng cường giao lưu văn hóa.","我通常加强文化交流。","加强文化交流 = tăng cường giao lưu văn hóa"
"HSK 5","1","Tôi thường đánh giá tác động xã hội.","我通常评估社会影响。","评估社会影响 = đánh giá tác động xã hội"
"HSK 5","2","Tôi muốn thúc đẩy phát triển kinh tế.","我想促进经济发展。","促进经济发展 = thúc đẩy phát triển kinh tế"
"HSK 5","2","Tôi muốn nâng cao nhận thức cộng đồng.","我想提高公众意识。","提高公众意识 = nâng cao nhận thức cộng đồng"
"HSK 5","2","Tôi muốn đối mặt với thách thức.","我想面对挑战。","面对挑战 = đối mặt với thách thức"
"HSK 5","2","Tôi muốn bảo đảm quyền lợi người tiêu dùng.","我想保障消费者权益。","保障消费者权益 = bảo đảm quyền lợi người tiêu dùng"
"HSK 5","2","Tôi muốn phân bổ nguồn lực hợp lý.","我想合理分配资源。","合理分配资源 = phân bổ nguồn lực hợp lý"
"HSK 5","2","Tôi muốn tạo ra cơ hội việc làm.","我想创造就业机会。","创造就业机会 = tạo ra cơ hội việc làm"
"HSK 5","2","Tôi muốn duy trì mối quan hệ ổn định.","我想维持稳定关系。","维持稳定关系 = duy trì mối quan hệ ổn định"
"HSK 5","2","Tôi muốn thực hiện cải cách toàn diện.","我想实行全面改革。","实行全面改革 = thực hiện cải cách toàn diện"
"HSK 5","2","Tôi muốn tăng cường giao lưu văn hóa.","我想加强文化交流。","加强文化交流 = tăng cường giao lưu văn hóa"
"HSK 5","2","Tôi muốn đánh giá tác động xã hội.","我想评估社会影响。","评估社会影响 = đánh giá tác động xã hội"
"HSK 5","3","Tôi đang thúc đẩy phát triển kinh tế.","我正在促进经济发展。","促进经济发展 = thúc đẩy phát triển kinh tế"
"HSK 5","3","Tôi đang nâng cao nhận thức cộng đồng.","我正在提高公众意识。","提高公众意识 = nâng cao nhận thức cộng đồng"
"HSK 5","3","Tôi đang đối mặt với thách thức.","我正在面对挑战。","面对挑战 = đối mặt với thách thức"
"HSK 5","3","Tôi đang bảo đảm quyền lợi người tiêu dùng.","我正在保障消费者权益。","保障消费者权益 = bảo đảm quyền lợi người tiêu dùng"
"HSK 5","3","Tôi đang phân bổ nguồn lực hợp lý.","我正在合理分配资源。","合理分配资源 = phân bổ nguồn lực hợp lý"
"HSK 5","3","Tôi đang tạo ra cơ hội việc làm.","我正在创造就业机会。","创造就业机会 = tạo ra cơ hội việc làm"
"HSK 5","3","Tôi đang duy trì mối quan hệ ổn định.","我正在维持稳定关系。","维持稳定关系 = duy trì mối quan hệ ổn định"
"HSK 5","3","Tôi đang thực hiện cải cách toàn diện.","我正在实行全面改革。","实行全面改革 = thực hiện cải cách toàn diện"
"HSK 5","3","Tôi đang tăng cường giao lưu văn hóa.","我正在加强文化交流。","加强文化交流 = tăng cường giao lưu văn hóa"
"HSK 5","3","Tôi đang đánh giá tác động xã hội.","我正在评估社会影响。","评估社会影响 = đánh giá tác động xã hội"
"HSK 5","4","Nếu có thời gian, tôi sẽ thúc đẩy phát triển kinh tế.","如果有时间，我就会促进经济发展。","促进经济发展 = thúc đẩy phát triển kinh tế"
"HSK 5","4","Nếu có thời gian, tôi sẽ nâng cao nhận thức cộng đồng.","如果有时间，我就会提高公众意识。","提高公众意识 = nâng cao nhận thức cộng đồng"
"HSK 5","4","Nếu có thời gian, tôi sẽ đối mặt với thách thức.","如果有时间，我就会面对挑战。","面对挑战 = đối mặt với thách thức"
"HSK 5","4","Nếu có thời gian, tôi sẽ bảo đảm quyền lợi người tiêu dùng.","如果有时间，我就会保障消费者权益。","保障消费者权益 = bảo đảm quyền lợi người tiêu dùng"
"HSK 5","4","Nếu có thời gian, tôi sẽ phân bổ nguồn lực hợp lý.","如果有时间，我就会合理分配资源。","合理分配资源 = phân bổ nguồn lực hợp lý"
"HSK 5","4","Nếu có thời gian, tôi sẽ tạo ra cơ hội việc làm.","如果有时间，我就会创造就业机会。","创造就业机会 = tạo ra cơ hội việc làm"
"HSK 5","4","Nếu có thời gian, tôi sẽ duy trì mối quan hệ ổn định.","如果有时间，我就会维持稳定关系。","维持稳定关系 = duy trì mối quan hệ ổn định"
"HSK 5","4","Nếu có thời gian, tôi sẽ thực hiện cải cách toàn diện.","如果有时间，我就会实行全面改革。","实行全面改革 = thực hiện cải cách toàn diện"
"HSK 5","4","Nếu có thời gian, tôi sẽ tăng cường giao lưu văn hóa.","如果有时间，我就会加强文化交流。","加强文化交流 = tăng cường giao lưu văn hóa"
"HSK 5","4","Nếu có thời gian, tôi sẽ đánh giá tác động xã hội.","如果有时间，我就会评估社会影响。","评估社会影响 = đánh giá tác động xã hội"
"HSK 5","5","Việc thúc đẩy phát triển kinh tế rất quan trọng.","促进经济发展很重要。","促进经济发展 = thúc đẩy phát triển kinh tế"
"HSK 5","5","Việc nâng cao nhận thức cộng đồng rất quan trọng.","提高公众意识很重要。","提高公众意识 = nâng cao nhận thức cộng đồng"
"HSK 5","5","Việc đối mặt với thách thức rất quan trọng.","面对挑战很重要。","面对挑战 = đối mặt với thách thức"
"HSK 5","5","Việc bảo đảm quyền lợi người tiêu dùng rất quan trọng.","保障消费者权益很重要。","保障消费者权益 = bảo đảm quyền lợi người tiêu dùng"
"HSK 5","5","Việc phân bổ nguồn lực hợp lý rất quan trọng.","合理分配资源很重要。","合理分配资源 = phân bổ nguồn lực hợp lý"
"HSK 5","5","Việc tạo ra cơ hội việc làm rất quan trọng.","创造就业机会很重要。","创造就业机会 = tạo ra cơ hội việc làm"
"HSK 5","5","Việc duy trì mối quan hệ ổn định rất quan trọng.","维持稳定关系很重要。","维持稳定关系 = duy trì mối quan hệ ổn định"
"HSK 5","5","Việc thực hiện cải cách toàn diện rất quan trọng.","实行全面改革很重要。","实行全面改革 = thực hiện cải cách toàn diện"
"HSK 5","5","Việc tăng cường giao lưu văn hóa rất quan trọng.","加强文化交流很重要。","加强文化交流 = tăng cường giao lưu văn hóa"
"HSK 5","5","Việc đánh giá tác động xã hội rất quan trọng.","评估社会影响很重要。","评估社会影响 = đánh giá tác động xã hội"
"HSK 5","6","Chúng ta nên cùng nhau thúc đẩy phát triển kinh tế.","我们应该一起促进经济发展。","促进经济发展 = thúc đẩy phát triển kinh tế"
"HSK 5","6","Chúng ta nên cùng nhau nâng cao nhận thức cộng đồng.","我们应该一起提高公众意识。","提高公众意识 = nâng cao nhận thức cộng đồng"
"HSK 5","6","Chúng ta nên cùng nhau đối mặt với thách thức.","我们应该一起面对挑战。","面对挑战 = đối mặt với thách thức"
"HSK 5","6","Chúng ta nên cùng nhau bảo đảm quyền lợi người tiêu dùng.","我们应该一起保障消费者权益。","保障消费者权益 = bảo đảm quyền lợi người tiêu dùng"
"HSK 5","6","Chúng ta nên cùng nhau phân bổ nguồn lực hợp lý.","我们应该一起合理分配资源。","合理分配资源 = phân bổ nguồn lực hợp lý"
"HSK 5","6","Chúng ta nên cùng nhau tạo ra cơ hội việc làm.","我们应该一起创造就业机会。","创造就业机会 = tạo ra cơ hội việc làm"
"HSK 5","6","Chúng ta nên cùng nhau duy trì mối quan hệ ổn định.","我们应该一起维持稳定关系。","维持稳定关系 = duy trì mối quan hệ ổn định"
"HSK 5","6","Chúng ta nên cùng nhau thực hiện cải cách toàn diện.","我们应该一起实行全面改革。","实行全面改革 = thực hiện cải cách toàn diện"
"HSK 5","6","Chúng ta nên cùng nhau tăng cường giao lưu văn hóa.","我们应该一起加强文化交流。","加强文化交流 = tăng cường giao lưu văn hóa"
"HSK 5","6","Chúng ta nên cùng nhau đánh giá tác động xã hội.","我们应该一起评估社会影响。","评估社会影响 = đánh giá tác động xã hội"
"HSK 5","7","Tôi đã thúc đẩy phát triển kinh tế.","我已经促进经济发展了。","促进经济发展 = thúc đẩy phát triển kinh tế"
"HSK 5","7","Tôi đã nâng cao nhận thức cộng đồng.","我已经提高公众意识了。","提高公众意识 = nâng cao nhận thức cộng đồng"
"HSK 5","7","Tôi đã đối mặt với thách thức.","我已经面对挑战了。","面对挑战 = đối mặt với thách thức"
"HSK 5","7","Tôi đã bảo đảm quyền lợi người tiêu dùng.","我已经保障消费者权益了。","保障消费者权益 = bảo đảm quyền lợi người tiêu dùng"
"HSK 5","7","Tôi đã phân bổ nguồn lực hợp lý.","我已经合理分配资源了。","合理分配资源 = phân bổ nguồn lực hợp lý"
"HSK 5","7","Tôi đã tạo ra cơ hội việc làm.","我已经创造就业机会了。","创造就业机会 = tạo ra cơ hội việc làm"
"HSK 5","7","Tôi đã duy trì mối quan hệ ổn định.","我已经维持稳定关系了。","维持稳定关系 = duy trì mối quan hệ ổn định"
"HSK 5","7","Tôi đã thực hiện cải cách toàn diện.","我已经实行全面改革了。","实行全面改革 = thực hiện cải cách toàn diện"
"HSK 5","7","Tôi đã tăng cường giao lưu văn hóa.","我已经加强文化交流了。","加强文化交流 = tăng cường giao lưu văn hóa"
"HSK 5","7","Tôi đã đánh giá tác động xã hội.","我已经评估社会影响了。","评估社会影响 = đánh giá tác động xã hội"
"HSK 5","8","Tôi chưa thúc đẩy phát triển kinh tế.","我还没促进经济发展。","促进经济发展 = thúc đẩy phát triển kinh tế"
"HSK 5","8","Tôi chưa nâng cao nhận thức cộng đồng.","我还没提高公众意识。","提高公众意识 = nâng cao nhận thức cộng đồng"
"HSK 5","8","Tôi chưa đối mặt với thách thức.","我还没面对挑战。","面对挑战 = đối mặt với thách thức"
"HSK 5","8","Tôi chưa bảo đảm quyền lợi người tiêu dùng.","我还没保障消费者权益。","保障消费者权益 = bảo đảm quyền lợi người tiêu dùng"
"HSK 5","8","Tôi chưa phân bổ nguồn lực hợp lý.","我还没合理分配资源。","合理分配资源 = phân bổ nguồn lực hợp lý"
"HSK 5","8","Tôi chưa tạo ra cơ hội việc làm.","我还没创造就业机会。","创造就业机会 = tạo ra cơ hội việc làm"
"HSK 5","8","Tôi chưa duy trì mối quan hệ ổn định.","我还没维持稳定关系。","维持稳定关系 = duy trì mối quan hệ ổn định"
"HSK 5","8","Tôi chưa thực hiện cải cách toàn diện.","我还没实行全面改革。","实行全面改革 = thực hiện cải cách toàn diện"
"HSK 5","8","Tôi chưa tăng cường giao lưu văn hóa.","我还没加强文化交流。","加强文化交流 = tăng cường giao lưu văn hóa"
"HSK 5","8","Tôi chưa đánh giá tác động xã hội.","我还没评估社会影响。","评估社会影响 = đánh giá tác động xã hội"
"HSK 5","9","Bạn có thể thúc đẩy phát triển kinh tế không?","你可以促进经济发展吗？","促进经济发展 = thúc đẩy phát triển kinh tế"
"HSK 5","9","Bạn có thể nâng cao nhận thức cộng đồng không?","你可以提高公众意识吗？","提高公众意识 = nâng cao nhận thức cộng đồng"
"HSK 5","9","Bạn có thể đối mặt với thách thức không?","你可以面对挑战吗？","面对挑战 = đối mặt với thách thức"
"HSK 5","9","Bạn có thể bảo đảm quyền lợi người tiêu dùng không?","你可以保障消费者权益吗？","保障消费者权益 = bảo đảm quyền lợi người tiêu dùng"
"HSK 5","9","Bạn có thể phân bổ nguồn lực hợp lý không?","你可以合理分配资源吗？","合理分配资源 = phân bổ nguồn lực hợp lý"
"HSK 5","9","Bạn có thể tạo ra cơ hội việc làm không?","你可以创造就业机会吗？","创造就业机会 = tạo ra cơ hội việc làm"
"HSK 5","9","Bạn có thể duy trì mối quan hệ ổn định không?","你可以维持稳定关系吗？","维持稳定关系 = duy trì mối quan hệ ổn định"
"HSK 5","9","Bạn có thể thực hiện cải cách toàn diện không?","你可以实行全面改革吗？","实行全面改革 = thực hiện cải cách toàn diện"
"HSK 5","9","Bạn có thể tăng cường giao lưu văn hóa không?","你可以加强文化交流吗？","加强文化交流 = tăng cường giao lưu văn hóa"
"HSK 5","9","Bạn có thể đánh giá tác động xã hội không?","你可以评估社会影响吗？","评估社会影响 = đánh giá tác động xã hội"
"HSK 5","10","Tôi hy vọng có thể thúc đẩy phát triển kinh tế.","我希望能够促进经济发展。","促进经济发展 = thúc đẩy phát triển kinh tế"
"HSK 5","10","Tôi hy vọng có thể nâng cao nhận thức cộng đồng.","我希望能够提高公众意识。","提高公众意识 = nâng cao nhận thức cộng đồng"
"HSK 5","10","Tôi hy vọng có thể đối mặt với thách thức.","我希望能够面对挑战。","面对挑战 = đối mặt với thách thức"
"HSK 5","10","Tôi hy vọng có thể bảo đảm quyền lợi người tiêu dùng.","我希望能够保障消费者权益。","保障消费者权益 = bảo đảm quyền lợi người tiêu dùng"
"HSK 5","10","Tôi hy vọng có thể phân bổ nguồn lực hợp lý.","我希望能够合理分配资源。","合理分配资源 = phân bổ nguồn lực hợp lý"
"HSK 5","10","Tôi hy vọng có thể tạo ra cơ hội việc làm.","我希望能够创造就业机会。","创造就业机会 = tạo ra cơ hội việc làm"
"HSK 5","10","Tôi hy vọng có thể duy trì mối quan hệ ổn định.","我希望能够维持稳定关系。","维持稳定关系 = duy trì mối quan hệ ổn định"
"HSK 5","10","Tôi hy vọng có thể thực hiện cải cách toàn diện.","我希望能够实行全面改革。","实行全面改革 = thực hiện cải cách toàn diện"
"HSK 5","10","Tôi hy vọng có thể tăng cường giao lưu văn hóa.","我希望能够加强文化交流。","加强文化交流 = tăng cường giao lưu văn hóa"
"HSK 5","10","Tôi hy vọng có thể đánh giá tác động xã hội.","我希望能够评估社会影响。","评估社会影响 = đánh giá tác động xã hội"
"HSK 5","11","Sau khi thúc đẩy phát triển kinh tế, tôi hiểu hơn.","促进经济发展以后，我更明白了。","促进经济发展 = thúc đẩy phát triển kinh tế"
"HSK 5","11","Sau khi nâng cao nhận thức cộng đồng, tôi hiểu hơn.","提高公众意识以后，我更明白了。","提高公众意识 = nâng cao nhận thức cộng đồng"
"HSK 5","11","Sau khi đối mặt với thách thức, tôi hiểu hơn.","面对挑战以后，我更明白了。","面对挑战 = đối mặt với thách thức"
"HSK 5","11","Sau khi bảo đảm quyền lợi người tiêu dùng, tôi hiểu hơn.","保障消费者权益以后，我更明白了。","保障消费者权益 = bảo đảm quyền lợi người tiêu dùng"
"HSK 5","11","Sau khi phân bổ nguồn lực hợp lý, tôi hiểu hơn.","合理分配资源以后，我更明白了。","合理分配资源 = phân bổ nguồn lực hợp lý"
"HSK 5","11","Sau khi tạo ra cơ hội việc làm, tôi hiểu hơn.","创造就业机会以后，我更明白了。","创造就业机会 = tạo ra cơ hội việc làm"
"HSK 5","11","Sau khi duy trì mối quan hệ ổn định, tôi hiểu hơn.","维持稳定关系以后，我更明白了。","维持稳定关系 = duy trì mối quan hệ ổn định"
"HSK 5","11","Sau khi thực hiện cải cách toàn diện, tôi hiểu hơn.","实行全面改革以后，我更明白了。","实行全面改革 = thực hiện cải cách toàn diện"
"HSK 5","11","Sau khi tăng cường giao lưu văn hóa, tôi hiểu hơn.","加强文化交流以后，我更明白了。","加强文化交流 = tăng cường giao lưu văn hóa"
"HSK 5","11","Sau khi đánh giá tác động xã hội, tôi hiểu hơn.","评估社会影响以后，我更明白了。","评估社会影响 = đánh giá tác động xã hội"
"HSK 5","12","Trước khi thúc đẩy phát triển kinh tế, hãy chuẩn bị kỹ.","促进经济发展以前，请做好准备。","促进经济发展 = thúc đẩy phát triển kinh tế"
"HSK 5","12","Trước khi nâng cao nhận thức cộng đồng, hãy chuẩn bị kỹ.","提高公众意识以前，请做好准备。","提高公众意识 = nâng cao nhận thức cộng đồng"
"HSK 5","12","Trước khi đối mặt với thách thức, hãy chuẩn bị kỹ.","面对挑战以前，请做好准备。","面对挑战 = đối mặt với thách thức"
"HSK 5","12","Trước khi bảo đảm quyền lợi người tiêu dùng, hãy chuẩn bị kỹ.","保障消费者权益以前，请做好准备。","保障消费者权益 = bảo đảm quyền lợi người tiêu dùng"
"HSK 5","12","Trước khi phân bổ nguồn lực hợp lý, hãy chuẩn bị kỹ.","合理分配资源以前，请做好准备。","合理分配资源 = phân bổ nguồn lực hợp lý"
"HSK 5","12","Trước khi tạo ra cơ hội việc làm, hãy chuẩn bị kỹ.","创造就业机会以前，请做好准备。","创造就业机会 = tạo ra cơ hội việc làm"
"HSK 5","12","Trước khi duy trì mối quan hệ ổn định, hãy chuẩn bị kỹ.","维持稳定关系以前，请做好准备。","维持稳定关系 = duy trì mối quan hệ ổn định"
"HSK 5","12","Trước khi thực hiện cải cách toàn diện, hãy chuẩn bị kỹ.","实行全面改革以前，请做好准备。","实行全面改革 = thực hiện cải cách toàn diện"
"HSK 5","12","Trước khi tăng cường giao lưu văn hóa, hãy chuẩn bị kỹ.","加强文化交流以前，请做好准备。","加强文化交流 = tăng cường giao lưu văn hóa"
"HSK 5","12","Trước khi đánh giá tác động xã hội, hãy chuẩn bị kỹ.","评估社会影响以前，请做好准备。","评估社会影响 = đánh giá tác động xã hội"
"HSK 5","13","Tôi không biết làm thế nào để thúc đẩy phát triển kinh tế.","我不知道怎么促进经济发展。","促进经济发展 = thúc đẩy phát triển kinh tế"
"HSK 5","13","Tôi không biết làm thế nào để nâng cao nhận thức cộng đồng.","我不知道怎么提高公众意识。","提高公众意识 = nâng cao nhận thức cộng đồng"
"HSK 5","13","Tôi không biết làm thế nào để đối mặt với thách thức.","我不知道怎么面对挑战。","面对挑战 = đối mặt với thách thức"
"HSK 5","13","Tôi không biết làm thế nào để bảo đảm quyền lợi người tiêu dùng.","我不知道怎么保障消费者权益。","保障消费者权益 = bảo đảm quyền lợi người tiêu dùng"
"HSK 5","13","Tôi không biết làm thế nào để phân bổ nguồn lực hợp lý.","我不知道怎么合理分配资源。","合理分配资源 = phân bổ nguồn lực hợp lý"
"HSK 5","13","Tôi không biết làm thế nào để tạo ra cơ hội việc làm.","我不知道怎么创造就业机会。","创造就业机会 = tạo ra cơ hội việc làm"
"HSK 5","13","Tôi không biết làm thế nào để duy trì mối quan hệ ổn định.","我不知道怎么维持稳定关系。","维持稳定关系 = duy trì mối quan hệ ổn định"
"HSK 5","13","Tôi không biết làm thế nào để thực hiện cải cách toàn diện.","我不知道怎么实行全面改革。","实行全面改革 = thực hiện cải cách toàn diện"
"HSK 5","13","Tôi không biết làm thế nào để tăng cường giao lưu văn hóa.","我不知道怎么加强文化交流。","加强文化交流 = tăng cường giao lưu văn hóa"
"HSK 5","13","Tôi không biết làm thế nào để đánh giá tác động xã hội.","我不知道怎么评估社会影响。","评估社会影响 = đánh giá tác động xã hội"
"HSK 5","14","Tôi tin rằng việc thúc đẩy phát triển kinh tế sẽ có kết quả tốt.","我相信促进经济发展会有好结果。","促进经济发展 = thúc đẩy phát triển kinh tế"
"HSK 5","14","Tôi tin rằng việc nâng cao nhận thức cộng đồng sẽ có kết quả tốt.","我相信提高公众意识会有好结果。","提高公众意识 = nâng cao nhận thức cộng đồng"
"HSK 5","14","Tôi tin rằng việc đối mặt với thách thức sẽ có kết quả tốt.","我相信面对挑战会有好结果。","面对挑战 = đối mặt với thách thức"
"HSK 5","14","Tôi tin rằng việc bảo đảm quyền lợi người tiêu dùng sẽ có kết quả tốt.","我相信保障消费者权益会有好结果。","保障消费者权益 = bảo đảm quyền lợi người tiêu dùng"
"HSK 5","14","Tôi tin rằng việc phân bổ nguồn lực hợp lý sẽ có kết quả tốt.","我相信合理分配资源会有好结果。","合理分配资源 = phân bổ nguồn lực hợp lý"
"HSK 5","14","Tôi tin rằng việc tạo ra cơ hội việc làm sẽ có kết quả tốt.","我相信创造就业机会会有好结果。","创造就业机会 = tạo ra cơ hội việc làm"
"HSK 5","14","Tôi tin rằng việc duy trì mối quan hệ ổn định sẽ có kết quả tốt.","我相信维持稳定关系会有好结果。","维持稳定关系 = duy trì mối quan hệ ổn định"
"HSK 5","14","Tôi tin rằng việc thực hiện cải cách toàn diện sẽ có kết quả tốt.","我相信实行全面改革会有好结果。","实行全面改革 = thực hiện cải cách toàn diện"
"HSK 5","14","Tôi tin rằng việc tăng cường giao lưu văn hóa sẽ có kết quả tốt.","我相信加强文化交流会有好结果。","加强文化交流 = tăng cường giao lưu văn hóa"
"HSK 5","14","Tôi tin rằng việc đánh giá tác động xã hội sẽ có kết quả tốt.","我相信评估社会影响会有好结果。","评估社会影响 = đánh giá tác động xã hội"
"HSK 5","15","Nếu không thúc đẩy phát triển kinh tế, vấn đề sẽ nghiêm trọng hơn.","如果不促进经济发展，问题会更严重。","促进经济发展 = thúc đẩy phát triển kinh tế"
"HSK 5","15","Nếu không nâng cao nhận thức cộng đồng, vấn đề sẽ nghiêm trọng hơn.","如果不提高公众意识，问题会更严重。","提高公众意识 = nâng cao nhận thức cộng đồng"
"HSK 5","15","Nếu không đối mặt với thách thức, vấn đề sẽ nghiêm trọng hơn.","如果不面对挑战，问题会更严重。","面对挑战 = đối mặt với thách thức"
"HSK 5","15","Nếu không bảo đảm quyền lợi người tiêu dùng, vấn đề sẽ nghiêm trọng hơn.","如果不保障消费者权益，问题会更严重。","保障消费者权益 = bảo đảm quyền lợi người tiêu dùng"
"HSK 5","15","Nếu không phân bổ nguồn lực hợp lý, vấn đề sẽ nghiêm trọng hơn.","如果不合理分配资源，问题会更严重。","合理分配资源 = phân bổ nguồn lực hợp lý"
"HSK 5","15","Nếu không tạo ra cơ hội việc làm, vấn đề sẽ nghiêm trọng hơn.","如果不创造就业机会，问题会更严重。","创造就业机会 = tạo ra cơ hội việc làm"
"HSK 5","15","Nếu không duy trì mối quan hệ ổn định, vấn đề sẽ nghiêm trọng hơn.","如果不维持稳定关系，问题会更严重。","维持稳定关系 = duy trì mối quan hệ ổn định"
"HSK 5","15","Nếu không thực hiện cải cách toàn diện, vấn đề sẽ nghiêm trọng hơn.","如果不实行全面改革，问题会更严重。","实行全面改革 = thực hiện cải cách toàn diện"
"HSK 5","15","Nếu không tăng cường giao lưu văn hóa, vấn đề sẽ nghiêm trọng hơn.","如果不加强文化交流，问题会更严重。","加强文化交流 = tăng cường giao lưu văn hóa"
"HSK 5","15","Nếu không đánh giá tác động xã hội, vấn đề sẽ nghiêm trọng hơn.","如果不评估社会影响，问题会更严重。","评估社会影响 = đánh giá tác động xã hội"
"HSK 5","16","Tôi muốn biết cách thúc đẩy phát triển kinh tế hiệu quả hơn.","我想知道如何更有效地促进经济发展。","促进经济发展 = thúc đẩy phát triển kinh tế"
"HSK 5","16","Tôi muốn biết cách nâng cao nhận thức cộng đồng hiệu quả hơn.","我想知道如何更有效地提高公众意识。","提高公众意识 = nâng cao nhận thức cộng đồng"
"HSK 5","16","Tôi muốn biết cách đối mặt với thách thức hiệu quả hơn.","我想知道如何更有效地面对挑战。","面对挑战 = đối mặt với thách thức"
"HSK 5","16","Tôi muốn biết cách bảo đảm quyền lợi người tiêu dùng hiệu quả hơn.","我想知道如何更有效地保障消费者权益。","保障消费者权益 = bảo đảm quyền lợi người tiêu dùng"
"HSK 5","16","Tôi muốn biết cách phân bổ nguồn lực hợp lý hiệu quả hơn.","我想知道如何更有效地合理分配资源。","合理分配资源 = phân bổ nguồn lực hợp lý"
"HSK 5","16","Tôi muốn biết cách tạo ra cơ hội việc làm hiệu quả hơn.","我想知道如何更有效地创造就业机会。","创造就业机会 = tạo ra cơ hội việc làm"
"HSK 5","16","Tôi muốn biết cách duy trì mối quan hệ ổn định hiệu quả hơn.","我想知道如何更有效地维持稳定关系。","维持稳定关系 = duy trì mối quan hệ ổn định"
"HSK 5","16","Tôi muốn biết cách thực hiện cải cách toàn diện hiệu quả hơn.","我想知道如何更有效地实行全面改革。","实行全面改革 = thực hiện cải cách toàn diện"
"HSK 5","16","Tôi muốn biết cách tăng cường giao lưu văn hóa hiệu quả hơn.","我想知道如何更有效地加强文化交流。","加强文化交流 = tăng cường giao lưu văn hóa"
"HSK 5","16","Tôi muốn biết cách đánh giá tác động xã hội hiệu quả hơn.","我想知道如何更有效地评估社会影响。","评估社会影响 = đánh giá tác động xã hội"
"HSK 5","17","Việc thúc đẩy phát triển kinh tế đòi hỏi nhiều thời gian.","促进经济发展需要很多时间。","促进经济发展 = thúc đẩy phát triển kinh tế"
"HSK 5","17","Việc nâng cao nhận thức cộng đồng đòi hỏi nhiều thời gian.","提高公众意识需要很多时间。","提高公众意识 = nâng cao nhận thức cộng đồng"
"HSK 5","17","Việc đối mặt với thách thức đòi hỏi nhiều thời gian.","面对挑战需要很多时间。","面对挑战 = đối mặt với thách thức"
"HSK 5","17","Việc bảo đảm quyền lợi người tiêu dùng đòi hỏi nhiều thời gian.","保障消费者权益需要很多时间。","保障消费者权益 = bảo đảm quyền lợi người tiêu dùng"
"HSK 5","17","Việc phân bổ nguồn lực hợp lý đòi hỏi nhiều thời gian.","合理分配资源需要很多时间。","合理分配资源 = phân bổ nguồn lực hợp lý"
"HSK 5","17","Việc tạo ra cơ hội việc làm đòi hỏi nhiều thời gian.","创造就业机会需要很多时间。","创造就业机会 = tạo ra cơ hội việc làm"
"HSK 5","17","Việc duy trì mối quan hệ ổn định đòi hỏi nhiều thời gian.","维持稳定关系需要很多时间。","维持稳定关系 = duy trì mối quan hệ ổn định"
"HSK 5","17","Việc thực hiện cải cách toàn diện đòi hỏi nhiều thời gian.","实行全面改革需要很多时间。","实行全面改革 = thực hiện cải cách toàn diện"
"HSK 5","17","Việc tăng cường giao lưu văn hóa đòi hỏi nhiều thời gian.","加强文化交流需要很多时间。","加强文化交流 = tăng cường giao lưu văn hóa"
"HSK 5","17","Việc đánh giá tác động xã hội đòi hỏi nhiều thời gian.","评估社会影响需要很多时间。","评估社会影响 = đánh giá tác động xã hội"
"HSK 5","18","Các chuyên gia đang nghiên cứu làm thế nào để thúc đẩy phát triển kinh tế.","专家正在研究如何促进经济发展。","促进经济发展 = thúc đẩy phát triển kinh tế"
"HSK 5","18","Các chuyên gia đang nghiên cứu làm thế nào để nâng cao nhận thức cộng đồng.","专家正在研究如何提高公众意识。","提高公众意识 = nâng cao nhận thức cộng đồng"
"HSK 5","18","Các chuyên gia đang nghiên cứu làm thế nào để đối mặt với thách thức.","专家正在研究如何面对挑战。","面对挑战 = đối mặt với thách thức"
"HSK 5","18","Các chuyên gia đang nghiên cứu làm thế nào để bảo đảm quyền lợi người tiêu dùng.","专家正在研究如何保障消费者权益。","保障消费者权益 = bảo đảm quyền lợi người tiêu dùng"
"HSK 5","18","Các chuyên gia đang nghiên cứu làm thế nào để phân bổ nguồn lực hợp lý.","专家正在研究如何合理分配资源。","合理分配资源 = phân bổ nguồn lực hợp lý"
"HSK 5","18","Các chuyên gia đang nghiên cứu làm thế nào để tạo ra cơ hội việc làm.","专家正在研究如何创造就业机会。","创造就业机会 = tạo ra cơ hội việc làm"
"HSK 5","18","Các chuyên gia đang nghiên cứu làm thế nào để duy trì mối quan hệ ổn định.","专家正在研究如何维持稳定关系。","维持稳定关系 = duy trì mối quan hệ ổn định"
"HSK 5","18","Các chuyên gia đang nghiên cứu làm thế nào để thực hiện cải cách toàn diện.","专家正在研究如何实行全面改革。","实行全面改革 = thực hiện cải cách toàn diện"
"HSK 5","18","Các chuyên gia đang nghiên cứu làm thế nào để tăng cường giao lưu văn hóa.","专家正在研究如何加强文化交流。","加强文化交流 = tăng cường giao lưu văn hóa"
"HSK 5","18","Các chuyên gia đang nghiên cứu làm thế nào để đánh giá tác động xã hội.","专家正在研究如何评估社会影响。","评估社会影响 = đánh giá tác động xã hội"
"HSK 5","19","Mục tiêu cuối cùng là thúc đẩy phát triển kinh tế.","最终目标是促进经济发展。","促进经济发展 = thúc đẩy phát triển kinh tế"
"HSK 5","19","Mục tiêu cuối cùng là nâng cao nhận thức cộng đồng.","最终目标是提高公众意识。","提高公众意识 = nâng cao nhận thức cộng đồng"
"HSK 5","19","Mục tiêu cuối cùng là đối mặt với thách thức.","最终目标是面对挑战。","面对挑战 = đối mặt với thách thức"
"HSK 5","19","Mục tiêu cuối cùng là bảo đảm quyền lợi người tiêu dùng.","最终目标是保障消费者权益。","保障消费者权益 = bảo đảm quyền lợi người tiêu dùng"
"HSK 5","19","Mục tiêu cuối cùng là phân bổ nguồn lực hợp lý.","最终目标是合理分配资源。","合理分配资源 = phân bổ nguồn lực hợp lý"
"HSK 5","19","Mục tiêu cuối cùng là tạo ra cơ hội việc làm.","最终目标是创造就业机会。","创造就业机会 = tạo ra cơ hội việc làm"
"HSK 5","19","Mục tiêu cuối cùng là duy trì mối quan hệ ổn định.","最终目标是维持稳定关系。","维持稳定关系 = duy trì mối quan hệ ổn định"
"HSK 5","19","Mục tiêu cuối cùng là thực hiện cải cách toàn diện.","最终目标是实行全面改革。","实行全面改革 = thực hiện cải cách toàn diện"
"HSK 5","19","Mục tiêu cuối cùng là tăng cường giao lưu văn hóa.","最终目标是加强文化交流。","加强文化交流 = tăng cường giao lưu văn hóa"
"HSK 5","19","Mục tiêu cuối cùng là đánh giá tác động xã hội.","最终目标是评估社会影响。","评估社会影响 = đánh giá tác động xã hội"
"HSK 5","20","Kết quả phụ thuộc vào việc chúng ta có thể thúc đẩy phát triển kinh tế hay không.","结果取决于我们能否促进经济发展。","促进经济发展 = thúc đẩy phát triển kinh tế"
"HSK 5","20","Kết quả phụ thuộc vào việc chúng ta có thể nâng cao nhận thức cộng đồng hay không.","结果取决于我们能否提高公众意识。","提高公众意识 = nâng cao nhận thức cộng đồng"
"HSK 5","20","Kết quả phụ thuộc vào việc chúng ta có thể đối mặt với thách thức hay không.","结果取决于我们能否面对挑战。","面对挑战 = đối mặt với thách thức"
"HSK 5","20","Kết quả phụ thuộc vào việc chúng ta có thể bảo đảm quyền lợi người tiêu dùng hay không.","结果取决于我们能否保障消费者权益。","保障消费者权益 = bảo đảm quyền lợi người tiêu dùng"
"HSK 5","20","Kết quả phụ thuộc vào việc chúng ta có thể phân bổ nguồn lực hợp lý hay không.","结果取决于我们能否合理分配资源。","合理分配资源 = phân bổ nguồn lực hợp lý"
"HSK 5","20","Kết quả phụ thuộc vào việc chúng ta có thể tạo ra cơ hội việc làm hay không.","结果取决于我们能否创造就业机会。","创造就业机会 = tạo ra cơ hội việc làm"
"HSK 5","20","Kết quả phụ thuộc vào việc chúng ta có thể duy trì mối quan hệ ổn định hay không.","结果取决于我们能否维持稳定关系。","维持稳定关系 = duy trì mối quan hệ ổn định"
"HSK 5","20","Kết quả phụ thuộc vào việc chúng ta có thể thực hiện cải cách toàn diện hay không.","结果取决于我们能否实行全面改革。","实行全面改革 = thực hiện cải cách toàn diện"
"HSK 5","20","Kết quả phụ thuộc vào việc chúng ta có thể tăng cường giao lưu văn hóa hay không.","结果取决于我们能否加强文化交流。","加强文化交流 = tăng cường giao lưu văn hóa"
"HSK 5","20","Kết quả phụ thuộc vào việc chúng ta có thể đánh giá tác động xã hội hay không.","结果取决于我们能否评估社会影响。","评估社会影响 = đánh giá tác động xã hội"
"HSK 6","1","Tôi thường thúc đẩy chuyển đổi số.","我通常推动数字化转型。","推动数字化转型 = thúc đẩy chuyển đổi số"
"HSK 6","1","Tôi thường tối ưu hóa cơ cấu công nghiệp.","我通常优化产业结构。","优化产业结构 = tối ưu hóa cơ cấu công nghiệp"
"HSK 6","1","Tôi thường nâng cao năng lực cạnh tranh.","我通常提升竞争力。","提升竞争力 = nâng cao năng lực cạnh tranh"
"HSK 6","1","Tôi thường giải quyết mâu thuẫn xã hội.","我通常解决社会矛盾。","解决社会矛盾 = giải quyết mâu thuẫn xã hội"
"HSK 6","1","Tôi thường xây dựng cơ chế minh bạch.","我通常建立透明机制。","建立透明机制 = xây dựng cơ chế minh bạch"
"HSK 6","1","Tôi thường ứng phó với biến đổi khí hậu.","我通常应对气候变化。","应对气候变化 = ứng phó với biến đổi khí hậu"
"HSK 6","1","Tôi thường thúc đẩy phát triển bền vững.","我通常促进可持续发展。","促进可持续发展 = thúc đẩy phát triển bền vững"
"HSK 6","1","Tôi thường tăng cường quản trị rủi ro.","我通常加强风险管理。","加强风险管理 = tăng cường quản trị rủi ro"
"HSK 6","1","Tôi thường mở rộng hợp tác quốc tế.","我通常拓展国际合作。","拓展国际合作 = mở rộng hợp tác quốc tế"
"HSK 6","1","Tôi thường bảo tồn di sản văn hóa.","我通常保护文化遗产。","保护文化遗产 = bảo tồn di sản văn hóa"
"HSK 6","2","Tôi muốn thúc đẩy chuyển đổi số.","我想推动数字化转型。","推动数字化转型 = thúc đẩy chuyển đổi số"
"HSK 6","2","Tôi muốn tối ưu hóa cơ cấu công nghiệp.","我想优化产业结构。","优化产业结构 = tối ưu hóa cơ cấu công nghiệp"
"HSK 6","2","Tôi muốn nâng cao năng lực cạnh tranh.","我想提升竞争力。","提升竞争力 = nâng cao năng lực cạnh tranh"
"HSK 6","2","Tôi muốn giải quyết mâu thuẫn xã hội.","我想解决社会矛盾。","解决社会矛盾 = giải quyết mâu thuẫn xã hội"
"HSK 6","2","Tôi muốn xây dựng cơ chế minh bạch.","我想建立透明机制。","建立透明机制 = xây dựng cơ chế minh bạch"
"HSK 6","2","Tôi muốn ứng phó với biến đổi khí hậu.","我想应对气候变化。","应对气候变化 = ứng phó với biến đổi khí hậu"
"HSK 6","2","Tôi muốn thúc đẩy phát triển bền vững.","我想促进可持续发展。","促进可持续发展 = thúc đẩy phát triển bền vững"
"HSK 6","2","Tôi muốn tăng cường quản trị rủi ro.","我想加强风险管理。","加强风险管理 = tăng cường quản trị rủi ro"
"HSK 6","2","Tôi muốn mở rộng hợp tác quốc tế.","我想拓展国际合作。","拓展国际合作 = mở rộng hợp tác quốc tế"
"HSK 6","2","Tôi muốn bảo tồn di sản văn hóa.","我想保护文化遗产。","保护文化遗产 = bảo tồn di sản văn hóa"
"HSK 6","3","Tôi đang thúc đẩy chuyển đổi số.","我正在推动数字化转型。","推动数字化转型 = thúc đẩy chuyển đổi số"
"HSK 6","3","Tôi đang tối ưu hóa cơ cấu công nghiệp.","我正在优化产业结构。","优化产业结构 = tối ưu hóa cơ cấu công nghiệp"
"HSK 6","3","Tôi đang nâng cao năng lực cạnh tranh.","我正在提升竞争力。","提升竞争力 = nâng cao năng lực cạnh tranh"
"HSK 6","3","Tôi đang giải quyết mâu thuẫn xã hội.","我正在解决社会矛盾。","解决社会矛盾 = giải quyết mâu thuẫn xã hội"
"HSK 6","3","Tôi đang xây dựng cơ chế minh bạch.","我正在建立透明机制。","建立透明机制 = xây dựng cơ chế minh bạch"
"HSK 6","3","Tôi đang ứng phó với biến đổi khí hậu.","我正在应对气候变化。","应对气候变化 = ứng phó với biến đổi khí hậu"
"HSK 6","3","Tôi đang thúc đẩy phát triển bền vững.","我正在促进可持续发展。","促进可持续发展 = thúc đẩy phát triển bền vững"
"HSK 6","3","Tôi đang tăng cường quản trị rủi ro.","我正在加强风险管理。","加强风险管理 = tăng cường quản trị rủi ro"
"HSK 6","3","Tôi đang mở rộng hợp tác quốc tế.","我正在拓展国际合作。","拓展国际合作 = mở rộng hợp tác quốc tế"
"HSK 6","3","Tôi đang bảo tồn di sản văn hóa.","我正在保护文化遗产。","保护文化遗产 = bảo tồn di sản văn hóa"
"HSK 6","4","Nếu có thời gian, tôi sẽ thúc đẩy chuyển đổi số.","如果有时间，我就会推动数字化转型。","推动数字化转型 = thúc đẩy chuyển đổi số"
"HSK 6","4","Nếu có thời gian, tôi sẽ tối ưu hóa cơ cấu công nghiệp.","如果有时间，我就会优化产业结构。","优化产业结构 = tối ưu hóa cơ cấu công nghiệp"
"HSK 6","4","Nếu có thời gian, tôi sẽ nâng cao năng lực cạnh tranh.","如果有时间，我就会提升竞争力。","提升竞争力 = nâng cao năng lực cạnh tranh"
"HSK 6","4","Nếu có thời gian, tôi sẽ giải quyết mâu thuẫn xã hội.","如果有时间，我就会解决社会矛盾。","解决社会矛盾 = giải quyết mâu thuẫn xã hội"
"HSK 6","4","Nếu có thời gian, tôi sẽ xây dựng cơ chế minh bạch.","如果有时间，我就会建立透明机制。","建立透明机制 = xây dựng cơ chế minh bạch"
"HSK 6","4","Nếu có thời gian, tôi sẽ ứng phó với biến đổi khí hậu.","如果有时间，我就会应对气候变化。","应对气候变化 = ứng phó với biến đổi khí hậu"
"HSK 6","4","Nếu có thời gian, tôi sẽ thúc đẩy phát triển bền vững.","如果有时间，我就会促进可持续发展。","促进可持续发展 = thúc đẩy phát triển bền vững"
"HSK 6","4","Nếu có thời gian, tôi sẽ tăng cường quản trị rủi ro.","如果有时间，我就会加强风险管理。","加强风险管理 = tăng cường quản trị rủi ro"
"HSK 6","4","Nếu có thời gian, tôi sẽ mở rộng hợp tác quốc tế.","如果有时间，我就会拓展国际合作。","拓展国际合作 = mở rộng hợp tác quốc tế"
"HSK 6","4","Nếu có thời gian, tôi sẽ bảo tồn di sản văn hóa.","如果有时间，我就会保护文化遗产。","保护文化遗产 = bảo tồn di sản văn hóa"
"HSK 6","5","Việc thúc đẩy chuyển đổi số rất quan trọng.","推动数字化转型很重要。","推动数字化转型 = thúc đẩy chuyển đổi số"
"HSK 6","5","Việc tối ưu hóa cơ cấu công nghiệp rất quan trọng.","优化产业结构很重要。","优化产业结构 = tối ưu hóa cơ cấu công nghiệp"
"HSK 6","5","Việc nâng cao năng lực cạnh tranh rất quan trọng.","提升竞争力很重要。","提升竞争力 = nâng cao năng lực cạnh tranh"
"HSK 6","5","Việc giải quyết mâu thuẫn xã hội rất quan trọng.","解决社会矛盾很重要。","解决社会矛盾 = giải quyết mâu thuẫn xã hội"
"HSK 6","5","Việc xây dựng cơ chế minh bạch rất quan trọng.","建立透明机制很重要。","建立透明机制 = xây dựng cơ chế minh bạch"
"HSK 6","5","Việc ứng phó với biến đổi khí hậu rất quan trọng.","应对气候变化很重要。","应对气候变化 = ứng phó với biến đổi khí hậu"
"HSK 6","5","Việc thúc đẩy phát triển bền vững rất quan trọng.","促进可持续发展很重要。","促进可持续发展 = thúc đẩy phát triển bền vững"
"HSK 6","5","Việc tăng cường quản trị rủi ro rất quan trọng.","加强风险管理很重要。","加强风险管理 = tăng cường quản trị rủi ro"
"HSK 6","5","Việc mở rộng hợp tác quốc tế rất quan trọng.","拓展国际合作很重要。","拓展国际合作 = mở rộng hợp tác quốc tế"
"HSK 6","5","Việc bảo tồn di sản văn hóa rất quan trọng.","保护文化遗产很重要。","保护文化遗产 = bảo tồn di sản văn hóa"
"HSK 6","6","Chúng ta nên cùng nhau thúc đẩy chuyển đổi số.","我们应该一起推动数字化转型。","推动数字化转型 = thúc đẩy chuyển đổi số"
"HSK 6","6","Chúng ta nên cùng nhau tối ưu hóa cơ cấu công nghiệp.","我们应该一起优化产业结构。","优化产业结构 = tối ưu hóa cơ cấu công nghiệp"
"HSK 6","6","Chúng ta nên cùng nhau nâng cao năng lực cạnh tranh.","我们应该一起提升竞争力。","提升竞争力 = nâng cao năng lực cạnh tranh"
"HSK 6","6","Chúng ta nên cùng nhau giải quyết mâu thuẫn xã hội.","我们应该一起解决社会矛盾。","解决社会矛盾 = giải quyết mâu thuẫn xã hội"
"HSK 6","6","Chúng ta nên cùng nhau xây dựng cơ chế minh bạch.","我们应该一起建立透明机制。","建立透明机制 = xây dựng cơ chế minh bạch"
"HSK 6","6","Chúng ta nên cùng nhau ứng phó với biến đổi khí hậu.","我们应该一起应对气候变化。","应对气候变化 = ứng phó với biến đổi khí hậu"
"HSK 6","6","Chúng ta nên cùng nhau thúc đẩy phát triển bền vững.","我们应该一起促进可持续发展。","促进可持续发展 = thúc đẩy phát triển bền vững"
"HSK 6","6","Chúng ta nên cùng nhau tăng cường quản trị rủi ro.","我们应该一起加强风险管理。","加强风险管理 = tăng cường quản trị rủi ro"
"HSK 6","6","Chúng ta nên cùng nhau mở rộng hợp tác quốc tế.","我们应该一起拓展国际合作。","拓展国际合作 = mở rộng hợp tác quốc tế"
"HSK 6","6","Chúng ta nên cùng nhau bảo tồn di sản văn hóa.","我们应该一起保护文化遗产。","保护文化遗产 = bảo tồn di sản văn hóa"
"HSK 6","7","Tôi đã thúc đẩy chuyển đổi số.","我已经推动数字化转型了。","推动数字化转型 = thúc đẩy chuyển đổi số"
"HSK 6","7","Tôi đã tối ưu hóa cơ cấu công nghiệp.","我已经优化产业结构了。","优化产业结构 = tối ưu hóa cơ cấu công nghiệp"
"HSK 6","7","Tôi đã nâng cao năng lực cạnh tranh.","我已经提升竞争力了。","提升竞争力 = nâng cao năng lực cạnh tranh"
"HSK 6","7","Tôi đã giải quyết mâu thuẫn xã hội.","我已经解决社会矛盾了。","解决社会矛盾 = giải quyết mâu thuẫn xã hội"
"HSK 6","7","Tôi đã xây dựng cơ chế minh bạch.","我已经建立透明机制了。","建立透明机制 = xây dựng cơ chế minh bạch"
"HSK 6","7","Tôi đã ứng phó với biến đổi khí hậu.","我已经应对气候变化了。","应对气候变化 = ứng phó với biến đổi khí hậu"
"HSK 6","7","Tôi đã thúc đẩy phát triển bền vững.","我已经促进可持续发展了。","促进可持续发展 = thúc đẩy phát triển bền vững"
"HSK 6","7","Tôi đã tăng cường quản trị rủi ro.","我已经加强风险管理了。","加强风险管理 = tăng cường quản trị rủi ro"
"HSK 6","7","Tôi đã mở rộng hợp tác quốc tế.","我已经拓展国际合作了。","拓展国际合作 = mở rộng hợp tác quốc tế"
"HSK 6","7","Tôi đã bảo tồn di sản văn hóa.","我已经保护文化遗产了。","保护文化遗产 = bảo tồn di sản văn hóa"
"HSK 6","8","Tôi chưa thúc đẩy chuyển đổi số.","我还没推动数字化转型。","推动数字化转型 = thúc đẩy chuyển đổi số"
"HSK 6","8","Tôi chưa tối ưu hóa cơ cấu công nghiệp.","我还没优化产业结构。","优化产业结构 = tối ưu hóa cơ cấu công nghiệp"
"HSK 6","8","Tôi chưa nâng cao năng lực cạnh tranh.","我还没提升竞争力。","提升竞争力 = nâng cao năng lực cạnh tranh"
"HSK 6","8","Tôi chưa giải quyết mâu thuẫn xã hội.","我还没解决社会矛盾。","解决社会矛盾 = giải quyết mâu thuẫn xã hội"
"HSK 6","8","Tôi chưa xây dựng cơ chế minh bạch.","我还没建立透明机制。","建立透明机制 = xây dựng cơ chế minh bạch"
"HSK 6","8","Tôi chưa ứng phó với biến đổi khí hậu.","我还没应对气候变化。","应对气候变化 = ứng phó với biến đổi khí hậu"
"HSK 6","8","Tôi chưa thúc đẩy phát triển bền vững.","我还没促进可持续发展。","促进可持续发展 = thúc đẩy phát triển bền vững"
"HSK 6","8","Tôi chưa tăng cường quản trị rủi ro.","我还没加强风险管理。","加强风险管理 = tăng cường quản trị rủi ro"
"HSK 6","8","Tôi chưa mở rộng hợp tác quốc tế.","我还没拓展国际合作。","拓展国际合作 = mở rộng hợp tác quốc tế"
"HSK 6","8","Tôi chưa bảo tồn di sản văn hóa.","我还没保护文化遗产。","保护文化遗产 = bảo tồn di sản văn hóa"
"HSK 6","9","Bạn có thể thúc đẩy chuyển đổi số không?","你可以推动数字化转型吗？","推动数字化转型 = thúc đẩy chuyển đổi số"
"HSK 6","9","Bạn có thể tối ưu hóa cơ cấu công nghiệp không?","你可以优化产业结构吗？","优化产业结构 = tối ưu hóa cơ cấu công nghiệp"
"HSK 6","9","Bạn có thể nâng cao năng lực cạnh tranh không?","你可以提升竞争力吗？","提升竞争力 = nâng cao năng lực cạnh tranh"
"HSK 6","9","Bạn có thể giải quyết mâu thuẫn xã hội không?","你可以解决社会矛盾吗？","解决社会矛盾 = giải quyết mâu thuẫn xã hội"
"HSK 6","9","Bạn có thể xây dựng cơ chế minh bạch không?","你可以建立透明机制吗？","建立透明机制 = xây dựng cơ chế minh bạch"
"HSK 6","9","Bạn có thể ứng phó với biến đổi khí hậu không?","你可以应对气候变化吗？","应对气候变化 = ứng phó với biến đổi khí hậu"
"HSK 6","9","Bạn có thể thúc đẩy phát triển bền vững không?","你可以促进可持续发展吗？","促进可持续发展 = thúc đẩy phát triển bền vững"
"HSK 6","9","Bạn có thể tăng cường quản trị rủi ro không?","你可以加强风险管理吗？","加强风险管理 = tăng cường quản trị rủi ro"
"HSK 6","9","Bạn có thể mở rộng hợp tác quốc tế không?","你可以拓展国际合作吗？","拓展国际合作 = mở rộng hợp tác quốc tế"
"HSK 6","9","Bạn có thể bảo tồn di sản văn hóa không?","你可以保护文化遗产吗？","保护文化遗产 = bảo tồn di sản văn hóa"
"HSK 6","10","Tôi hy vọng có thể thúc đẩy chuyển đổi số.","我希望能够推动数字化转型。","推动数字化转型 = thúc đẩy chuyển đổi số"
"HSK 6","10","Tôi hy vọng có thể tối ưu hóa cơ cấu công nghiệp.","我希望能够优化产业结构。","优化产业结构 = tối ưu hóa cơ cấu công nghiệp"
"HSK 6","10","Tôi hy vọng có thể nâng cao năng lực cạnh tranh.","我希望能够提升竞争力。","提升竞争力 = nâng cao năng lực cạnh tranh"
"HSK 6","10","Tôi hy vọng có thể giải quyết mâu thuẫn xã hội.","我希望能够解决社会矛盾。","解决社会矛盾 = giải quyết mâu thuẫn xã hội"
"HSK 6","10","Tôi hy vọng có thể xây dựng cơ chế minh bạch.","我希望能够建立透明机制。","建立透明机制 = xây dựng cơ chế minh bạch"
"HSK 6","10","Tôi hy vọng có thể ứng phó với biến đổi khí hậu.","我希望能够应对气候变化。","应对气候变化 = ứng phó với biến đổi khí hậu"
"HSK 6","10","Tôi hy vọng có thể thúc đẩy phát triển bền vững.","我希望能够促进可持续发展。","促进可持续发展 = thúc đẩy phát triển bền vững"
"HSK 6","10","Tôi hy vọng có thể tăng cường quản trị rủi ro.","我希望能够加强风险管理。","加强风险管理 = tăng cường quản trị rủi ro"
"HSK 6","10","Tôi hy vọng có thể mở rộng hợp tác quốc tế.","我希望能够拓展国际合作。","拓展国际合作 = mở rộng hợp tác quốc tế"
"HSK 6","10","Tôi hy vọng có thể bảo tồn di sản văn hóa.","我希望能够保护文化遗产。","保护文化遗产 = bảo tồn di sản văn hóa"
"HSK 6","11","Sau khi thúc đẩy chuyển đổi số, tôi hiểu hơn.","推动数字化转型以后，我更明白了。","推动数字化转型 = thúc đẩy chuyển đổi số"
"HSK 6","11","Sau khi tối ưu hóa cơ cấu công nghiệp, tôi hiểu hơn.","优化产业结构以后，我更明白了。","优化产业结构 = tối ưu hóa cơ cấu công nghiệp"
"HSK 6","11","Sau khi nâng cao năng lực cạnh tranh, tôi hiểu hơn.","提升竞争力以后，我更明白了。","提升竞争力 = nâng cao năng lực cạnh tranh"
"HSK 6","11","Sau khi giải quyết mâu thuẫn xã hội, tôi hiểu hơn.","解决社会矛盾以后，我更明白了。","解决社会矛盾 = giải quyết mâu thuẫn xã hội"
"HSK 6","11","Sau khi xây dựng cơ chế minh bạch, tôi hiểu hơn.","建立透明机制以后，我更明白了。","建立透明机制 = xây dựng cơ chế minh bạch"
"HSK 6","11","Sau khi ứng phó với biến đổi khí hậu, tôi hiểu hơn.","应对气候变化以后，我更明白了。","应对气候变化 = ứng phó với biến đổi khí hậu"
"HSK 6","11","Sau khi thúc đẩy phát triển bền vững, tôi hiểu hơn.","促进可持续发展以后，我更明白了。","促进可持续发展 = thúc đẩy phát triển bền vững"
"HSK 6","11","Sau khi tăng cường quản trị rủi ro, tôi hiểu hơn.","加强风险管理以后，我更明白了。","加强风险管理 = tăng cường quản trị rủi ro"
"HSK 6","11","Sau khi mở rộng hợp tác quốc tế, tôi hiểu hơn.","拓展国际合作以后，我更明白了。","拓展国际合作 = mở rộng hợp tác quốc tế"
"HSK 6","11","Sau khi bảo tồn di sản văn hóa, tôi hiểu hơn.","保护文化遗产以后，我更明白了。","保护文化遗产 = bảo tồn di sản văn hóa"
"HSK 6","12","Trước khi thúc đẩy chuyển đổi số, hãy chuẩn bị kỹ.","推动数字化转型以前，请做好准备。","推动数字化转型 = thúc đẩy chuyển đổi số"
"HSK 6","12","Trước khi tối ưu hóa cơ cấu công nghiệp, hãy chuẩn bị kỹ.","优化产业结构以前，请做好准备。","优化产业结构 = tối ưu hóa cơ cấu công nghiệp"
"HSK 6","12","Trước khi nâng cao năng lực cạnh tranh, hãy chuẩn bị kỹ.","提升竞争力以前，请做好准备。","提升竞争力 = nâng cao năng lực cạnh tranh"
"HSK 6","12","Trước khi giải quyết mâu thuẫn xã hội, hãy chuẩn bị kỹ.","解决社会矛盾以前，请做好准备。","解决社会矛盾 = giải quyết mâu thuẫn xã hội"
"HSK 6","12","Trước khi xây dựng cơ chế minh bạch, hãy chuẩn bị kỹ.","建立透明机制以前，请做好准备。","建立透明机制 = xây dựng cơ chế minh bạch"
"HSK 6","12","Trước khi ứng phó với biến đổi khí hậu, hãy chuẩn bị kỹ.","应对气候变化以前，请做好准备。","应对气候变化 = ứng phó với biến đổi khí hậu"
"HSK 6","12","Trước khi thúc đẩy phát triển bền vững, hãy chuẩn bị kỹ.","促进可持续发展以前，请做好准备。","促进可持续发展 = thúc đẩy phát triển bền vững"
"HSK 6","12","Trước khi tăng cường quản trị rủi ro, hãy chuẩn bị kỹ.","加强风险管理以前，请做好准备。","加强风险管理 = tăng cường quản trị rủi ro"
"HSK 6","12","Trước khi mở rộng hợp tác quốc tế, hãy chuẩn bị kỹ.","拓展国际合作以前，请做好准备。","拓展国际合作 = mở rộng hợp tác quốc tế"
"HSK 6","12","Trước khi bảo tồn di sản văn hóa, hãy chuẩn bị kỹ.","保护文化遗产以前，请做好准备。","保护文化遗产 = bảo tồn di sản văn hóa"
"HSK 6","13","Tôi không biết làm thế nào để thúc đẩy chuyển đổi số.","我不知道怎么推动数字化转型。","推动数字化转型 = thúc đẩy chuyển đổi số"
"HSK 6","13","Tôi không biết làm thế nào để tối ưu hóa cơ cấu công nghiệp.","我不知道怎么优化产业结构。","优化产业结构 = tối ưu hóa cơ cấu công nghiệp"
"HSK 6","13","Tôi không biết làm thế nào để nâng cao năng lực cạnh tranh.","我不知道怎么提升竞争力。","提升竞争力 = nâng cao năng lực cạnh tranh"
"HSK 6","13","Tôi không biết làm thế nào để giải quyết mâu thuẫn xã hội.","我不知道怎么解决社会矛盾。","解决社会矛盾 = giải quyết mâu thuẫn xã hội"
"HSK 6","13","Tôi không biết làm thế nào để xây dựng cơ chế minh bạch.","我不知道怎么建立透明机制。","建立透明机制 = xây dựng cơ chế minh bạch"
"HSK 6","13","Tôi không biết làm thế nào để ứng phó với biến đổi khí hậu.","我不知道怎么应对气候变化。","应对气候变化 = ứng phó với biến đổi khí hậu"
"HSK 6","13","Tôi không biết làm thế nào để thúc đẩy phát triển bền vững.","我不知道怎么促进可持续发展。","促进可持续发展 = thúc đẩy phát triển bền vững"
"HSK 6","13","Tôi không biết làm thế nào để tăng cường quản trị rủi ro.","我不知道怎么加强风险管理。","加强风险管理 = tăng cường quản trị rủi ro"
"HSK 6","13","Tôi không biết làm thế nào để mở rộng hợp tác quốc tế.","我不知道怎么拓展国际合作。","拓展国际合作 = mở rộng hợp tác quốc tế"
"HSK 6","13","Tôi không biết làm thế nào để bảo tồn di sản văn hóa.","我不知道怎么保护文化遗产。","保护文化遗产 = bảo tồn di sản văn hóa"
"HSK 6","14","Tôi tin rằng việc thúc đẩy chuyển đổi số sẽ có kết quả tốt.","我相信推动数字化转型会有好结果。","推动数字化转型 = thúc đẩy chuyển đổi số"
"HSK 6","14","Tôi tin rằng việc tối ưu hóa cơ cấu công nghiệp sẽ có kết quả tốt.","我相信优化产业结构会有好结果。","优化产业结构 = tối ưu hóa cơ cấu công nghiệp"
"HSK 6","14","Tôi tin rằng việc nâng cao năng lực cạnh tranh sẽ có kết quả tốt.","我相信提升竞争力会有好结果。","提升竞争力 = nâng cao năng lực cạnh tranh"
"HSK 6","14","Tôi tin rằng việc giải quyết mâu thuẫn xã hội sẽ có kết quả tốt.","我相信解决社会矛盾会有好结果。","解决社会矛盾 = giải quyết mâu thuẫn xã hội"
"HSK 6","14","Tôi tin rằng việc xây dựng cơ chế minh bạch sẽ có kết quả tốt.","我相信建立透明机制会有好结果。","建立透明机制 = xây dựng cơ chế minh bạch"
"HSK 6","14","Tôi tin rằng việc ứng phó với biến đổi khí hậu sẽ có kết quả tốt.","我相信应对气候变化会有好结果。","应对气候变化 = ứng phó với biến đổi khí hậu"
"HSK 6","14","Tôi tin rằng việc thúc đẩy phát triển bền vững sẽ có kết quả tốt.","我相信促进可持续发展会有好结果。","促进可持续发展 = thúc đẩy phát triển bền vững"
"HSK 6","14","Tôi tin rằng việc tăng cường quản trị rủi ro sẽ có kết quả tốt.","我相信加强风险管理会有好结果。","加强风险管理 = tăng cường quản trị rủi ro"
"HSK 6","14","Tôi tin rằng việc mở rộng hợp tác quốc tế sẽ có kết quả tốt.","我相信拓展国际合作会有好结果。","拓展国际合作 = mở rộng hợp tác quốc tế"
"HSK 6","14","Tôi tin rằng việc bảo tồn di sản văn hóa sẽ có kết quả tốt.","我相信保护文化遗产会有好结果。","保护文化遗产 = bảo tồn di sản văn hóa"
"HSK 6","15","Nếu không thúc đẩy chuyển đổi số, vấn đề sẽ nghiêm trọng hơn.","如果不推动数字化转型，问题会更严重。","推动数字化转型 = thúc đẩy chuyển đổi số"
"HSK 6","15","Nếu không tối ưu hóa cơ cấu công nghiệp, vấn đề sẽ nghiêm trọng hơn.","如果不优化产业结构，问题会更严重。","优化产业结构 = tối ưu hóa cơ cấu công nghiệp"
"HSK 6","15","Nếu không nâng cao năng lực cạnh tranh, vấn đề sẽ nghiêm trọng hơn.","如果不提升竞争力，问题会更严重。","提升竞争力 = nâng cao năng lực cạnh tranh"
"HSK 6","15","Nếu không giải quyết mâu thuẫn xã hội, vấn đề sẽ nghiêm trọng hơn.","如果不解决社会矛盾，问题会更严重。","解决社会矛盾 = giải quyết mâu thuẫn xã hội"
"HSK 6","15","Nếu không xây dựng cơ chế minh bạch, vấn đề sẽ nghiêm trọng hơn.","如果不建立透明机制，问题会更严重。","建立透明机制 = xây dựng cơ chế minh bạch"
"HSK 6","15","Nếu không ứng phó với biến đổi khí hậu, vấn đề sẽ nghiêm trọng hơn.","如果不应对气候变化，问题会更严重。","应对气候变化 = ứng phó với biến đổi khí hậu"
"HSK 6","15","Nếu không thúc đẩy phát triển bền vững, vấn đề sẽ nghiêm trọng hơn.","如果不促进可持续发展，问题会更严重。","促进可持续发展 = thúc đẩy phát triển bền vững"
"HSK 6","15","Nếu không tăng cường quản trị rủi ro, vấn đề sẽ nghiêm trọng hơn.","如果不加强风险管理，问题会更严重。","加强风险管理 = tăng cường quản trị rủi ro"
"HSK 6","15","Nếu không mở rộng hợp tác quốc tế, vấn đề sẽ nghiêm trọng hơn.","如果不拓展国际合作，问题会更严重。","拓展国际合作 = mở rộng hợp tác quốc tế"
"HSK 6","15","Nếu không bảo tồn di sản văn hóa, vấn đề sẽ nghiêm trọng hơn.","如果不保护文化遗产，问题会更严重。","保护文化遗产 = bảo tồn di sản văn hóa"
"HSK 6","16","Tôi muốn biết cách thúc đẩy chuyển đổi số hiệu quả hơn.","我想知道如何更有效地推动数字化转型。","推动数字化转型 = thúc đẩy chuyển đổi số"
"HSK 6","16","Tôi muốn biết cách tối ưu hóa cơ cấu công nghiệp hiệu quả hơn.","我想知道如何更有效地优化产业结构。","优化产业结构 = tối ưu hóa cơ cấu công nghiệp"
"HSK 6","16","Tôi muốn biết cách nâng cao năng lực cạnh tranh hiệu quả hơn.","我想知道如何更有效地提升竞争力。","提升竞争力 = nâng cao năng lực cạnh tranh"
"HSK 6","16","Tôi muốn biết cách giải quyết mâu thuẫn xã hội hiệu quả hơn.","我想知道如何更有效地解决社会矛盾。","解决社会矛盾 = giải quyết mâu thuẫn xã hội"
"HSK 6","16","Tôi muốn biết cách xây dựng cơ chế minh bạch hiệu quả hơn.","我想知道如何更有效地建立透明机制。","建立透明机制 = xây dựng cơ chế minh bạch"
"HSK 6","16","Tôi muốn biết cách ứng phó với biến đổi khí hậu hiệu quả hơn.","我想知道如何更有效地应对气候变化。","应对气候变化 = ứng phó với biến đổi khí hậu"
"HSK 6","16","Tôi muốn biết cách thúc đẩy phát triển bền vững hiệu quả hơn.","我想知道如何更有效地促进可持续发展。","促进可持续发展 = thúc đẩy phát triển bền vững"
"HSK 6","16","Tôi muốn biết cách tăng cường quản trị rủi ro hiệu quả hơn.","我想知道如何更有效地加强风险管理。","加强风险管理 = tăng cường quản trị rủi ro"
"HSK 6","16","Tôi muốn biết cách mở rộng hợp tác quốc tế hiệu quả hơn.","我想知道如何更有效地拓展国际合作。","拓展国际合作 = mở rộng hợp tác quốc tế"
"HSK 6","16","Tôi muốn biết cách bảo tồn di sản văn hóa hiệu quả hơn.","我想知道如何更有效地保护文化遗产。","保护文化遗产 = bảo tồn di sản văn hóa"
"HSK 6","17","Việc thúc đẩy chuyển đổi số đòi hỏi nhiều thời gian.","推动数字化转型需要很多时间。","推动数字化转型 = thúc đẩy chuyển đổi số"
"HSK 6","17","Việc tối ưu hóa cơ cấu công nghiệp đòi hỏi nhiều thời gian.","优化产业结构需要很多时间。","优化产业结构 = tối ưu hóa cơ cấu công nghiệp"
"HSK 6","17","Việc nâng cao năng lực cạnh tranh đòi hỏi nhiều thời gian.","提升竞争力需要很多时间。","提升竞争力 = nâng cao năng lực cạnh tranh"
"HSK 6","17","Việc giải quyết mâu thuẫn xã hội đòi hỏi nhiều thời gian.","解决社会矛盾需要很多时间。","解决社会矛盾 = giải quyết mâu thuẫn xã hội"
"HSK 6","17","Việc xây dựng cơ chế minh bạch đòi hỏi nhiều thời gian.","建立透明机制需要很多时间。","建立透明机制 = xây dựng cơ chế minh bạch"
"HSK 6","17","Việc ứng phó với biến đổi khí hậu đòi hỏi nhiều thời gian.","应对气候变化需要很多时间。","应对气候变化 = ứng phó với biến đổi khí hậu"
"HSK 6","17","Việc thúc đẩy phát triển bền vững đòi hỏi nhiều thời gian.","促进可持续发展需要很多时间。","促进可持续发展 = thúc đẩy phát triển bền vững"
"HSK 6","17","Việc tăng cường quản trị rủi ro đòi hỏi nhiều thời gian.","加强风险管理需要很多时间。","加强风险管理 = tăng cường quản trị rủi ro"
"HSK 6","17","Việc mở rộng hợp tác quốc tế đòi hỏi nhiều thời gian.","拓展国际合作需要很多时间。","拓展国际合作 = mở rộng hợp tác quốc tế"
"HSK 6","17","Việc bảo tồn di sản văn hóa đòi hỏi nhiều thời gian.","保护文化遗产需要很多时间。","保护文化遗产 = bảo tồn di sản văn hóa"
"HSK 6","18","Các chuyên gia đang nghiên cứu làm thế nào để thúc đẩy chuyển đổi số.","专家正在研究如何推动数字化转型。","推动数字化转型 = thúc đẩy chuyển đổi số"
"HSK 6","18","Các chuyên gia đang nghiên cứu làm thế nào để tối ưu hóa cơ cấu công nghiệp.","专家正在研究如何优化产业结构。","优化产业结构 = tối ưu hóa cơ cấu công nghiệp"
"HSK 6","18","Các chuyên gia đang nghiên cứu làm thế nào để nâng cao năng lực cạnh tranh.","专家正在研究如何提升竞争力。","提升竞争力 = nâng cao năng lực cạnh tranh"
"HSK 6","18","Các chuyên gia đang nghiên cứu làm thế nào để giải quyết mâu thuẫn xã hội.","专家正在研究如何解决社会矛盾。","解决社会矛盾 = giải quyết mâu thuẫn xã hội"
"HSK 6","18","Các chuyên gia đang nghiên cứu làm thế nào để xây dựng cơ chế minh bạch.","专家正在研究如何建立透明机制。","建立透明机制 = xây dựng cơ chế minh bạch"
"HSK 6","18","Các chuyên gia đang nghiên cứu làm thế nào để ứng phó với biến đổi khí hậu.","专家正在研究如何应对气候变化。","应对气候变化 = ứng phó với biến đổi khí hậu"
"HSK 6","18","Các chuyên gia đang nghiên cứu làm thế nào để thúc đẩy phát triển bền vững.","专家正在研究如何促进可持续发展。","促进可持续发展 = thúc đẩy phát triển bền vững"
"HSK 6","18","Các chuyên gia đang nghiên cứu làm thế nào để tăng cường quản trị rủi ro.","专家正在研究如何加强风险管理。","加强风险管理 = tăng cường quản trị rủi ro"
"HSK 6","18","Các chuyên gia đang nghiên cứu làm thế nào để mở rộng hợp tác quốc tế.","专家正在研究如何拓展国际合作。","拓展国际合作 = mở rộng hợp tác quốc tế"
"HSK 6","18","Các chuyên gia đang nghiên cứu làm thế nào để bảo tồn di sản văn hóa.","专家正在研究如何保护文化遗产。","保护文化遗产 = bảo tồn di sản văn hóa"
"HSK 6","19","Mục tiêu cuối cùng là thúc đẩy chuyển đổi số.","最终目标是推动数字化转型。","推动数字化转型 = thúc đẩy chuyển đổi số"
"HSK 6","19","Mục tiêu cuối cùng là tối ưu hóa cơ cấu công nghiệp.","最终目标是优化产业结构。","优化产业结构 = tối ưu hóa cơ cấu công nghiệp"
"HSK 6","19","Mục tiêu cuối cùng là nâng cao năng lực cạnh tranh.","最终目标是提升竞争力。","提升竞争力 = nâng cao năng lực cạnh tranh"
"HSK 6","19","Mục tiêu cuối cùng là giải quyết mâu thuẫn xã hội.","最终目标是解决社会矛盾。","解决社会矛盾 = giải quyết mâu thuẫn xã hội"
"HSK 6","19","Mục tiêu cuối cùng là xây dựng cơ chế minh bạch.","最终目标是建立透明机制。","建立透明机制 = xây dựng cơ chế minh bạch"
"HSK 6","19","Mục tiêu cuối cùng là ứng phó với biến đổi khí hậu.","最终目标是应对气候变化。","应对气候变化 = ứng phó với biến đổi khí hậu"
"HSK 6","19","Mục tiêu cuối cùng là thúc đẩy phát triển bền vững.","最终目标是促进可持续发展。","促进可持续发展 = thúc đẩy phát triển bền vững"
"HSK 6","19","Mục tiêu cuối cùng là tăng cường quản trị rủi ro.","最终目标是加强风险管理。","加强风险管理 = tăng cường quản trị rủi ro"
"HSK 6","19","Mục tiêu cuối cùng là mở rộng hợp tác quốc tế.","最终目标是拓展国际合作。","拓展国际合作 = mở rộng hợp tác quốc tế"
"HSK 6","19","Mục tiêu cuối cùng là bảo tồn di sản văn hóa.","最终目标是保护文化遗产。","保护文化遗产 = bảo tồn di sản văn hóa"
"HSK 6","20","Kết quả phụ thuộc vào việc chúng ta có thể thúc đẩy chuyển đổi số hay không.","结果取决于我们能否推动数字化转型。","推动数字化转型 = thúc đẩy chuyển đổi số"
"HSK 6","20","Kết quả phụ thuộc vào việc chúng ta có thể tối ưu hóa cơ cấu công nghiệp hay không.","结果取决于我们能否优化产业结构。","优化产业结构 = tối ưu hóa cơ cấu công nghiệp"
"HSK 6","20","Kết quả phụ thuộc vào việc chúng ta có thể nâng cao năng lực cạnh tranh hay không.","结果取决于我们能否提升竞争力。","提升竞争力 = nâng cao năng lực cạnh tranh"
"HSK 6","20","Kết quả phụ thuộc vào việc chúng ta có thể giải quyết mâu thuẫn xã hội hay không.","结果取决于我们能否解决社会矛盾。","解决社会矛盾 = giải quyết mâu thuẫn xã hội"
"HSK 6","20","Kết quả phụ thuộc vào việc chúng ta có thể xây dựng cơ chế minh bạch hay không.","结果取决于我们能否建立透明机制。","建立透明机制 = xây dựng cơ chế minh bạch"
"HSK 6","20","Kết quả phụ thuộc vào việc chúng ta có thể ứng phó với biến đổi khí hậu hay không.","结果取决于我们能否应对气候变化。","应对气候变化 = ứng phó với biến đổi khí hậu"
"HSK 6","20","Kết quả phụ thuộc vào việc chúng ta có thể thúc đẩy phát triển bền vững hay không.","结果取决于我们能否促进可持续发展。","促进可持续发展 = thúc đẩy phát triển bền vững"
"HSK 6","20","Kết quả phụ thuộc vào việc chúng ta có thể tăng cường quản trị rủi ro hay không.","结果取决于我们能否加强风险管理。","加强风险管理 = tăng cường quản trị rủi ro"
"HSK 6","20","Kết quả phụ thuộc vào việc chúng ta có thể mở rộng hợp tác quốc tế hay không.","结果取决于我们能否拓展国际合作。","拓展国际合作 = mở rộng hợp tác quốc tế"
"HSK 6","20","Kết quả phụ thuộc vào việc chúng ta có thể bảo tồn di sản văn hóa hay không.","结果取决于我们能否保护文化遗产。","保护文化遗产 = bảo tồn di sản văn hóa"
