App_level,Book_Level,Quest_Name,Quiz_ID,Quiz_Name,Vocab,English_Meaning,Vietnamese_Meaning,Word_Type,Photo,Component
Beginner,HSK 1,Greetings and Introductions,QZ-HSK1-QT01A-01,Hello,您好,Hello (polite),Xin chào (lịch sự),Greeting,,"您好 = 您 (you) + 好 (good)
您 =  亻 (human) + ⺈ (knife) + 小 (small) + 心 (heart)
好 = 女 (female) + 子 (child)"
Beginner,HSK 1,Greetings and Introductions,QZ-HSK1-QT01A-01,Hello,您,You (polite),Bạn / Ngài (lịch sự),Pronoun,,"您 = 你 (you) + 心 (heart, written as 忄)
 你 = 亻 (human/person) + 尔 (that)"
Beginner,HSK 1,Greetings and Introductions,QZ-HSK1-QT01A-01,Hello,你好,Hello,Xin chào,Greeting,,"你好 = 你 (you) + 好 (good)
 你 = 亻(human/person) + 尔 (that)
 好 = 女 (female) + 子 (child)"
Beginner,HSK 1,Greetings and Introductions,QZ-HSK1-QT01A-01,Hello,好,Good,Tốt,Adjective,https://flashcardy.com/?card=cmgmd7vrz0005txcstavofvgb,好 = 女 (female) + 子 (child)
Beginner,HSK 1,Greetings and Introductions,QZ-HSK1-QT01A-01,Hello,很,Very,Rất,Adverb,,彳 (step) + 艮 (stopping)
Beginner,HSK 1,Greetings and Introductions,QZ-HSK1-QT01A-01,Hello,我,I / Me,Tôi,Pronoun,,我 = 手 (hand) + 戈 (spear)
Beginner,HSK 1,Greetings and Introductions,QZ-HSK1-QT01A-02,Good morning,早上,Morning,Buổi sáng,Noun,https://flashcardy.com/?card=cmgmdeeyv0009txcsjkqk6vbk,"早 = 日 (sun) + 十 (ten)
 上 = 一 (one) + 丨 (line)"
Beginner,HSK 1,Greetings and Introductions,QZ-HSK1-QT01A-02,Good morning,今天,Today,Hôm nay,Noun,,今 = 人 (person) + 乛; 天 = 一 (one) + 大 (big)
Beginner,HSK 1,Greetings and Introductions,QZ-HSK1-QT01A-02,Good morning,怎么样,How,Như thế nào,Phrase,https://flashcardy.com/?card=cmgmd3zpl00079bio0ev2ojf4,"怎 = 心 (heart) + 乍 (sudden/start)
 么 = 厶 (private) + 丿 (slash)
 样 = 木 (wood) + 羊 (sheep)"
Beginner,HSK 1,Greetings and Introductions,QZ-HSK1-QT01A-02,Good morning,谢谢,Thank you,Cảm ơn,Verb,,谢 = 讠 (speech) + 射 (shoot)
Beginner,HSK 1,Greetings and Introductions,QZ-HSK1-QT01A-02,Good morning,你,You (normal),Bạn,Pronoun,,你 = 亻 (person) + 尔 (you/that)
Beginner,HSK 1,Greetings and Introductions,QZ-HSK1-QT01A-03,What is your name?,叫,To be called,Được gọi là,Verb,,叫 = 口 (mouth) + 丩 (twist)
Beginner,HSK 1,Greetings and Introductions,QZ-HSK1-QT01A-03,What is your name?,什么,What,Cái gì,Pronoun,,"为 = 力 (power/force) + ⺀ (dot)
什 =  亻 (human) + 十 (ten)"
Beginner,HSK 1,Greetings and Introductions,QZ-HSK1-QT01A-03,What is your name?,名字,Name,Tên,Noun,,"名 = 夕 (evening) + 口 (mouth)
 字 = 宀 (roof) + 子 (child)"
Beginner,HSK 1,Greetings and Introductions,QZ-HSK1-QT01A-03,What is your name?,露西,Lucy,Lucy,Proper Noun,,"露 = 雨 (rain) + ⻊(foot) + 夂 (go) + 口 (mouth)
西 (west)"
Beginner,HSK 1,Greetings and Introductions,QZ-HSK1-QT01A-03,What is your name?,汤姆,Li Wen,Lý Văn,Proper Noun,,"汤 = 氵(water) + ㇎ (N/A)
姆 = 女 (woman) + 母 (do not)"
Beginner,HSK 1,Greetings and Introductions,QZ-HSK1-QT01A-04,Request assistance,能,Can / may,Có thể,Modal Verb,,能 = 厶 (private) + 月 (moon)
Beginner,HSK 1,Greetings and Introductions,QZ-HSK1-QT01A-04,Request assistance,帮,help,Giúp đỡ,Verb,https://flashcardy.com/?card=cmgmd9tiu000b9biodbgkzuti,帮 = 一 (one) + 二 (two) + 丨 (line) + 阝 (town) + 巾 (turban/scarf)
Beginner,HSK 1,Greetings and Introductions,QZ-HSK1-QT01A-04,Request assistance,可以,Can / may,Có thể,Modal Verb,,"可 = mouth + nail
 以 = person + slash"
Beginner,HSK 1,Greetings and Introductions,QZ-HSK1-QT01A-04,Request assistance,包,Bag,Túi,Noun,https://flashcardy.com/?card=cmgmeerjo000htxcslqacnt30,勹 (wrap) + 巳 (silk cocoon shape)
Beginner,HSK 1,Greetings and Introductions,QZ-HSK1-QT01A-04,Request assistance,重,Heavy,Nặng,Adjective,,千 (thousand) + 里 (mile)
Beginner,HSK 1,Greetings and Introductions,QZ-HSK1-QT01A-04,Request assistance,拿,hold; take,Cầm; mang,Verb,https://flashcardy.com/?card=cmgmfpl49000l9bioa5iajdct,拿 = 人 (human) + 一 (one) + 口 (mouth) + 手 (hand)
Beginner,HSK 1,Greetings and Introductions,QZ-HSK1-QT01A-05,Sorry,是,To be,Là,Verb,,是 = 日 (sun) + 正 (correct)
Beginner,HSK 1,Greetings and Introductions,QZ-HSK1-QT01A-05,Sorry,玛丽,Mary,Mary,Noun,,"玛 = 王 (jade) + 马 (horse)
丽 => 一 (one) + 冂 (down box) + 丶(dot)"
Beginner,HSK 1,Greetings and Introductions,QZ-HSK1-QT01A-05,Sorry,不是,Not (to be),Không phải,Phrase,,"不 = stroke with hook (not)
 是 = 日 (sun) + 正 (correct)"
Beginner,HSK 1,Greetings and Introductions,QZ-HSK1-QT01A-05,Sorry,对不起,Sorry,Xin lỗi,Phrase,,"对 = 寸 (hand) + 又 (again)
 不 = not
 起 = 走 (walk) + 己 (self)"
Beginner,HSK 1,Greetings and Introductions,QZ-HSK1-QT01A-05,Sorry,没关系,It doesn’t matter,Không sao,Phrase,,"没 = 氵 (water) + 殳 (strike)
 关 = gate
 系 = silk thread tied together"
Beginner,HSK 1,Greetings and Introductions,QZ-HSK1-QT01A-06,Nice to meet you.,来,Let me,Để tôi,Verb,,来 = 木 (tree) + a stylized hand – symbolizing bringing
Beginner,HSK 1,Greetings and Introductions,QZ-HSK1-QT01A-06,Nice to meet you.,介绍,To introduce,Giới thiệu,Verb,,"介 = person between two lines (to go between)
 绍 = 纟 (silk) + 肖 (resemble)"
Beginner,HSK 1,Greetings and Introductions,QZ-HSK1-QT01A-06,Nice to meet you.,一下儿,A bit / Once,Một chút / Một lần,Phrase,,"一 = one 
 下 = 一 (one) + 卜 (divination) → down
 儿 = child radical; also used as a suffix"
Beginner,HSK 1,Greetings and Introductions,QZ-HSK1-QT01A-06,Nice to meet you.,高兴,Happy,Vui,Adjective,,"高 = tall
 兴 = 八 + 小 (small)"
Beginner,HSK 1,Greetings and Introductions,QZ-HSK1-QT01A-06,Nice to meet you.,认识,Meet,Gặp,Verb,,"认 = 讠(speech) + 人 (person)
识 = 讠(speech) + 只 (only)"
Beginner,HSK 1,Greetings and Introductions,QZ-HSK1-QT01A-07,Where are you going?,不,Not / No,Không,Adverb,,不 = a hooked stroke – symbol for negation
Beginner,HSK 1,Greetings and Introductions,QZ-HSK1-QT01A-07,Where are you going?,去,To go,Đi,Verb,,去 = 土 (earth) + 厶 (private)
Beginner,HSK 1,Greetings and Introductions,QZ-HSK1-QT01A-07,Where are you going?,哪儿,Where,Ở đâu,Adverb,https://flashcardy.com/?card=cmgmdk5oj000dtxcsuog0y2pc,"哪 = 口 (mouth) + 那 (that)
 儿 = child radical"
Beginner,HSK 1,Greetings and Introductions,QZ-HSK1-QT01A-07,Where are you going?,邮局,post office,Bưu điện,Noun,,"邮 = 二 (two) + 丨 (line) + 凵 (container) +  阝(town)
局 = 尸 (corpse) + ㇆ (N/A) + 口 (mouth)"
Beginner,HSK 1,Greetings and Introductions,QZ-HSK1-QT01A-07,Where are you going?,寄,send; post; mail,Gửi,Verb,https://flashcardy.com/?card=cmhr115yf000t9biokuhqvtpu,寄 = 宀 (roof) + 大 (big) + 一 (one) + 亅 (hook) +  口 (mouth)
Beginner,HSK 1,Greetings and Introductions,QZ-HSK1-QT01A-07,Where are you going?,信,letter,Thư,Noun,,信 = 亻 (human) + 言 (speech)
Beginner,HSK 1,Greetings and Introductions,QZ-HSK1-QT01A-07,Where are you going?,取,take,Mang / lấy,Verb,,取 = 耳 (ear) + 又 (right hand)
Beginner,HSK 1,Greetings and Introductions,QZ-HSK1-QT01A-07,Where are you going?,钱,Money,Tiền,Noun,,钱 = 钅(gold) + 戋 (narrow)
Beginner,HSK 1,Greetings and Introductions,QZ-HSK1-QT01A-08,What are you doing?,游泳,swimming,Bơi lội,verb,https://flashcardy.com/?card=cmhr14bjy0013txcsbmqljxbk,"游泳 (swimming) = 游 (to swim) + 泳 (to swim)
游 (to swim) = 氵 (water) + 斿 (to travel)
泳 (to swim) = 氵 (water) + 永 (forever)
永 (forever) = 丶 (dot) + 水 (water)"
Beginner,HSK 1,Greetings and Introductions,QZ-HSK1-QT01A-08,What are you doing?,睡觉,sleeping,Ngủ,verb,https://flashcardy.com/?card=cmhr16shm00139bio8j7zje62,"睡觉 (sleeping) = 睡 (to sleep) + 觉 (sleep/feel)
睡 (to sleep) = 目 (eye) + 垂 (to hang down)
觉 (sleep/feel) = 见 (to see) + 学 (study)"
Beginner,HSK 1,Greetings and Introductions,QZ-HSK1-QT01A-08,What are you doing?,家,family,Gia đình,noun,https://flashcardy.com/?card=cmg4mndrv000t776am7eaz83r,"家 (home/family) = 宀 (roof, semantic) + 豕 (pig, semantic)"
Beginner,HSK 1,Greetings and Introductions,QZ-HSK1-QT01A-08,What are you doing?,说话,talking,Nói chuyện,verb,https://flashcardy.com/?card=cmhr2aix60017txcsxumdx4ue,"说话 (talking) = 说 (to speak) + 话 (speech/words)
说 (to speak) = 言 (speech) + 兑 (exchange)
兑 (exchange) = 八 (divide) + 兄 (elder brother)
话 (words) = 讠(speech radical) + 舌 (tongue)"
Beginner,HSK 1,Greetings and Introductions,QZ-HSK1-QT01A-08,What are you doing?,讨论,discussing,Thảo luận,verb,https://flashcardy.com/?card=cmhr2bwd200179biocc0avtrj,"讨论 (discussing) = 讨 (to discuss/ask) + 论 (theory)
讨 (to ask/discuss) = 讠(speech radical) + 寸 (inch/measure)
论 (theory) = 讠(speech radical) + 仑 (arrange)
仑 (arrange) = 人 (person) + 匕 (spoon/dagger)"
Beginner,HSK 1,Greetings and Introductions,QZ-HSK1-QT01A-09,Who is she?,朋友,Friend,Bạn bè,Noun,https://flashcardy.com/?card=cmhr2d4xm001b9biolbi6qndb,"朋 = 月 (moon) + 月 (moon)
 友 = 又 (again) + 手 (hand)"
Beginner,HSK 1,Greetings and Introductions,QZ-HSK1-QT01A-09,Who is she?,国,Country,Quốc gia,Noun,https://flashcardy.com/?card=cmhr2ggpv001f9biozqichugr,囗 (enclosure) + 玉 (jade)
Beginner,HSK 1,Greetings and Introductions,QZ-HSK1-QT01A-09,Who is she?,工作,Job,Công việc,Noun,https://flashcardy.com/?card=cmhr2excm001btxcsu1oj7cnl,工 = work; 作 = person + yesterday (as verb)
Beginner,HSK 1,Greetings and Introductions,QZ-HSK1-QT01A-09,Who is she?,会,Can / know how to,Biết / Có thể,Verb,https://flashcardy.com/?card=cmhr2hzv1001j9bio3rypu42q,人 (person) + 云 (cloud/speak)
Beginner,HSK 1,Greetings and Introductions,QZ-HSK1-QT01A-09,Who is she?,说,Say/speak,Nói,Verb,https://flashcardy.com/?card=cmhr2koae001ltxcsvgeyyamj,讠(speech) + 兑 (exchange)
Beginner,HSK 1,Greetings and Introductions,QZ-HSK1-QT01A-10,Who are they?,他们,they,Họ,pronoun,https://flashcardy.com/?card=cmhr2tnio001ptxcspqe8s0oj,"他们 (they) = 他 (he) + 们 (plural suffix)
他 (he) = 亻(person) + 也(also)
们 (plural suffix) = 亻(person) + 门(door)"
Beginner,HSK 1,Greetings and Introductions,QZ-HSK1-QT01A-10,Who are they?,认识,know,Biết,verb,,"认识 (know) = 认 (recognize) + 识 (knowledge)
认 (recognize) = 讠(speech) + 人(person)
识 (knowledge) = 讠(speech) + 只(only)"
Beginner,HSK 1,Greetings and Introductions,QZ-HSK1-QT01A-10,Who are they?,波士顿,Boston,Boston,proper noun,https://flashcardy.com/?card=cmhqkjyss000ztxcsal9w8t3r,"波士顿 (Boston) = 波 (wave) + 士 (scholar) + 顿 (pause)
波 (wave) = 氵 (water) + 皮 (skin)
顿 (pause) = 屯 (store) + 页 (semantic)
士 (scholar) = pictograph (no further split)"
Beginner,HSK 1,Greetings and Introductions,QZ-HSK1-QT01A-10,Who are they?,乡下,country,Quốc gia,noun,https://flashcardy.com/?card=cmhqkmfke000p9biodsu2g0un,"乡下 (country) = 乡 (village) + 下 (below)
乡 (village) = ⺷(sheep) + 阝(village)
下 (below) = 一(one) + 卜(divination mark)"
Beginner,HSK 1,Greetings and Introductions,QZ-HSK1-QT01A-10,Who are they?,热闹,bustle,Nhộn nhịp,adjective,,"热闹 (bustle) = 热 (hot) + 闹 (noisy)
热 (hot) = 扌(hand) + 丸(pellet) + 灬(fire)
闹 (noisy) = 门(door) + 市(market)"
Beginner,HSK 1,Asking people,QZ-HSK1-QT01B-01,Who are you?,还是,or,Hoặc,conjunction,,"或 (or) = 戈 (halberd) + 口 (mouth)
戈 (halberd) = 戈 (basic radical itself)"
Beginner,HSK 1,Asking people,QZ-HSK1-QT01B-01,Who are you?,学生,student,Học sinh,noun,,"学生 (student) = 学 (study) + 生 (life)
学 (study) = 宀 (roof) + 子 (child) + 冖 (cover)
生 (life) = 一 (one) + 丿 (slash) + | (vertical line)"
Beginner,HSK 1,Asking people,QZ-HSK1-QT01B-01,Who are you?,朋友,friends,Bạn bè,noun,,"朋友 (friends) = 朋 (companion) + 友 (friend)
朋 (companion) = 月 (moon/flesh) + 月 (moon/flesh)
友 (friend) = 又 (right hand/again) + 一 (one)"
Beginner,HSK 1,Asking people,QZ-HSK1-QT01B-01,Who are you?,中文,Chinese,Tiếng Trung,noun/adj,,"中文 (Chinese) = 中 (middle) + 文 (writing)
中 (middle) = 口 (mouth/frame) + 丨 (line)
文 (writing) = 亠 (lid) + 乂 (cut/cross)"
Beginner,HSK 1,Asking people,QZ-HSK1-QT01B-01,Who are you?,的,"of, 's",Của,possesive,,"的 (""de"" - belong to)"
Beginner,HSK 1,Asking people,QZ-HSK1-QT01B-02,This is Teacher Wang,这,This,Này,Pronoun,,这 = 辶 (walk) + 文 (writing)
Beginner,HSK 1,Asking people,QZ-HSK1-QT01B-02,This is Teacher Wang,老师,Teacher,Giáo viên,Noun,,"老 = 耂 (old) + 匕 (spoon)
 师 = 巾 (cloth) + 帀 (command)"
Beginner,HSK 1,Asking people,QZ-HSK1-QT01B-02,This is Teacher Wang,王,Wang (surname),Vương (họ),Proper Noun,,"王 = three lines, symbolizing jade"
Beginner,HSK 1,Asking people,QZ-HSK1-QT01B-02,This is Teacher Wang,爸爸,Dad,Bố,Noun,,"父 = hand holding stick (discipline)
 巴 = mouth shape"
Beginner,HSK 1,Asking people,QZ-HSK1-QT01B-02,This is Teacher Wang,请,Please / Invite,Mời,Verb,,讠(speech) + 青 (green/blue)
Beginner,HSK 1,Asking people,QZ-HSK1-QT01B-02,This is Teacher Wang,进,come in,Mời vào,Verb,,进 = 辶 (walk) + 二 (two)
Beginner,HSK 1,Asking people,QZ-HSK1-QT01B-02,This is Teacher Wang,坐,take a seat,Mời ngồi,Verb,https://flashcardy.com/?card=cmhri132a003ltxcse6axck5l,坐 = 土 (earth) + 从 (N/A
Beginner,HSK 1,Asking people,QZ-HSK1-QT01B-02,This is Teacher Wang,茶 ,tea,Trà,Noun,https://flashcardy.com/?card=cmhrhxsvp003b9biouuthul8n,茶 = 艹 (grass) + 人 (human) + 十 (ten) + 小 (small)
Beginner,HSK 1,Asking people,QZ-HSK1-QT01B-03,What is it?,球,ball,Bóng,noun,https://flashcardy.com/?card=cmhrhvr34003htxcs1smac6xk,"球 (ball) = 王 (jade/king) + 求 (to seek)
求 (seek) = 氺 (water radical variant) + 丨 (line)"
Beginner,HSK 1,Asking people,QZ-HSK1-QT01B-03,What is it?,熊,bear,Gấu,noun,https://flashcardy.com/?card=cmhrhsxae003dtxcssgaxgm9g,"熊 (bear) = 能 (ability) + 火 (fire)
能 (ability) = 匕 (spoon) + 月 (flesh/moon) + 匚 (box)"
Beginner,HSK 1,Asking people,QZ-HSK1-QT01B-03,What is it?,熊猫,panda,Gấu trúc,noun,https://flashcardy.com/?card=cmhrhrs1m00379bio4dxxgf9f,"熊猫 (panda) = 熊 (bear) + 猫 (cat)
猫 (cat) = 犭(animal radical) + 苗 (sprout)
苗 (sprout) = 艹 (grass) + 田 (field)"
Beginner,HSK 1,Asking people,QZ-HSK1-QT01B-03,What is it?,鸡蛋,chicken egg,Trứng gà,noun,https://flashcardy.com/?card=cmhrhpeut00339bioht39d4o8,"鸡蛋 (chicken egg) = 鸡 (chicken) + 蛋 (egg)
鸡 (chicken) = 又 (hand/again) + 鸟 (bird)
鸟 (bird) = 鸟 (pictograph bird itself, head + tail)
蛋 (egg) = 虫 (insect/creature) + 旦 (dawn/sunrise)
旦 (dawn) = 日 (sun) + 一 (horizon line)"
Beginner,HSK 1,Asking people,QZ-HSK1-QT01B-03,What is it?,鸭蛋,duck egg,Trứng vịt,noun,https://flashcardy.com/?card=cmhrhoe690039txcstvtcc4ps,"鸭蛋 (duck egg) = 鸭 (duck) + 蛋 (egg)
鸭 (duck) = 甲 (armor/shell) + 鸟 (bird)"
Beginner,HSK 1,Asking people,QZ-HSK1-QT01B-04,Where are you from?,日本人,Japanese,Người Nhật / Tiếng Nhật,noun,https://flashcardy.com/?card=cmhrhn4ho0035txcsns03usn8,"日本人 (Japanese) = 日本 (Japan) + 人 (person)
日 (sun/day) = 囗 (enclosure) + 一 (one)
本 (root/origin) = 木 (tree) + 一 (one, mark base)
人 (person) = 亻 (person radical, simple form)"
Beginner,HSK 1,Asking people,QZ-HSK1-QT01B-04,Where are you from?,司机,driver,Tài xế,noun,https://flashcardy.com/?card=cmhrhm09e002z9bio6wlzqi8a,"司机 (driver) = 司 (to control) + 机 (machine)
司 (to control) = 一 (one) + 口 (mouth) + 人 (person)
机 (machine) = 木 (wood) + 几 (table)"
Beginner,HSK 1,Asking people,QZ-HSK1-QT01B-04,Where are you from?,俄罗斯人,Russian,Người Nga / Tiếng Nga,noun,https://flashcardy.com/?card=cmhrhjchb0031txcseb7dc74d,"俄罗斯人 (Russian) = 俄 (Russia) + 罗斯 (Ross) + 人 (person)
俄 (Russia) = 亻 (person) + 我 (I/me)
我 (I) = 戈 (spear) + 手 (hand)
罗斯 (Ross) = 艹 (grass) + 囗 (enclosure) + 小 (small) + 木 (tree)
人 (person) = 亻 (person radical)"
Beginner,HSK 1,Asking people,QZ-HSK1-QT01B-04,Where are you from?,德国人,German,Người Đức / Tiếng Đức,noun,https://flashcardy.com/?card=cmhrhhzlr002v9bio0dictxue,"德国人 (German) = 德 (virtue/Germany) + 国 (country) + 人 (person)
德 (virtue) = 彳 (step) + 直 (straight) + 心 (heart)
国 (country) = 囗 (enclosure) + 玉/王 (jade/king)
人 (person) = 亻 (person radical)"
Beginner,HSK 1,Asking people,QZ-HSK1-QT01B-04,Where are you from?,越南,Vietnamese,Người Việt / Tiếng Việt,proper noun,https://flashcardy.com/?card=cmhrg8kwt002xtxcsqnra5y7x,"越南 (Vietnam) = 越 (to surpass) + 南 (south)
越 (to surpass) = 走 (to walk) + 戉 (axe)
南 (south) = 十 (ten) + 冂 (border) + 丨(stroke)"
Beginner,HSK 1,Asking people,QZ-HSK1-QT01B-05,Is he doing that?,爬山,climbing,Leo,verb,https://flashcardy.com/?card=cmhrg7cz2002ttxcs40v9bf6i,"爬山 (climbing) = 爬 (to climb) + 山 (mountain)
爬 (to climb) = 扌(hand) + 巴 (cling)
巴 (cling) = 巳 (curved)
山 (mountain) = 山 (pictograph of mountain, three peaks)"
Beginner,HSK 1,Asking people,QZ-HSK1-QT01B-05,Is he doing that?,山,mountain,Núi,noun,https://flashcardy.com/?card=cmhrg62be002ptxcschf1djxq,"山 (mountain) = 山 (basic radical, pictograph itself)"
Beginner,HSK 1,Asking people,QZ-HSK1-QT01B-05,Is he doing that?,吃,eating,Ăn,verb,https://flashcardy.com/?card=cmhrg40b1002r9biodhvy31as,"吃 (eat) = 口 (mouth) + 乞 (beg)
乞 (beg) = 人 (person) + 乙 (second, curved stroke)"
Beginner,HSK 1,Asking people,QZ-HSK1-QT01B-05,Is he doing that?,烤鸭,roast duck,Vịt quay,noun,https://flashcardy.com/?card=cmhrg2y3b002ltxcszpigx3ag,"烤鸭 (roast duck) = 烤 (roast) + 鸭 (duck)
烤 (roast) = 火 (fire) + 考 (test/consider)
考 (test) = 老 (old) + 丂 (breath obstruction)
鸭 (duck) = 甲 (armor) + 鸟 (bird)"
Beginner,HSK 1,Asking people,QZ-HSK1-QT01B-05,Is he doing that?,不错,OK/nice,Được / Tốt,adjective,https://flashcardy.com/?card=cmhrg1862002n9biozlugargo,"不错 (OK) = 不 (not) + 错 (wrong, mistake)
不 (not) = 一 (one) + 丿 (slash) + 丨 (line)
错 (wrong) = 钅(metal) + 昔 (past)
昔 (past) = 日 (sun) + 廿 (twenty)"
Beginner,HSK 1,Asking people,QZ-HSK1-QT01B-06,Stuff in the house,冰箱,fridge,Tủ lạnh,noun,https://flashcardy.com/?card=cmhrfzv6c002j9bio88ldcoyu,"冰箱 (fridge) = 冰 (ice) + 箱 (box/chest)
冰 (ice) = 冫(ice radical) + 水 (water)
箱 (box) = 竹 (bamboo) + 相 (mutual)
相 (mutual) = 木 (wood) + 目 (eye)"
Beginner,HSK 1,Asking people,QZ-HSK1-QT01B-06,Stuff in the house,床,bed,Giường,noun,https://flashcardy.com/?card=cmhrfypej002f9bioaf0qk9ch,床 (bed) = 广 (shelter) + 木 (wood)
Beginner,HSK 1,Asking people,QZ-HSK1-QT01B-06,Stuff in the house,船,ship,Tàu thủy,noun,https://flashcardy.com/?card=cmg4mj9sn000p776ap28hvug3,"船 (ship) = 舟 (boat radical) + 㕣 (phonetic part)
舟 (boat) = pictograph of a boat"
Beginner,HSK 1,Asking people,QZ-HSK1-QT01B-06,Stuff in the house,小船,boat,Thuyền,noun,https://flashcardy.com/?card=cmg4mhnz1001fvqy3a3dh4u4q,"小船 (boat) = 小 (small) + 船 (ship)
小 (small) = three small strokes (pictograph)"
Beginner,HSK 1,Asking people,QZ-HSK1-QT01B-06,Stuff in the house,桌子,table,Bàn,noun,https://flashcardy.com/?card=cmg4mg2fa001bvqy3lpk1zyl6,"桌子 (table) = 桌 (table) + 子 (suffix/child)
桌 (table) = 木 (wood) + 卓 (outstanding)
卓 (outstanding) = 卜 (divine) + 日 (sun)"
Beginner,HSK 1,Asking people,QZ-HSK1-QT01B-07,What does she think?,喜欢,like,Thích,verb,https://flashcardy.com/?card=cmg4mefym0017vqy3u81xwkjy,"喜欢 (like) = 喜 (happy) + 欢 (joyful)
喜 (happy) = 壴 (drum) + 口 (mouth)
欢 (joyful) = 又 (hand/again) + 欠 (yawn/lack)"
Beginner,HSK 1,Asking people,QZ-HSK1-QT01B-07,What does she think?,尴尬,embarrassing,Ngại / Xấu hổ,adjective,https://flashcardy.com/?card=cmhr3w7tl002b9bio00pdn16f,"尴尬 (embarrassing) = 尴 (awkward) + 尬 (awkward)
尴 (awkward) = 尸 (corpse) + 监 (inspect)
监 (inspect) = 皿 (dish) + 𠔉 (cover)
尬 (awkward) = 尸 (corpse) + 介 (between)
介 (between) = 人 (person) + 丿 (slash)"
Beginner,HSK 1,Asking people,QZ-HSK1-QT01B-07,What does she think?,小,small,Nhỏ,adjective,https://flashcardy.com/?card=cmhr3sj1m002htxcsdytw7379,小 (small) = three small strokes (pictograph of tiny things)
Beginner,HSK 1,Asking people,QZ-HSK1-QT01B-07,What does she think?,精致,beautiful,Đẹp,adjective,https://flashcardy.com/?card=cmg4i8a4g000d776a2e8vsbk2,"精致 (exquisite) = 精 (refined / pure) + 致 (delicate / detailed)
精 (refined) = 米 (grain, semantic) + 青 (green/fresh)
致 = 至 (arrive, phonetic) + 攵 (action, semantic)"
Beginner,HSK 1,Asking people,QZ-HSK1-QT01B-07,What does she think?,大,big,Lớn,adjective,https://flashcardy.com/?card=cmhr3p8ru00279bio2s6f3jc4,大 (big) = person with outstretched arms (pictograph)
Beginner,HSK 1,Asking people,QZ-HSK1-QT01B-08,Go to school with uniform,衣服,clothes,Quần áo,noun,https://flashcardy.com/?card=cmhr3nf1t00239bio90uuowcb,"衣服 (clothes) = 衣 (clothing) + 服 (garment)
衣 (clothing) = 衤 (clothes radical) + 𠃌 (stroke)
服 (garment) = 月 (flesh) + 卩 (kneeling person, submission)"
Beginner,HSK 1,Asking people,QZ-HSK1-QT01B-08,Go to school with uniform,湿,wet,Ướt,adjective,https://flashcardy.com/?card=cmhr3lufw001z9biot1g6jx75,"湿 (wet) = 氵 (water) + 显 (to show)
显 (to show) = 日 (sun) + 业 (business)"
Beginner,HSK 1,Asking people,QZ-HSK1-QT01B-08,Go to school with uniform,干,dry,Khô,adjective,https://flashcardy.com/?card=cmhr3konz002dtxcstoq6s58f,干 (dry) = 一 (one) + 十 (ten)
Beginner,HSK 1,Asking people,QZ-HSK1-QT01B-08,Go to school with uniform,公司,company,Công ty,noun,https://flashcardy.com/?card=cmhr3a6vq001v9bioevnzp570,"公司 (company) = 公 (public) + 司 (to manage)
公 (public) = 八 (to divide) + 厶 (private)
司 (to manage) = 一 (one) + 口 (mouth)"
Beginner,HSK 1,Asking people,QZ-HSK1-QT01B-08,Go to school with uniform,学校,school,Trường học,noun,https://flashcardy.com/?card=cmhr38w480029txcs0l3jgin1,"学校 (school) = 学 (study) + 校 (school/examine)
学 (study) = 宀 (roof) + 子 (child) + 爻 (to compare)
校 (school/examine) = 木 (wood) + 交 (to mix)"
Beginner,HSK 1,Asking people,QZ-HSK1-QT01B-09,What day is it today?,星期三,Wednesday,Thứ Tư,Noun,,星期 = week; 三 = three
Beginner,HSK 1,Asking people,QZ-HSK1-QT01B-09,What day is it today?,明天,Tomorrow,Ngày mai,Noun,,"明 = 日 (sun) + 月 (moon)
 天 = 一 (one) + 大 (big)"
Beginner,HSK 1,Asking people,QZ-HSK1-QT01B-09,What day is it today?,有,To have,Có,Verb,,又 (hand) + 月 (moon)
Beginner,HSK 1,Asking people,QZ-HSK1-QT01B-09,What day is it today?,课,Lesson,Bài học,Noun,https://flashcardy.com/?card=cmhr35q0y0025txcspixshryf,讠 (speech) + 果 (fruit/result)
Beginner,HSK 1,Asking people,QZ-HSK1-QT01B-09,What day is it today?,九点,Nine o'clock,Chín giờ,Noun,,"九 = 丿 (bend) + ㇈ (N/A) 
点 = ⺊ (divination) + 口 (mouth) + 灬 (fire)"
Beginner,HSK 1,Asking people,QZ-HSK1-QT01B-09,What day is it today?,再见,Goodbye,Tạm biệt,Phrase,,"再 = 一 (one) + 冄 (again)
 见 = 目 (eye)"
Beginner,HSK 1,Asking people,QZ-HSK1-QT01B-10,What is the drink?,喝,drink,Uống,verb,https://flashcardy.com/?card=cmhr33fee001r9biosvffmzc8,"喝 (drink) = 口 (mouth) + 曷 (why / phonosemantic)
曷 (why) = 曰 (say/sun-like form) + 匃 (cover shape)"
Beginner,HSK 1,Asking people,QZ-HSK1-QT01B-10,What is the drink?,可乐,coke,Coca Cola,noun,https://flashcardy.com/?card=cmhr31k0x0021txcszdo9avu9,"可乐 (coke) = 可 (can) + 乐 (happy)
可 (can) = 丂 (breath) + 口 (mouth)
乐 (happy) = 丿(stroke) + 小(small) + 丶(dot)"
Beginner,HSK 1,Asking people,QZ-HSK1-QT01B-10,What is the drink?,咖啡,coffee,Cà phê,noun,https://flashcardy.com/?card=cmhr2zqus001xtxcs7eykylu7,"咖啡 (coffee) = 咖 (coffee sound) + 啡 (coffee sound)
咖 = 口 (mouth) + 加 (add)
啡 = 口 (mouth) + 非 (not)"
Beginner,HSK 1,Asking people,QZ-HSK1-QT01B-10,What is the drink?,牛奶,milk,Sữa,noun,https://flashcardy.com/?card=cmhr2ye1u001ttxcsip29yu32,"牛奶 (milk) = 牛 (cow) + 奶 (milk)
牛 (cow) = pictograph of cow’s head with horns
奶 (milk) = 女 (woman) + 乃 (thus)"
Beginner,HSK 1,Asking people,QZ-HSK1-QT01B-10,What is the drink?,啤酒,beer,Bia,noun,https://flashcardy.com/?card=cmhr2vrpj001n9bio3wo6ezkw,"啤酒 (beer) = 啤 (beer sound) + 酒 (alcohol)
啤 = 口 (mouth) + 卑 (low/humble)
酒 (alcohol) = 氵(water) + 酉 (wine jar)"
Beginner,HSK 1,Campus Life,QZ-HSK1-QT02A-01,I study Chinese,学习,Study / Learn,Học,Verb,,"学 = 冖 (roof) + 子 (child) + ⺍ (hand/claw)
 习 = 羽 (feather, simplified) – implies “practice”"
Beginner,HSK 1,Campus Life,QZ-HSK1-QT02A-01,I study Chinese,汉语,Chinese language,Tiếng Trung,Noun,,"汉 = 氵 (water) + 又
 语 = 讠 (speech) + 吾 (I)"
Beginner,HSK 1,Campus Life,QZ-HSK1-QT02A-01,I study Chinese,难,Difficult,Khó,Adjective,,难 = bird (隻) + 口 (mouth)
Beginner,HSK 1,Campus Life,QZ-HSK1-QT02A-01,I study Chinese,汉字,Chinese character,Chữ Hán,Noun,,"汉 =  氵(water) + 又 (right hand)
字 = 宀 (roof) + 子 (child)"
Beginner,HSK 1,Campus Life,QZ-HSK1-QT02A-01,I study Chinese,发音,pronunciation,Phát âm,Noun,,"发 = ㇗ (N/A) + 丨 (line) + 丶 (dot) + 又 (right hand)
音 => 音 (sound)"
Beginner,HSK1,Campus Life,QZ-HSK1-QT02A-02,Whose is this?,地图,map,Bản đồ,noun,,"地图 (map) = 地 (earth) + 图 (drawing)
地 (earth) = 土 (earth) + 也 (also)
图 (drawing) = 囗 (enclosure) + 冬 (winter)"
Beginner,HSK1,Campus Life,QZ-HSK1-QT02A-02,Whose is this?,耳机,ear phone,Tai nghe,noun,,"耳机 (ear phone) = 耳 (ear) + 机 (device)
耳 (ear) = pictograph of an ear
机 (device) = 木 (wood) + 几 (small table)"
Beginner,HSK1,Campus Life,QZ-HSK1-QT02A-02,Whose is this?,的,whose,Của ai,particle,,的 (whose) = 白 (white) + 勺 (spoon)
Beginner,HSK1,Campus Life,QZ-HSK1-QT02A-02,Whose is this?,毛笔,calligraphy pen,Bút thư pháp,noun,,"毛笔 (calligraphy pen) = 毛 (hair) + 笔 (pen)
毛 (hair) = pictograph of fur/hair
笔 (pen) = ⺮ (bamboo) + 毛 (hair)"
Beginner,HSK1,Campus Life,QZ-HSK1-QT02A-02,Whose is this?,班长,class monitor,Lớp trưởng,noun,,"班长 (class monitor) = 班 (class) + 长 (chief)
班 (class) = 王 (jade) + 分 (divide)
长 (chief/long) = 長 (long) pictograph of a long person/hair"
Beginner,HSK1,Campus Life,QZ-HSK1-QT02A-03,That's my teacher,谁,who,Ai,pronoun,,谁 (who) = 讠(speech) + 隹(short-tailed bird)
Beginner,HSK1,Campus Life,QZ-HSK1-QT02A-03,That's my teacher,英语老师,English teacher,Giáo viên tiếng Anh,noun phrase,,"英语老师 (English teacher) = 英 (England) + 语 (language) + 老师 (teacher)
英 (England) = 艹(grass) + 央(center)
语 (language) = 讠(speech) + 吾(I)
老师 (teacher) = 老(old) + 师(master)
老 (old) = 土(earth) + 匕(spoon/ladle)
师 (master) = 巾(cloth) + 帀(go around)"
Beginner,HSK1,Campus Life,QZ-HSK1-QT02A-03,That's my teacher,哪儿,where,Ở đâu,question word,https://flashcardy.com/?card=cmgmdk5oj000dtxcsuog0y2pc,"哪国 (where / from which country) = 哪 (which) + 国(country)
哪 (which) = 口(mouth) + 那(that)
那 (that) = 阝(city) + ⽉(moon/flesh)
国 (country) = 囗(enclosure) + 玉(jade)"
Beginner,HSK1,Campus Life,QZ-HSK1-QT02A-03,That's my teacher,澳大利亚,Australia,Úc,noun,,"澳大利亚人 (Australian) = 澳 (Australia) + 大(big) + 利(benefit) + 亚(Asia) + 人(person)
澳 (Australia) = 氵(water) + 奥(mysterious)
奥 (mysterious) = 大(big) + 米(rice) + 釆(to distinguish)
大 (big) = pictograph of a person with outstretched arms
利 (benefit) = 禾(grain) + 刀(knife)
亚 (Asia) = 二(two) + 亞(structural form, meaning second/Asia)
人 (person) = pictograph of a standing person"
Beginner,HSK1,Campus Life,QZ-HSK1-QT02A-03,That's my teacher,从,From,Từ,preposition,,从 (fromy) = 人 (person) + 人 (person)
Beginner,HSK 1,Campus Life,QZ-HSK1-QT02A-04,Magazine in English,书,Book,Sách,Noun,,书 = 冖 (cover) + 又 (again/hand)
Beginner,HSK 1,Campus Life,QZ-HSK1-QT02A-04,Magazine in English,什么,Kind of,Loại,Pronoun,,那 = 邑 (city) + 那
Beginner,HSK 1,Campus Life,QZ-HSK1-QT02A-04,Magazine in English,杂志,Magazine,Tạp chí,Noun,,"杂 = 木 + 九 (mixed)
 志 = 心 + 士 (intention)"
Beginner,HSK 1,Campus Life,QZ-HSK1-QT02A-04,Magazine in English,英文,english,Tiếng Anh,Noun,,"英 = 艹 (grass) + 大 (big) + 冂 (upside down box) 
文 =  文 (script/literature)"
Beginner,HSK 1,Campus Life,QZ-HSK1-QT02A-04,Magazine in English,彩色,colour,Màu sắc,Noun,,"颜色 (colour) = 颜 (face/appearance) + 色 (colour)
颜 (face/appearance) = 页 (head/page) + 彦 (elegant)
页 (head/page) = 丆 (one) + 贝 (shell/money)
彦 (elegant) = 产 (produce) + 彡 (hair/decoration)
色 (colour) = 巴 (wrap) + 卩 (seal)"
Beginner,HSK 1,Campus Life,QZ-HSK1-QT02A-05,What’s in that bag?,装,hold; pack; load,Cầm; đóng gói; chất,Verb,,装 = 丬 (split wood) + 士 (scholar) + 衣 (clothes)
Beginner,HSK 1,Campus Life,QZ-HSK1-QT02A-05,What’s in that bag?,都,All / both,Tất cả / Cả hai,Adverb,,者 (person) + 阝 (city/place)
Beginner,HSK 1,Campus Life,QZ-HSK1-QT02A-05,What’s in that bag?,化妆品,Cosmetics,Mỹ phẩm,Noun,,"化 = 人 (person) + 匕 (change)
 妆 = 女 + 庄
 品 = three mouths – items/things"
Beginner,HSK 1,Campus Life,QZ-HSK1-QT02A-05,What’s in that bag?,口红,Lipstick,Son môi,Noun,,口 (mouth) + 红 = 纟 + 工
Beginner,HSK 1,Campus Life,QZ-HSK1-QT02A-05,What’s in that bag?,瓶,Bottle,Chai / Lọ,Measure word / Noun,,瓦 (tile) + 并 (side by side) – container shape
Beginner,HSK 1,Campus Life,QZ-HSK1-QT02A-05,What’s in that bag?,对,Yes/Correct,Đúng,Verb,,寸 (hand) + 又 (again) – aligned precisely
Beginner,HSK 1,Campus Life,QZ-HSK1-QT02A-06,Your major,学校,School,Trường học,Noun,,"学 = 冖 (cover) + 子 (child) + 爪 (hands) – child learning under roof
 校 = 木 (tree) + 交 (interact) – place with structure for learning"
Beginner,HSK 1,Campus Life,QZ-HSK1-QT02A-06,Your major,河内,Hanoi (capital of Vietnam),Hà Nội,Noun,,"河 = 氵 (water) + 一 (one) + 亅 (hook) + 口 (mouth)
内 = 人 (human) + 冂 (upside down box)"
Beginner,HSK 1,Campus Life,QZ-HSK1-QT02A-06,Your major,专业,speciality; discipline,Chuyên ngành,Noun,,"专 = 二 (two) + 丨 (line) + 龴 (N/A)
业 = No glyph available + 丷 (eight/divide) + 一 (one)"
Beginner,HSK 1,Campus Life,QZ-HSK1-QT02A-06,Your major,觉得,To feel,Cảm thấy,Verb,,觉 = 视 (see) + 觉; 得 = 德 (virtue) without heart
Beginner,HSK 1,Campus Life,QZ-HSK1-QT02A-06,Your major,口语,oral language; spoken language;,#N/A,Noun,,"口 = 口 (mouth)
语 = 讠 (speech) + 一 (one) + 力 (power/force) + 一 (one) + 口 (mouth)"
Beginner,HSK 1,Campus Life,QZ-HSK1-QT02A-07,Are you free tonight?,晚上,Evening,Buổi tối,Noun,,"晚 = 日 (sun) + 免 (avoid)
 上 = one + line"
Beginner,HSK 1,Campus Life,QZ-HSK1-QT02A-07,Are you free tonight?,电影,Movie / Film,Phim,Noun,,"电 = electricity
影 = 景 (scene) + 彡 (shadow)"
Beginner,HSK 1,Campus Life,QZ-HSK1-QT02A-07,Are you free tonight?,知道,To know,Biết,Verb,,"知 = 矢 (arrow) + 口 (mouth)
 道 = 辶 (walk) + 首 (head) – path of understanding"
Beginner,HSK 1,Campus Life,QZ-HSK1-QT02A-07,Are you free tonight?,可是,However,Tuy nhiên,Conjunction,,"可 = 口 (mouth) + 丁 (nail)
 是 = 日 (sun) + 正 (correct)"
Beginner,HSK 1,Campus Life,QZ-HSK1-QT02A-07,Are you free tonight?,听说,Hear (it said),Nghe nói,Verb,,"听 = 口 (mouth) + 斤 (axe – metaphor for sharp hearing)
 说 = 讠 (speech) + 兑 (exchange)"
Beginner,HSK 1,Campus Life,QZ-HSK1-QT02A-07,Are you free tonight?,有名,Famous,Nổi tiếng,Adjective,,"有 = 又 (hand) + 月 (moon)
名 = 夕 (evening) + 口 (mouth)"
Beginner,HSK 1,Campus Life,QZ-HSK1-QT02A-07,Are you free tonight?,做,To do / make,Làm,Verb,,亻 (person) + 故 (cause)
Beginner,HSK 1,Campus Life,QZ-HSK1-QT02A-07,Are you free tonight?,要,Want / Need,Muốn / Cần,Verb,,要 = 西 (west) + 女 (woman)
Beginner,HSK 1,Campus Life,QZ-HSK1-QT02A-07,Are you free tonight?,作业,Homework,Bài tập về nhà,Noun,,"作 = 亻 (person) + 乍 (suddenly, action)
 业 = vertical + strokes = occupation/work"
Beginner,HSK 1,Campus Life,QZ-HSK1-QT02A-08,What are these things?,这些,These,Những cái này,Pronoun,,"这 = 辶 (walk) + 文 (writing)
 些 = 此 (this) + 二 (two – plurality)"
Beginner,HSK 1,Campus Life,QZ-HSK1-QT02A-08,What are these things?,东西,Things,Đồ vật,Noun,,"东 = 一 + 木 (east)
 西 = cover + bird shape (west)"
Beginner,HSK 1,Campus Life,QZ-HSK1-QT02A-08,What are these things?,弟弟,Younger brother,Em trai,Noun,,弓 (bow) + 八 (eight) – symbolic for younger
Beginner,HSK 1,Campus Life,QZ-HSK1-QT02A-08,What are these things?,零食,Snacks,Đồ ăn vặt,Noun,,"零 = 雨 (rain) + 令 (order)
 食 = eat (roof + good)"
Beginner,HSK 1,Campus Life,QZ-HSK1-QT02A-08,What are these things?,爸爸,Dad,Bố,Noun,,"我 = 手 (hand) + 戈 (spear)
父 = hand holding stick (discipline)
巴 = mouth shape"
Beginner,HSK 1,Campus Life,QZ-HSK1-QT02A-08,What are these things?,茶叶,Tea leaves,Lá trà,Noun,,"茶 = 艹 (grass) + 人 (person) + 木 (tree)
 叶 = 口 (mouth) + 十 (ten)"
Beginner,HSK 1,Campus Life,QZ-HSK1-QT02A-08,What are these things?,红茶,Black tea,Trà đen,Noun,,"红 = 纟 (silk) + 工 (work)
 茶 = see above"
Beginner,HSK 1,Campus Life,QZ-HSK1-QT02A-08,What are these things?,绿茶,Green tea,Trà xanh,Noun,,"绿 = 纟 (silk) + 录 (record)
 茶 = tea"
Beginner,HSK 1,Campus Life,QZ-HSK1-QT02A-09,How many people are there in your family?,家,family; household,Gia đình,Noun,,家 = 宀 (roof) + 豕 (pig)
Beginner,HSK 1,Campus Life,QZ-HSK1-QT02A-09,How many people are there in your family?,爷爷,Grandfather,Ông,Noun,,父 (father) + ⺧ (phonetic)
Beginner,HSK 1,Campus Life,QZ-HSK1-QT02A-09,How many people are there in your family?,奶奶,Grandmother,Bà,Noun,,女 (woman) + 乃 (to bear)
Beginner,HSK 1,Campus Life,QZ-HSK1-QT02A-09,How many people are there in your family?,妈妈,Mother,Mẹ,Noun,,女 (woman) + 马 (horse) – phonetic
Beginner,HSK 1,Campus Life,QZ-HSK1-QT02A-09,How many people are there in your family?,兄弟姐妹,Siblings,Anh chị em,Noun,,口 (mouth) + 可 (phonetic/“eldest”)
Beginner,HSK1,Campus Life,QZ-HSK1-QT02A-10,Big family of mine,人,people,Người,noun,,人 (people) = 人 (pictograph of a standing person)
Beginner,HSK1,Campus Life,QZ-HSK1-QT02A-10,Big family of mine,这,this,Này,pronoun,,这 (this) = 辶(walk) + 文(script/pattern)
Beginner,HSK1,Campus Life,QZ-HSK1-QT02A-10,Big family of mine,照片,picture,Bức tranh,noun,,"照片 (picture) = 照 (shine) + 片 (slice)
照 (shine) = 昭(bright) + 灬(fire)
昭 (bright) = 日(sun) + 召(call)
召 (call) = 刀(knife) + 口(mouth)
片 (slice) = pictograph of a slice of wood"
Beginner,HSK1,Campus Life,QZ-HSK1-QT02A-10,Big family of mine,三世同堂 ,three-generation family ,#N/A,noun,,"三世同堂 (three generations under one roof)  
= 三 (three) + 世 (generation) + 同 (together) + 堂 (hall)
三 (three) = pictograph (three horizontal lines)  
世 (generation) = 一 + 廿 + 十 (pictographic time compound)  
同 (together) = 冂 (enclosure) + 口 (mouth)  
堂 (hall) = semantic (土 + roof) + phonetic (尚)"
Beginner,HSK1,Campus Life,QZ-HSK1-QT02A-10,Big family of mine,房子,house,Nhà,noun,,房子 (house) = 房 (house/room) + 子 (noun suffix)
Beginner,HSK 1,School conversation,QZ-HSK1-QT02B-01,My family has a dog,还有,Also have,Cũng có,Phrase,,还 = still; 有 = have
Beginner,HSK 1,School conversation,QZ-HSK1-QT02B-01,My family has a dog,狗,Dog,Chó,Noun,,犭 (dog radical) + 句 (phonetic)
Beginner,HSK 1,School conversation,QZ-HSK1-QT02B-01,My family has a dog,五,Five,Năm,Number,,Variant of 二 + horizontal strokes
Beginner,HSK 1,School conversation,QZ-HSK1-QT02B-01,My family has a dog,六,Six,Sáu,Number,,Top = 八 (divide) + stroke – originally flowing
Beginner,HSK 1,School conversation,QZ-HSK1-QT02B-01,My family has a dog,没错,that's right,Đúng vậy,,,"没 = 氵 (water) + 殳 (weapon/lance)
错 = 钅 (metal/gold) + 艹 (grass) + 一 (one) + 日 (sun/day)"
Beginner,HSK 1,School conversation,QZ-HSK1-QT02B-01,My family has a dog,哦,Oh,Ôi,Particle,,口 (mouth) + 我 (phonetic)
Beginner,HSK 1,School conversation,QZ-HSK1-QT02B-01,My family has a dog,懂,To understand,Hiểu,Verb,,忄(heart) + 董 (supervise)
Beginner,HSK 1,School conversation,QZ-HSK1-QT02B-01,My family has a dog,家人,Family members,Thành viên gia đình,Noun,,"家 = 宀 (roof) + 豕 (pig)
 人 = person"
Beginner,HSK 1,School conversation,QZ-HSK1-QT02B-02,Don’t you have a computer,电脑,Computer,Máy tính,Noun,,"电 = electricity
 脑 = 月 (flesh) + 囟 (head/skull)"
Beginner,HSK 1,School conversation,QZ-HSK1-QT02B-02,Don’t you have a computer,这儿,Here,Ở đây,Pronoun,,"这 = 辶 (walk) + 文 (text)
 儿 = child"
Beginner,HSK 1,School conversation,QZ-HSK1-QT02B-02,Don’t you have a computer,轻,Light,Đèn / Ánh sáng,Adjective,,车 (vehicle) + 圣 (holy)
Beginner,HSK 1,School conversation,QZ-HSK1-QT02B-02,Don’t you have a computer,比较,Relatively,Tương đối,Adverb,,"比 = compare (two hands)
 较 = 车 (vehicle) + 交 (interact)"
Beginner,HSK 1,School conversation,QZ-HSK1-QT02B-02,Don’t you have a computer,礼物,Present,Hiện tại,Noun,,"礼 = 礻 (ritual) + 乚
 物 = 牛 (cow) + 勿 (not)"
Beginner,HSK 1,School conversation,QZ-HSK1-QT02B-03,What are you going to the library for?,星期天,Sunday,Chủ nhật,Noun,,"星 = 日 (sun) + 生 (life)
 期 = 月 (moon) + 其 (its)
 天 = 一 + 大"
Beginner,HSK 1,School conversation,QZ-HSK1-QT02B-03,What are you going to the library for?,咱们,We,Chúng tôi,Pronoun,,"咱 = 口 (mouth) + 自 (self)
 们 = 亻 + 门 (door)"
Beginner,HSK 1,School conversation,QZ-HSK1-QT02B-03,What are you going to the library for?,一起,Together,Cùng nhau,Adverb,,"一 = one
 起 = 走 (walk) + 己 (self)"
Beginner,HSK 1,School conversation,QZ-HSK1-QT02B-03,What are you going to the library for?,图书馆,Library,Thư viện,Noun,,"图 = 囗 (enclosure) + 冬 (winter)
 书 = 冖 (cover) + 又 (hand)
 馆 = 饣 (food) + 官 (official)"
Beginner,HSK 1,School conversation,QZ-HSK1-QT02B-03,What are you going to the library for?,吧,(suggestion particle),trợ từ gợi ý (nhé / đi),Particle,,"口 (mouth) + 巴 (cling, phonetic)"
Beginner,HSK 1,School conversation,QZ-HSK1-QT02B-03,What are you going to the library for?,几点,What time?,Mấy giờ?,Phrase,,"几 = small table (pictograph)
 点 = 灬 (fire) + 占 (occupy)"
Beginner,HSK 1,School conversation,QZ-HSK1-QT02B-03,What are you going to the library for?,没问题,no problem,Không vấn đề gì,Phrase,,"没 = 氵 (water) + 殳 (weapon/lance)
问 = 门 (gate) + 口 (mouth)
题 = 日 (sun/day) + 一 (one) + 龰 (N/A) + 页 (leaf)"
Beginner,HSK 1,School conversation,QZ-HSK1-QT02B-03,What are you going to the library for?,门口,door; gate,Cửa / Cổng,Noun,,"门 = 门 (gate)
口 = 口 (mouth)"
Beginner,HSK1,School conversation,QZ-HSK1-QT02B-04,Where are you from?,哪国人,which country,Nước nào,question phrase,,"哪国人 (nationality) = 哪 (which) + 国 (country) + 人 (person)
哪 (which) = 口 (mouth) + 那 (that)
那 (that) = 阝 (city) + ⽉ (moon/flesh)
国 (country) = 囗 (enclosure) + 玉 (jade)
人 (person) = pictograph of a standing person"
Beginner,HSK1,School conversation,QZ-HSK1-QT02B-04,Where are you from?,你的,your,Của bạn,pronoun (possessive),,"你的 (your) = 你 (you) + 的 (possessive marker)
的 (possessive marker) = 白 (white) + 勺 (spoon)"
Beginner,HSK1,School conversation,QZ-HSK1-QT02B-04,Where are you from?,法国人,French,Người Pháp / Tiếng Pháp,noun,,"法国人 (French) = 法 (law/France) + 国 (country) + 人 (person)
法 (law/France) = 氵 (water) + 去 (go)
去 (go) = 土 (earth) + 厶 (private)"
Beginner,HSK1,School conversation,QZ-HSK1-QT02B-04,Where are you from?,你呢,how about you,Còn bạn thì sao?,phrase (question particle 呢),,"你呢 (how about you) = 你 (you) + 呢 (question particle)
你 (you) = 亻 (person) + 尔 (you)
呢 (particle) = 口 (mouth) + 尼 (nun)"
Beginner,HSK1,School conversation,QZ-HSK1-QT02B-04,Where are you from?,越南华人,Vietnamese Chinese,Hoa kiều Việt Nam,noun,,"越南华人 (Vietnamese Chinese) = 越 (Vietnam) + 南 (south) + 华 (Chinese) + 人 (person)
越 (Vietnam / exceed) = 走 (walk) + 戉 (axe)
南 (south) = 十 (ten) + 冂 (open country) + 丨 (line) + 干 (stem)
华 (Chinese / splendid) = 艹 (grass) + 化 (transform)
化 (transform) = 亻 (person) + 匕 (spoon)
人 (person) = pictograph of a standing person"
Beginner,HSK1,School conversation,QZ-HSK1-QT02B-05,A friend from Thailand ,泰国,Thailand,Thái Lan,pronoun,,谁 (who / people) = 讠(speech) + 隹(short-tailed bird)
Beginner,HSK1,School conversation,QZ-HSK1-QT02B-05,A friend from Thailand ,旁边班,next class,Tiết học sau,noun phrase,,"旁边班 (next class) = 旁 (beside) + 边 (side) + 班 (class)
旁 (beside) = 方(square) + 立(stand) + 小(small)
边 (side) = 辶(walk) + 力(power)
班 (class) = 王(jade) + 分(divide)"
Beginner,HSK1,School conversation,QZ-HSK1-QT02B-05,A friend from Thailand ,哪国人,Nationality,Quốc tịch,noun,,"哪国人 (which country person) = 哪 (which) + 国 (country) + 人 (person)
哪 (which) = 口(mouth) + 那(that)
那 (that) = 阝(city) + 月(moon/flesh)
国 (country) = 囗(enclosure) + 玉(jade)
人 (person) = pictograph of a standing person"
Beginner,HSK1,School conversation,QZ-HSK1-QT02B-05,A friend from Thailand ,泰国人,Thai (people),Người Thái,noun,,"泰国人 (Thailand / Thai people) = 泰 (Thailand) + 国 (country) + 人 (person)
泰 (Thailand) = 水(water) + 大(big) + 艹(grass) + 氺(water variant)
国 (country) = 囗(enclosure) + 玉(jade)
人 (person) = pictograph of a standing person"
Beginner,HSK1,School conversation,QZ-HSK1-QT02B-05,A friend from Thailand ,他,he,Anh ấy,pronoun,,他 (his / he) = 亻(person) + 也(also)
Beginner,HSK1,School conversation,QZ-HSK1-QT02B-06,My chef,那,that,Đó / Kia,noun phrase,,"那个人 (that man) = 那 (that) + 个 (classifier) + 人 (man/person)
那 (that) = 阝(city) + 月(moon/flesh)
个 (classifier) = 竹(bamboo) (simplified form, originally 亅 + 丿)
人 (person) = pictograph of a standing man"
Beginner,HSK1,School conversation,QZ-HSK1-QT02B-06,My chef,男人,man,Người đàn ông,pronoun,,谁 (who) = 讠(speech) + 隹(short-tailed bird)
Beginner,HSK1,School conversation,QZ-HSK1-QT02B-06,My chef,厨师,chef,Đầu bếp,noun,,"厨师 (chef) = 厨 (kitchen) + 师 (master)
厨 (kitchen) = 广(shelter) + 豕(pig)
师 (master) = 巾(cloth) + 帀(go around)"
Beginner,HSK1,School conversation,QZ-HSK1-QT02B-06,My chef,超人,superman,Siêu nhân,noun,,"超人 (superman) = 超 (super / surpass) + 人 (man)
超 (surpass) = 走(walk) + 召(call)
召 (call) = 刀(knife) + 口(mouth)"
Beginner,HSK1,School conversation,QZ-HSK1-QT02B-06,My chef,最好朋友,best friend,Bạn thân nhất,noun phrase,,"最好朋友 (best friend) = 最 (most) + 好 (good) + 朋友 (friend)
最 (most) = 日(sun) + 取(take)
取 (take) = 耳(ear) + 又(hand)
好 (good) = 女(woman) + 子(child)
朋友 (friend) = 朋(companion) + 友(friend)
朋 (companion) = 月(moon) + 月(moon)
友 (friend) = 又(hand) + ⺄(stroke)"
Beginner,HSK1,School conversation,QZ-HSK1-QT02B-07,In the classroom,教室,classroom,Phòng học,noun,,"教室 (classroom) = 教 (teach) + 室 (room)
教 (teach) = 孝(filial) + 攵(action)
孝 (filial) = 老(old) + 子(child)
室 (room) = 宀(roof) + 至(reach)"
Beginner,HSK1,School conversation,QZ-HSK1-QT02B-07,In the classroom,多少,how many,Bao nhiêu (đếm được),question phrase,,"多少 (how many) = 多 (many) + 少 (few)
多 (many) = 夕(evening) + 夕(evening)
少 (few) = 小(small) + 丿(stroke)"
Beginner,HSK1,School conversation,QZ-HSK1-QT02B-07,In the classroom,把,measure word,Lượng từ,preposition,,把 (measure word / hold) = 扌(hand) + 巴(to cling)
Beginner,HSK1,School conversation,QZ-HSK1-QT02B-07,In the classroom,椅子,chair,Ghế,noun,,"椅子 (chair) = 椅 (chair) + 子 (suffix/noun)
椅 (chair) = 木(wood) + 奇(strange)
奇 (strange) = 大(big) + 可(can)
子 (child / noun suffix) = pictograph of a child"
Beginner,HSK1,School conversation,QZ-HSK1-QT02B-07,In the classroom,柜子,cupboard,Tủ,noun,,"柜子 (cupboard) = 柜 (cupboard) + 子 (suffix/noun)
柜 (cupboard) = 木(wood) + 匮(deficiency/container)
匮 (container) = 匚(box) + 贵(precious)
贵 (precious) = 中(middle) + 贝(shell, money)
子 (child / noun suffix) = pictograph of a child"
Beginner,HSK1,School conversation,QZ-HSK1-QT02B-08,Have a meeting,开会,"meeting, to hold a meeting",Họp / Tổ chức họp,verb-object phrase,,"开会 (meeting) = 开 (open/hold) + 会 (gather/meeting)
开 (open) = 一(one) + 廾(two hands)
会 (gather/meeting) = 人(person) + 云(to say/together)"
Beginner,HSK1,School conversation,QZ-HSK1-QT02B-08,Have a meeting,女生,girl (female student),Nữ sinh,noun,,"女生 (girl) = 女 (female) + 生 (to be born/student)
女 (female) = pictograph of a kneeling woman
生 (to be born) = 一(one) + 丨(line) + 土(earth)"
Beginner,HSK1,School conversation,QZ-HSK1-QT02B-08,Have a meeting,四,four,Bốn,number,,四 (four) = 囗(enclosure) + 儿(person radical)
Beginner,HSK1,School conversation,QZ-HSK1-QT02B-08,Have a meeting,好,favorable,Thuận lợi / Ưu đãi,adjective,,好 (favorable/good) = 女(female) + 子(child)
Beginner,HSK1,School conversation,QZ-HSK1-QT02B-08,Have a meeting,儿子,boy,Nam sinh,noun,,"儿子 (boy/son) = 儿(child/son) + 子(child)
儿 (child) = pictograph of a child with legs
子 (child) = pictograph of a baby with large head"
Beginner,HSK1,School conversation,QZ-HSK1-QT02B-09,Asking about the world,它,it,Nó,pronoun,,"它 (it) = 宀 (roof radical, shelter) + 匕 (spoon shape) "
Beginner,HSK1,School conversation,QZ-HSK1-QT02B-09,Asking about the world,伦敦,London,London,proper noun,,"伦敦 (London) = 伦 (ethics/order) + 敦 (honest)
伦 = 亻(person) + 仑(order)
敦 = 攵(action) + 享(enjoy)"
Beginner,HSK1,School conversation,QZ-HSK1-QT02B-09,Asking about the world,世界上,world / in the world,Thế giới / Trên thế giới,noun phrase,,"世界 (world) = 世 (world/generation) + 界 (boundary)
世 = 廿(twenty) + 一(one) + 廾(two hands)
界 = 田(field) + 介(between)"
Beginner,HSK1,School conversation,QZ-HSK1-QT02B-09,Asking about the world,城市,city,Thành phố,noun,,"城市 (city) = 城 (city wall) + 市 (market)
城 = 土(earth) + 成(accomplish)
市 = 亠(lid) + 巾(cloth/market banner)"
Beginner,HSK1,School conversation,QZ-HSK1-QT02B-09,Asking about the world,首都,capital,Thủ đô,noun,,"首都 (capital) = 首 (head) + 都 (metropolis)
首 = 自(self/nose) + 丨(line)
都 = 者(person/one who) + 阝(city)"
Beginner,HSK1,School conversation,QZ-HSK1-QT02B-10,That girl helps me,帮,helping,Giúp đỡ,verb,,"帮 (helping) = 巾(cloth) + 邦(state/country)
邦 = 干(main) + 邑(city)"
Beginner,HSK1,School conversation,QZ-HSK1-QT02B-10,That girl helps me,漂亮,beautiful,Đẹp,adjective,,"漂亮 (beautiful) = 漂 (water/float) + 亮 (bright)
漂 = 氵(water) + 票(ticket)
票 = 覀(roof) + 示(sign)
亮 = 高(tall) + 几(table)"
Beginner,HSK1,School conversation,QZ-HSK1-QT02B-10,That girl helps me,积极,positive,Tích cực,adjective,,"积极 (positive) = 积 (accumulate) + 极 (extreme)
积 = 禾(grain) + 只(only)
极 = 木(wood) + 及(reach)"
Beginner,HSK1,School conversation,QZ-HSK1-QT02B-10,That girl helps me,也,too / also,Cũng,adverb,,也 (too / also) = 乙(second) / pictograph variant
Beginner,HSK1,School conversation,QZ-HSK1-QT02B-10,That girl helps me,美丽,beautiful,Đẹp,adjective,,"美丽 (beautiful) = 美 (beauty) + 丽 (beautiful)
美 = 羊(sheep) + 大(big)
丽 = 一(one) + 丿(stroke) + 乀(curved stroke)"
Beginner,HSK 1,Going out and meet,QZ-HSK1-QT03-01,What time do shopping mall start?,小明,Xiao Ming,Tiểu Minh,Noun,,"小 = 小 (small)
明 = 日 (sun/day) + 月 (moon)"
Beginner,HSK 1,Going out and meet,QZ-HSK1-QT03-01,What time do shopping mall start?,八点,Eight o'clock,Tám giờ,Phrase,,"八 = divide
 点 = see above"
Beginner,HSK 1,Going out and meet,QZ-HSK1-QT03-01,What time do shopping mall start?,五十五,Fifty-five,Năm mươi lăm,Phrase,,"五 = 一 (one) + 力 (power/force) + 一 (one)
十 = 十 (ten)"
Beginner,HSK 1,Going out and meet,QZ-HSK1-QT03-01,What time do shopping mall start?,分,Minute,Phút,Noun,,刀 (knife) + 八 (divide)
Beginner,HSK 1,Going out and meet,QZ-HSK1-QT03-01,What time do shopping mall start?,十一点半,"Half eleven
",#N/A,Phrase,,"十一 = 10 + 1
 点 = dot/time
 半 = 八 + 牛 (half)"
Beginner,HSK 1,Going out and meet,QZ-HSK1-QT03-02,Food and Drinks,馒头,Steamed bun (plain),Bánh bao không nhân,Noun,,"饣 (food) + 曼 (prolonged)
 头 = head"
Beginner,HSK 1,Going out and meet,QZ-HSK1-QT03-02,Food and Drinks,米饭,Cooked rice,Cơm,Noun,,"米 = rice
 饭 = 饣 (food) + 反 (reverse)"
Beginner,HSK 1,Going out and meet,QZ-HSK1-QT03-02,Food and Drinks,碗,Bowl,Bát,Noun,,石 (stone) + 宛 (curved/smooth)
Beginner,HSK 1,Going out and meet,QZ-HSK1-QT03-02,Food and Drinks,汤,Soup,Canh,Noun,,氵 (water) + 昜 (sun shining)
Beginner,HSK 1,Going out and meet,QZ-HSK1-QT03-02,Food and Drinks,包子,Steamed bun,Bánh bao,Noun,,"包 = 勹 (wrap) + 巳 (baby)
 子 = child"
Beginner,HSK 1,Going out and meet,QZ-HSK1-QT03-03,Buying Things,奶茶,Milk tea,Trà sữa,Noun,,"奶 = 女 (woman) + ㇎ (N/A) + 丿 (bend)
茶 = 艹 (grass) + 人 (human) + 十 (ten) + 小 (small)"
Beginner,HSK 1,Going out and meet,QZ-HSK1-QT03-03,Buying Things,杯,cup; glass,Cốc / Ly,Measure word,,杯 = 木 (wood) + 不
Beginner,HSK 1,Going out and meet,QZ-HSK1-QT03-03,Buying Things,多少,How much,Bao nhiêu tiền,Pronoun,,"多 = 夕 (evening) + 夕
 少 = small with hook"
Beginner,HSK 1,Going out and meet,QZ-HSK1-QT03-03,Buying Things,几,How many,Bao nhiêu (đếm được),Measure word,,土 (earth) + 夬 (decisive)
Beginner,HSK 1,Going out and meet,QZ-HSK1-QT03-03,Buying Things,十,Ten,Mười,Number,,A single vertical and horizontal stroke (cross)
Beginner,HSK 1,Going out and meet,QZ-HSK1-QT03-03,Buying Things,两,two,Hai,Number,,两 = 一 (one) + 从 (N/A) + 冂 (upside down box)
Beginner,HSK 1,Going out and meet,QZ-HSK1-QT03-03,Buying Things,蛋糕,Cake,Bánh ngọt,Noun,,"蛋 = 虫 (insect) + 旦 (sun rising)
 糕 = 米 (rice) + 羔 (lamb)"
Beginner,HSK 1,Going out and meet,QZ-HSK1-QT03-04,Shopping at the Market,千克,kilogram,Kilôgam,Measure,,"千克 (kilogram)=千 (thousand)+克 (gram)
千 (thousand)=丿 (slash)+十 (ten)
克 (gram)=古 (ancient)+儿 (legs radical)
古 (ancient)=十 (ten)+口 (mouth)"
Beginner,HSK 1,Going out and meet,QZ-HSK1-QT03-04,Shopping at the Market,三,Three,Ba,Number,,三 = 一 (one) + 二 (two)
Beginner,HSK 1,Going out and meet,QZ-HSK1-QT03-04,Shopping at the Market,五,five,Năm,Number,,"五 (five)=二 (two)+三 (three)
二 (two)=一 (one)+一 (one)
三 (three)=一 (one)+一 (one)+一 (one)"
Beginner,HSK 1,Going out and meet,QZ-HSK1-QT03-04,Shopping at the Market,怎么,How,Như thế nào,Pronoun,,"怎 = 心 (heart) + 乍 (sudden)
 么 = simplified of 麽 (small)"
Beginner,HSK 1,Going out and meet,QZ-HSK1-QT03-04,Shopping at the Market,十三,thirteen,Mười ba,Number,,"十三 (thirteen)=十 (ten)+三 (three)
十 (ten)=一 (one)+丨 (line)
三 (three)=一 (one)+一 (one)+一 (one)"
Beginner,HSK 1,Going out and meet,QZ-HSK1-QT03-05,Drinking coffee at a coffee shop,喂,Hello (on phone),A lô,Interjection,,口 (mouth) + 畏 (fear)
Beginner,HSK 1,Going out and meet,QZ-HSK1-QT03-05,Drinking coffee at a coffee shop,在,At,Ở / Tại,Verb,,土 (earth) + 才 (just)
Beginner,HSK 1,Going out and meet,QZ-HSK1-QT03-05,Drinking coffee at a coffee shop,干,To do,Làm,Verb,,A simplified pictograph (varies by context)
Beginner,HSK 1,Going out and meet,QZ-HSK1-QT03-05,Drinking coffee at a coffee shop,每天,Every day,Mỗi ngày,Time word,,"每 = 母 (mother) + 人
 天 = sky/day"
Beginner,HSK 1,Going out and meet,QZ-HSK1-QT03-05,Drinking coffee at a coffee shop,咖啡,Coffee,Cà phê,Noun,,咖 = 口 (mouth) + 加 (add); 啡 = 口 (mouth) + 非 (not) – both for sound
Beginner,HSK 1,Going out and meet,QZ-HSK1-QT03-05,Drinking coffee at a coffee shop,店,Shop,Cửa hàng,Noun,,广 (shelter) + 占 (occupy)
Beginner,HSK 1,Going out and meet,QZ-HSK1-QT03-06,Sunday plans,中心,center,Trung tâm,Noun,,"购 = 贝 (money) + 勾 (hook)
物 = 牛 (cow) + 勿 (not)
 "
Beginner,HSK 1,Going out and meet,QZ-HSK1-QT03-06,Sunday plans,购物,Shopping,Mua sắm,Noun,,"中 = center
心 = heart"
Beginner,HSK 1,Going out and meet,QZ-HSK1-QT03-06,Sunday plans,那儿,There / here,Ở đó / Ở đây,Pronoun,,"那 = 邑 (city) + 那
 儿 = child"
Beginner,HSK 1,Going out and meet,QZ-HSK1-QT03-06,Sunday plans,还可以,Not bad / OK,Không tệ / Ổn,Phrase,,"还 = walk + not
 可 = mouth + nail
 以 = person + slash"
Beginner,HSK 1,Going out and meet,QZ-HSK1-QT03-06,Sunday plans,质量,Quality,Chất lượng,Noun,,质 = 贝 (money) + 斤 (axe); 量 = 日 (sun) + 里 (distance)
Beginner,HSK 1,Going out and meet,QZ-HSK1-QT03-06,Sunday plans,正,currently,Hiện tại,Adjective,,一 (one) + 止 (stop) – proper
Beginner,HSK 1,Going out and meet,QZ-HSK1-QT03-06,Sunday plans,衣服,Clothes,Quần áo,Noun,,"衣 = clothing
 服 = 月 (flesh) + 卩 (seal)"
Beginner,HSK 1,Going out and meet,QZ-HSK1-QT03-06,Sunday plans,我们,We / Us,Chúng tôi / Chúng ta,Pronoun,,"我 = 手 (hand) + 戈 (spear)
 们 = 亻 (person) + 门 (door)"
Beginner,HSK 1,Going out and meet,QZ-HSK1-QT03-07,Where is the staff?,请问,May I ask,Xin hỏi,Phrase,,"请 = 讠(speech) + 青 (green)
 问 = 门 (door) + 口 (mouth)"
Beginner,HSK 1,Going out and meet,QZ-HSK1-QT03-07,Where is the staff?,办公室,Office,Văn phòng,Noun,,办 = 司 (command) + 办; 公 = 公 (public); 室 = 宿 (room) without 子
Beginner,HSK 1,Going out and meet,QZ-HSK1-QT03-07,Where is the staff?,找,To look for,Tìm kiếm,Verb,,手 (hand) + 另 (another)
Beginner,HSK 1,Going out and meet,QZ-HSK1-QT03-07,Where is the staff?,住,lodge; accommodate,Lưu trú / Ở trọ,Verb,,住 = 亻 (human) + 王 (jade) + 丶 (dot)
Beginner,HSK 1,Going out and meet,QZ-HSK1-QT03-07,Where is the staff?,十八,eighteen,Mười tám,Number,,"十 = 十 (ten)
八 = 八 (eight/divide)"
Beginner,HSK 1,Going out and meet,QZ-HSK1-QT03-07,Where is the staff?,楼,Building / floor,Tòa nhà / Tầng,Noun,,木 (wood) + 娄 (building radical)
Beginner,HSK 1,Going out and meet,QZ-HSK1-QT03-08,Study and Review,最近,Recently,Gần đây,Adverb,,"最 = 曰 (say) + 耳 (ear) + 又 (right hand)
近 = 辶 (walk) + 斤 (axe)"
Beginner,HSK 1,Going out and meet,QZ-HSK1-QT03-08,Study and Review,还好,not bad; passable,Tạm được,Adjective,,"还 = 辶 (walk) + 一 (one) + 丿 (bend) + 卜 (divination)
好 = 女 (woman) + 子 (child)"
Beginner,HSK 1,Going out and meet,QZ-HSK1-QT03-08,Study and Review,男朋友,Boy friend,Bạn trai,Noun,,"男朋友 (boyfriend)=男 (male)+朋友 (friend)
男 (male)=田 (field)+力 (strength)
朋友 (friend)=朋 (companion)+友 (friend)
朋 (companion)=月 (moon)+月 (moon)
友 (friend)=又 (right hand)+𠂇 (person)"
Beginner,HSK 1,Going out and meet,QZ-HSK1-QT03-08,Study and Review,异地,Long-distance,Yêu xa,Adjective,,"异地 (long-distance)=异 (different)+地 (place)
异 (different)=巳 (sixth earthly branch)+廾 (two hands)
地 (place)=土 (earth)+也 (also)"
Beginner,HSK 1,Going out and meet,QZ-HSK1-QT03-08,Study and Review,关系,Relationship,Mối quan hệ,Noun,,"关系 (relationship)=关 (close/connect)+系 (system/tie)
关 (close/connect)=门 (gate)+天 (sky)
系 (system/tie)=糸 (silk)+丿 (slash)+乂 (cut/cross)"
Beginner,HSK 1,Going out and meet,QZ-HSK1-QT03-09,Where did you meet,女朋友,Girlfriend,Bạn gái,Noun,,"女 = 女 (woman)
朋 = 朋 (N/A)
友 = 𠂇 (left hand) + 又 (right hand)"
Beginner,HSK 1,Going out and meet,QZ-HSK1-QT03-09,Where did you meet,女,Girl,Cô gái,Noun,," 女 = 女 (woman)
"
Beginner,HSK 1,Going out and meet,QZ-HSK1-QT03-09,Where did you meet,时候,Time / moment,Thời gian / Khoảnh khắc,Noun,,"时 = 日 (sun) + 寸 (inch)
 候 = 亻 (person) + 侯 (wait)"
Beginner,HSK 1,Going out and meet,QZ-HSK1-QT03-09,Where did you meet,年,Year,Năm,Noun,,Derived from 禾 (grain) + person holding → harvest cycle
Beginner,HSK 1,Going out and meet,QZ-HSK1-QT03-09,Where did you meet,月,Month / Moon,Tháng / Mặt trăng,Noun,,月 = pictograph of moon
Beginner,HSK 1,Going out and meet,QZ-HSK1-QT03-09,Where did you meet,邻居,Neighbor,Hàng xóm,Noun,,"邻 = 邑 (city) + 令 (order)
 居 = 尸 (roof) + 古 (old)"
Beginner,HSK 1,Going out and meet,QZ-HSK1-QT03-10,Customs Inspection ,一些,Some,Một số,Determiner,,"一 = one
 些 = 此 (this) + 二 (two)"
Beginner,HSK 1,Going out and meet,QZ-HSK1-QT03-10,Customs Inspection ,中药,herbal medicine,Thuốc đông y,Noun,,"中 = 口 (mouth) +丨 (line)
药 = 艹 (grass) + 纟 (silk) + 勹 (wrap) + 丶 (dot)"
Beginner,HSK 1,Going out and meet,QZ-HSK1-QT03-10,Customs Inspection ,箱子,chest; box; case; trunk; suitcase,Hòm / Hộp / Va li,Noun,,"箱 = ⺮ (bamboo) + 木 (tree) + 目 (eye)
子 = 子 (child)"
Beginner,HSK 1,Going out and meet,QZ-HSK1-QT03-10,Customs Inspection ,里,Inside,Bên trong,Noun,,田 (field) + 土 (earth) – something enclosed
Beginner,HSK 1,Going out and meet,QZ-HSK1-QT03-10,Customs Inspection ,日用品,Daily use items,Đồ dùng hằng ngày,Noun,,"日 = 日 (sun/day)
用 = 用 (use)
品 = 品 (N/A)"
Beginner,HSK 1,Daily Routines and Movement,QZ-HSK1-QT04-01,What will we do?,天气,Weather,Thời tiết,Noun,,天 = sky; 气 = steam or air
Beginner,HSK 1,Daily Routines and Movement,QZ-HSK1-QT04-01,What will we do?,昨天,Yesterday,Hôm qua,Noun,,昨 = 日 (sun) + 乍 (suddenly); 天 = sky
Beginner,HSK 1,Daily Routines and Movement,QZ-HSK1-QT04-01,What will we do?,热,Hot,Nóng,Adjective,,灬 (fire) + 执 (hold) → intense heat
Beginner,HSK 1,Daily Routines and Movement,QZ-HSK1-QT04-01,What will we do?,看书,To read a book,Đọc sách,Verb,,"看 = 手 (hand) + 目 (eye)
 书 = simplified of 書 (brush + writing)"
Beginner,HSK 1,Daily Routines and Movement,QZ-HSK1-QT04-01,What will we do?,空调,air conditioner,Máy điều hòa,Noun,,"空 = 穴 (cave) + 工 (work)
调 = 讠 (speech) + 田 (field) + 口 (mouth)"
Beginner,HSK 1,Daily Routines and Movement,QZ-HSK1-QT04-01,What will we do?,凉快,cool,Mát,Adjective,,"凉 = 冫 (ice) + 亠 (lid) + 口 (mouth) + 小 (small)
快 = 忄 (heart) + No glyph available + 丨 (line) + 人 (human)"
Beginner,HSK 1,Daily Routines and Movement,QZ-HSK1-QT04-01,What will we do?,公园,park,Công viên,Noun,,"公 =  八 (eight/divide) + 厶 (private)
园 = 囗 (enclosure) + 二 (two) + 儿 (legs)"
Beginner,HSK 1,Daily Routines and Movement,QZ-HSK1-QT04-01,What will we do?,散步,take a walk,Đi dạo,Separable verbs,,"散 = 艹 (grass) + 一 (one) + 月 (moon) + ⺙ (knock)
步 = 止 (stop) + 小 (small) + 丿 (bend)"
Beginner,HSK 1,Daily Routines and Movement,QZ-HSK1-QT04-01,What will we do?,适合,suitable to do sth,Phù hợp để làm gì,Verb,,"适 = 辶 (walk) + 舌 (tongue)
合 = 人 (human) + 一 (one) + 口 (mouth)"
Beginner,HSK 1,Daily Routines and Movement,QZ-HSK1-QT04-02,He is cooking,大卫,David (name),David,Noun,,"大 = 大 (big)
卫 = ㇆ (N/A) + 丨 (line) + 一 (one)"
Beginner,HSK 1,Daily Routines and Movement,QZ-HSK1-QT04-02,He is cooking,厨房,kitchen,Nhà bếp,Noun,,"厨 = 厂 (cliff) + 豆 (bean) + 寸 (thumb)
房 = 户 (door/house) + 方 (square/raft)"
Beginner,HSK 1,Daily Routines and Movement,QZ-HSK1-QT04-02,He is cooking,菜,Dish / Cuisine,Món ăn / Ẩm thực,Noun,,艹 (grass) + 采 (pick)
Beginner,HSK 1,Daily Routines and Movement,QZ-HSK1-QT04-02,He is cooking,真的吗？,really,Thật sự,Adverb,,"真 = 十 (ten) + 目 (eye) + 一 (one) + 八 (eight/divide)
的 = 白 (white) + 勹 (wrap) + 丶 (dot)"
Beginner,HSK 1,Daily Routines and Movement,QZ-HSK1-QT04-02,He is cooking,宫保鸡丁,Kung Pao,Cung Bảo (món ăn),Noun,,
Beginner,HSK 1,Daily Routines and Movement,QZ-HSK1-QT04-03,Exchange money,下午,Afternoon,Buổi chiều,Noun,,"下 = down
 午 = axe (symbol of time)"
Beginner,HSK 1,Daily Routines and Movement,QZ-HSK1-QT04-03,Exchange money,换,To exchange,Trao đổi,Verb,,扌 (hand) + 奂 (exchange component)
Beginner,HSK 1,Daily Routines and Movement,QZ-HSK1-QT04-03,Exchange money,人民币,RMB (Chinese Yuan),Nhân dân tệ,Noun,,"人 = person
 民 = roof + spoon
 币 = cloth/simplified 貝 (money)"
Beginner,HSK 1,Daily Routines and Movement,QZ-HSK1-QT04-03,Exchange money,货币,Currency,Tiền tệ,Number,,"货币 (currency)=货 (goods)+币 (money)
货 (goods)=化 (transform)+贝 (shell/money)
化 (transform)=亻 (person)+匕 (spoon)
币 (money)=巾 (cloth)+丿 (slash)"
Beginner,HSK 1,Daily Routines and Movement,QZ-HSK1-QT04-03,Exchange money,美金,US Dollar,Đô la Mỹ,Noun,,美 = 羊 (sheep) + 大 (big); 金 = metal/gold
Beginner,HSK 1,Daily Routines and Movement,QZ-HSK1-QT04-04,Cycling Fun,骑,To ride,Đi (xe),Verb,,马 (horse) + 奇 (strange)
Beginner,HSK 1,Daily Routines and Movement,QZ-HSK1-QT04-04,Cycling Fun,自行车,Bicycle,Xe đạp,Noun,,"自 = nose/self
 行 = crossroad
 车 = cart"
Beginner,HSK 1,Daily Routines and Movement,QZ-HSK1-QT04-04,Cycling Fun,身体,Body/Health,Sức khỏe,Noun,,"身 = oneself
 体 = 人 (person) + 本 (origin)"
Beginner,HSK 1,Daily Routines and Movement,QZ-HSK1-QT04-04,Cycling Fun,锻炼,To exercise,Tập thể dục,Verb,,锻 = metal + near; 炼 = fire + east
Beginner,HSK 1,Daily Routines and Movement,QZ-HSK1-QT04-04,Cycling Fun,下次,next time,Lần sau,Noun,,"下 = 一 (one) + 卜 (divination)
次 = 冫 (ice) + 欠 (yawn)"
Beginner,HSK 1,Daily Routines and Movement,QZ-HSK1-QT04-05,Where are you learning Chinese,语言,Language,Ngôn ngữ,Noun,,语 = 言 (speech); 言 = speech again (emphasis)
Beginner,HSK 1,Daily Routines and Movement,QZ-HSK1-QT04-05,Where are you learning Chinese,大学,University,Đại học,Noun,,大 = big; 学 = roof + child + 学 radical
Beginner,HSK 1,Daily Routines and Movement,QZ-HSK1-QT04-05,Where are you learning Chinese,你们,You,Bạn,Pronoun,,"你 = 亻 + 尔 (you)
 们 = 亻 + 门 (door)"
Beginner,HSK 1,Daily Routines and Movement,QZ-HSK1-QT04-05,Where are you learning Chinese,听,To listen,Nghe,Verb,,耳 (ear) + 王 (king) + 心 (heart)
Beginner,HSK 1,Daily Routines and Movement,QZ-HSK1-QT04-05,Where are you learning Chinese,容易,Easy,Dễ,Adjective,,容 = roof + container; 易 = sun + stroke (easy)
Beginner,HSK 1,Daily Routines and Movement,QZ-HSK1-QT04-05,Where are you learning Chinese,但,But,Nhưng,Conjunction,,但 = 什 (what) + one
Beginner,HSK 1,Daily Routines and Movement,QZ-HSK1-QT04-05,Where are you learning Chinese,读,To read,Đọc,Verb,,言 (speech) + 读 (phonetic)
Beginner,HSK 1,Daily Routines and Movement,QZ-HSK1-QT04-05,Where are you learning Chinese,写,To write,Viết,Verb,,宀 (roof) + 与 (give) – hand giving words under a roof
Beginner,HSK 1,Daily Routines and Movement,QZ-HSK1-QT04-06,This or that,李老师,Teacher Li,Cô / Thầy Lý,Noun,,"李 = 木 (tree) + 子 (child)
老 = 耂 (old) + 匕 (spoon)
 师 = 巾 (cloth) + 帀 (command)"
Beginner,HSK 1,Daily Routines and Movement,QZ-HSK1-QT04-06,This or that,欢迎,Welcome,Chào mừng,Verb,,欢 = joy radical; 迎 = walk + meet
Beginner,HSK 1,Daily Routines and Movement,QZ-HSK1-QT04-06,This or that,忙,Busy,Bận,Adjective,,心 (heart) + 忙 (phonetic)
Beginner,HSK 1,Daily Routines and Movement,QZ-HSK1-QT04-06,This or that,刚,Just (now),Vừa rồi,Adverb,,"刚 = two hands clashing (strong, recent)"
Beginner,HSK 1,Daily Routines and Movement,QZ-HSK1-QT04-06,This or that,开学,Start school,Bắt đầu học,Verb,,开 = 门 (door) + 一 (open); 学 = cover + child + 爻 (lines)
Beginner,HSK 1,Daily Routines and Movement,QZ-HSK1-QT04-06,This or that,了吗,Have you?,Bạn đã… chưa?,Question particle,,"了 = ㇇ (N/A) + 亅 (hook)
吗 = 口 (mouth) + 马 (horse)"
Beginner,HSK 1,Daily Routines and Movement,QZ-HSK1-QT04-07,How many people in your family,全家,Whole family,Cả gia đình,Noun,,全 = 入 (enter) + 王 (king); 家 = 宀 (roof) + 豕 (pig)
Beginner,HSK 1,Daily Routines and Movement,QZ-HSK1-QT04-07,How many people in your family,看,To watch / To see,Xem,Verb,,手 (hand) above 目 (eye) → hand shading eyes to look
Beginner,HSK 1,Daily Routines and Movement,QZ-HSK1-QT04-07,How many people in your family,年轻,Young,Trẻ,Adjective,,年 = 干 (dry) + 一; 轻 = 车 (car) + 圣 (holy)
Beginner,HSK 1,Daily Routines and Movement,QZ-HSK1-QT04-07,How many people in your family,他们,they; them,Họ / Bọn họ,Pronoun,,"他 = 亻 (human) + 乚 (second) + ㇆ (N/A) + 丨 (line)
们 = 亻 (human) + 门 (gate)"
Beginner,HSK 1,Daily Routines and Movement,QZ-HSK1-QT04-07,How many people in your family,律师,Lawyer,Luật sư,Noun,,律 = 彳 (step) + 聿 (brush); 师 = 幺 (tiny) + 帀
Beginner,HSK 1,Daily Routines and Movement,QZ-HSK1-QT04-08,Meeting an Old Friend,老朋友,old friend,Bạn cũ,Noun,,"老 = 老 (old)
朋 = 朋 (N/A)"
Beginner,HSK 1,Daily Routines and Movement,QZ-HSK1-QT04-08,Meeting an Old Friend,遇到,Encounter,Gặp gỡ,Verb,,"遇 = 辶 (walk) + 冂 (upside down box) + 二 (two) + 丨 (line) + 禸 (track)
到 = 至 (arrive) + 刂 (knife)
"
Beginner,HSK 1,Daily Routines and Movement,QZ-HSK1-QT04-08,Meeting an Old Friend,一定,surely,Chắc chắn,Adverb,,"一 = 一 (one)
定 = 宀 (roof) + 一 (one) + 龰 (N/A)"
Beginner,HSK 1,Daily Routines and Movement,QZ-HSK1-QT04-08,Meeting an Old Friend,惊喜,pleasantly surprised,Ngạc nhiên vui mừng,Adjective,,"惊 = 忄 (heart) + 亠 (lid) + 口 (mouth) + 小 (small)
喜 = 士 (scholar) + 口 (mouth) + 丷 (eight/divide) + 一 (one) + 口 (mouth)"
Beginner,HSK 1,Daily Routines and Movement,QZ-HSK1-QT04-08,Meeting an Old Friend,聊,gab; chat,Tán gẫu,Verb,,聊 = 耳 (ear) 卯 (N/A)
Beginner,HSK 1,Daily Routines and Movement,QZ-HSK1-QT04-08,Meeting an Old Friend,谈到,speak of (about),Nói về,Verb,,"谈 = 讠 (speech) + 炎 (N/A)
到 = 至 (arrive) + 刂 (knife)
"
Beginner,HSK 1,Daily Routines and Movement,QZ-HSK1-QT04-09,Buying things,食堂,Canteen,Căn tin,Noun,,"食 = eat
 堂 = 尚 (still) + 土 (earth)"
Beginner,HSK 1,Daily Routines and Movement,QZ-HSK1-QT04-09,Buying things,然后,Then,Sau đó,Conjunction,,"然 = 肰 (meat) + 灬 (fire)
 后 = 厂 (cliff) + 口 (mouth) + 一"
Beginner,HSK 1,Daily Routines and Movement,QZ-HSK1-QT04-09,Buying things,商店,Store,Cửa hàng,Noun,,"商 = 立 (stand) + 冏 (bright)
 店 = 广 (shelter) + 占 (occupy)"
Beginner,HSK 1,Daily Routines and Movement,QZ-HSK1-QT04-09,Buying things,杯子,Cup,Cốc,Noun,,"杯 = 木 (wood) + 不
 子 = child"
Beginner,HSK 1,Daily Routines and Movement,QZ-HSK1-QT04-09,Buying things,借,To borrow,Mượn,Verb,,亻 (person) + 昔 (past)
Beginner,HSK 1,Daily Routines and Movement,QZ-HSK1-QT04-10,Meeting a New Friend,岁,Years old,Tuổi,Noun,,山 (mountain) + evening + small components
Beginner,HSK 1,Daily Routines and Movement,QZ-HSK1-QT04-10,Meeting a New Friend,几岁,how old,Bao nhiêu tuổi,Asking age,,"几 = 几 (table)
岁 = 山 (mountain) + 夕 (evening/unset)"
Beginner,HSK 1,Daily Routines and Movement,QZ-HSK1-QT04-10,Meeting a New Friend,三十,thirty,Ba mươi,Noun,,"三十 (thirty)=三 (three)+十 (ten)
三 (three)=一 (one)+一 (one)+一 (one)
十 (ten)=一 (one)+丨 (line)"
Beginner,HSK 1,Daily Routines and Movement,QZ-HSK1-QT04-10,Meeting a New Friend,女儿,Daughter,Con gái,Noun,,"女 = woman
 儿 = child"
Beginner,HSK 1,Daily Routines and Movement,QZ-HSK1-QT04-10,Meeting a New Friend,错,Wrong / Mistake,Sai / Lỗi,Adjective,,钅 (metal) + 昔 (past) – “wrong metal”
Beginner,HSK 1,Daily Routines and Movement,QZ-HSK1-QT04-10,Meeting a New Friend,多大,how old,Bao nhiêu tuổi,Asking age,,"多 =  多 (N/A)
大 = 大 (big)"
Beginner,HSK 1,Daily Routines and Movement,QZ-HSK1-QT04-10,Meeting a New Friend,应该,should; ought to,Nên,Verb,,"应 = 广 (house on cliff) + ⺍ (small) + 一 (one)
该 = 讠 (speech) + 亠 (lid) + 丨 (line) + ㇙ (N/A) + 人 (human)"
Beginner,HSK 1,Interaction with people,QZ-HSK1-QT05A-01,The coffee music is next to my dorm,是的,Yes (to confirm),Vâng / Đúng,Adverb,,"是 = 日 (sun/day) + 一 (one) + 龰 (N/A)
的 = 白 (white) + 勹 (wrap) + 丶 (dot)"
Beginner,HSK 1,Interaction with people,QZ-HSK1-QT05A-01,The coffee music is next to my dorm,附近,Nearby,Gần đây,Noun,,"附 = 阝 (place) + 付
 近 = 辶 (walk) + 斤"
Beginner,HSK 1,Interaction with people,QZ-HSK1-QT05A-01,The coffee music is next to my dorm,音乐,Music,Âm nhạc,Noun,,"音 = 音 (sound) + 一
 乐 = 丿 + 木 + 丶 (originally instrument/joy)"
Beginner,HSK 1,Interaction with people,QZ-HSK1-QT05A-01,The coffee music is next to my dorm,自己,Oneself,Bản thân,Pronoun,,"自 = nose/self
 己 = self"
Beginner,HSK 1,Interaction with people,QZ-HSK1-QT05A-01,The coffee music is next to my dorm,就,Just,Chỉ / Vừa mới,Adverb,,尤 (especially) + 京 (capital)
Beginner,HSK 1,Interaction with people,QZ-HSK1-QT05A-01,The coffee music is next to my dorm,韩国,Korea,Hàn Quốc,Noun,,"韩 = 音 (sound) + 干 (dry)
 国 = 囗 (enclosure) + 玉/王 (jade/king)"
Beginner,HSK 1,Interaction with people,QZ-HSK1-QT05A-02,Asking Directions,教学楼,Teaching building,Tòa nhà giảng dạy,Noun,,"教 = 孝 (filial) + 攵 (strike)
 学 = ⺍ + 冖 + 子
 楼 = 木 + 娄 (tower)"
Beginner,HSK 1,Interaction with people,QZ-HSK1-QT05A-02,Asking Directions,北边,North side,Phía bắc,Noun,,"北 = two people back-to-back
 边 = 辶 (walk) + 力 (strength)"
Beginner,HSK 1,Interaction with people,QZ-HSK1-QT05A-02,Asking Directions,左边,Right side,Bên phải,Noun,,"右 = 口 (mouth) + 又 (hand)
 边 = see above"
Beginner,HSK 1,Interaction with people,QZ-HSK1-QT05A-02,Asking Directions,绿豆,Mung bean,Đậu xanh,Noun,,"绿 = 纟 (silk) + 彔 (carve)
 豆 = bean (pictograph)"
Beginner,HSK 1,Interaction with people,QZ-HSK1-QT05A-02,Asking Directions,粥,Porridge,Cháo,Verb,,粥 = 弜 (N/A) + 米 (rice)
Beginner,HSK 1,Interaction with people,QZ-HSK1-QT05A-02,Asking Directions,可乐,Cola,Coca Cola,Noun,,"可 = mouth + nail
 乐 = joy/music"
Beginner,HSK 1,Interaction with people,QZ-HSK1-QT05A-02,Asking Directions,油条,Fried dough stick,Bánh quẩy,Noun,,"油 = 氵 (water) + 由 (from)
 条 = see above"
Beginner,HSK 1,Interaction with people,QZ-HSK1-QT05A-03,Checking the Time,李文,Li Wen (name),Lý Văn,Proper Noun,,"李 = 木 (tree) + 子 (child)
 文 = writing"
Beginner,HSK 1,Interaction with people,QZ-HSK1-QT05A-03,Checking the Time,差,to be short of,Thiếu,Verb/Adjective,,羊 (sheep) + 工 (work)
Beginner,HSK 1,Interaction with people,QZ-HSK1-QT05A-03,Checking the Time,刻,Quarter (time),Một phần tư (giờ),Noun,,刂 (knife) + 害 (harm/danger)
Beginner,HSK 1,Interaction with people,QZ-HSK1-QT05A-03,Checking the Time,哎呀,expressing suprise or amazement,#N/A,,,"哎 = 口 (mouth) + 艹 (grass) + 乂 (N/A)
呀 = 口 (mouth) + 牙 (fang)"
Beginner,HSK 1,Interaction with people,QZ-HSK1-QT05A-03,Checking the Time,学院,academy; institute,Học viện,Noun,,"学 = ⺍ (small) + 冖 (cover) + 子 (child)
院 = 阝 (town) + 宀 (roof) + 二 (two) + 儿 (legs)"
Beginner,HSK 1,Interaction with people,QZ-HSK1-QT05A-04,Talking about Cars,上班,To go to work,Đi làm,Verb,,上 = above; 班 = 王 (jade) + 分 (divide)
Beginner,HSK 1,Interaction with people,QZ-HSK1-QT05A-04,Talking about Cars,展,Show,Trình diễn,Noun,,展 = 尸 (meaning) + 㞢 (sound)
Beginner,HSK 1,Interaction with people,QZ-HSK1-QT05A-04,Talking about Cars,车,Car,Xe hơi,Noun,,Pictograph of a cart with wheels
Beginner,HSK 1,Interaction with people,QZ-HSK1-QT05A-04,Talking about Cars,辆,Measure word for vehicles,Chiếc (xe),Measure Word,,车 (vehicle) + 两 (two)
Beginner,HSK 1,Interaction with people,QZ-HSK1-QT05A-04,Talking about Cars,红色,Red color,Màu đỏ,Noun,,红 = 纟(silk) + 工 (work); 色 = form of desire
Beginner,HSK 1,Interaction with people,QZ-HSK1-QT05A-04,Talking about Cars,新,New,Mới,Adjective,,新 = 立 (stand erect) + 十 (ten) + 小 (small) + 斤 (axe)
Beginner,HSK 1,Interaction with people,QZ-HSK1-QT05A-04,Talking about Cars,旧,Old,Cũ,Adjective,,旧 = 丨 (line) + 日 (sun/day)
Beginner,HSK 1,Interaction with people,QZ-HSK1-QT05A-04,Talking about Cars,楼下,downstairs,Tầng dưới,Noun,,"楼 = 木 (tree) + 米 (rice) + 女 (woman)
下 = 一 (one) + 卜 (divination)"
Beginner,HSK 1,Interaction with people,QZ-HSK1-QT05A-05,How is your health,注意,pay attention to,Chú ý,Verb,,"注 = 氵 (water) + 王 (jade) + 丶 (dot)
意 = 音 (sound) + 心 (heart)"
Beginner,HSK 1,Interaction with people,QZ-HSK1-QT05A-05,How is your health,些,Some / Few,Một ít,Measure Word,,二 (two) + 止 (stop) + 小 (small)
Beginner,HSK 1,Interaction with people,QZ-HSK1-QT05A-05,How is your health,水,water,Nước,Noun,,水 = 水 (water)
Beginner,HSK 1,Interaction with people,QZ-HSK1-QT05A-05,How is your health,少,Few / Little,Ít,Adjective,,小 (small) + a downward stroke
Beginner,HSK 1,Interaction with people,QZ-HSK1-QT05A-05,How is your health,早,early,Sớm,Adjective,,早 = 日 (sun) + 十 (ten)
Beginner,HSK 1,Interaction with people,QZ-HSK1-QT05A-06,Hobbies and Schedule,爱,Love,Yêu,Verb,,爪 (claw) + 冖 (cover) + 心 (heart)
Beginner,HSK 1,Interaction with people,QZ-HSK1-QT05A-06,Hobbies and Schedule,唱,To sing,Hát,Verb,,口 (mouth) + 昌 (bright)
Beginner,HSK 1,Interaction with people,QZ-HSK1-QT05A-06,Hobbies and Schedule,歌,Song,Bài hát,Noun,,欠 (yawn) + 哥 (older brother)
Beginner,HSK 1,Interaction with people,QZ-HSK1-QT05A-06,Hobbies and Schedule,首,Measure word for songs,Bài (bài hát),Noun/Measure,,自 (self) + 页 (page/head)
Beginner,HSK 1,Interaction with people,QZ-HSK1-QT05A-06,Hobbies and Schedule,星期二,Tuesday,Thứ Ba,Noun,,星期 = week; 二 = two
Beginner,HSK 1,Interaction with people,QZ-HSK1-QT05A-06,Hobbies and Schedule,星期四,Thursday,Thứ Năm,Noun,,星期 = week; 四 = four
Beginner,HSK 1,Interaction with people,QZ-HSK1-QT05A-07,Weather in Guangdong,工程师,engineer,Kỹ sư,Noun,,"工程师 (engineer)=工程 (project)+师 (master)
工程 (project)=工 (work)+程 (process)
工 (work)=一 (one)+丨 (line)+一 (one)
程 (process)=禾 (grain)+呈 (present)
呈 (present)=口 (mouth)+王 (king)
师 (master)=帀 (go around)+巾 (cloth)"
Beginner,HSK 1,Interaction with people,QZ-HSK1-QT05A-07,Weather in Guangdong,广东,Guangdong,Quảng Đông,Proper Noun,,"广东 (Guangdong)=广 (broad)+东 (east)
广 (broad)=厂 (cliff)+黄 (shelter component)
东 (east)=一 (one)+日 (sun)"
Beginner,HSK 1,Interaction with people,QZ-HSK1-QT05A-07,Weather in Guangdong,暴风,storm,Bão,Verb,,"暴风 (storm)=暴 (violent)+风 (wind)
暴 (violent)=日 (sun)+共 (together)+曰 (say)
风 (wind)=几 (table)+乂 (cross)"
Beginner,HSK 1,Interaction with people,QZ-HSK1-QT05A-07,Weather in Guangdong,晴天,Sunny day,Trời nắng,Noun,,"晴天 (sunny day)=晴 (clear)+天 (sky)
晴 (clear)=日 (sun)+青 (green/blue)
青 (green/blue)=生 (life)+月 (moon)
天 (sky)=一 (one)+大 (big)"
Beginner,HSK 1,Interaction with people,QZ-HSK1-QT05A-07,Weather in Guangdong,壮丽,beautiful,Đẹp,Adjective,,"美丽 (beautiful)=美 (beauty)+丽 (pretty)
美 (beauty)=羊 (sheep)+大 (big)
丽 (pretty)=一 (one)+冂 (open)+一 (one)+丿 (slash)+一 (one)"
Beginner,HSK 1,Interaction with people,QZ-HSK1-QT05A-08,Can You Do It?,汤,Soup,Canh,,,"汤 (soup)=氵 (water)+昜 (sunshine)
昜 (sunshine)=日 (sun)+勿 (not)"
Beginner,HSK 1,Interaction with people,QZ-HSK1-QT05A-08,Can You Do It?,特别,especially,Đặc biệt,Adverb,,"特 = 牛 (cow) + 土 (earth) + 寸 (thumb)
别 = 口 (mouth) + 力 (power/force) + 刂 (knife)"
Beginner,HSK 1,Interaction with people,QZ-HSK1-QT05A-08,Can You Do It?,炒饭,fried rice,Cơm chiên,Noun,,"炒 = 火 (fire) + 小 (small) + 丿 (bend)
饭 = 饣 (eat/food) + ⺁ (cliff) + 又 (right hand)"
Beginner,HSK 1,Interaction with people,QZ-HSK1-QT05A-08,Can You Do It?,不过,But,Nhưng,Conjunction,,"不 = 一 (one) + 丿 (bend) + 卜 (divination)
过 = 辶 (walk) + 寸 (thumb)"
Beginner,HSK 1,Interaction with people,QZ-HSK1-QT05A-08,Can You Do It?,简单,simple,Đơn giản,Adjective,,"简 = ⺮ (bamboo) + 门 (gate) + 日 (sun/day)
单 = 丷 (eight/divide) + 冂 (upside down box) + 二 (two) + 丨 (line) + 十 (ten)"
Beginner,HSK 1,Interaction with people,QZ-HSK1-QT05A-09,Looking for the Bike,颜色,Color,Màu sắc,Noun,,颜 = 彦 (face) + 页 (page); 色 = 亻 + 巴 (form of person/desire)
Beginner,HSK 1,Interaction with people,QZ-HSK1-QT05A-09,Looking for the Bike,蓝色,blue,Màu xanh dương,Noun,,"蓝 = 艹 (grass) + 丨 (line) + 丨 (line) + 丿 (bend) + 一 (one) + 丶 (dot) + 皿 (dish)
色 = 色 (color/prettiness)"
Beginner,HSK 1,Interaction with people,QZ-HSK1-QT05A-09,Looking for the Bike,靠,lean against (on),Dựa vào,Verb,,"靠 = ⺧ (cow) + 口 (mouth) + 非 (wrong)
"
Beginner,HSK 1,Interaction with people,QZ-HSK1-QT05A-09,Looking for the Bike,墙,wall,Tường,Noun,,墙 = 土 (earth) + 土 (earth) + 丷 (eight/divide) + 回 (N/A)
Beginner,HSK 1,Interaction with people,QZ-HSK1-QT05A-09,Looking for the Bike,看见,see; catch sight of,Nhìn thấy,Verb,,"看 = 龵 (hand) + 目 (eye)
见 = 见 (see)"
Beginner,HSK 1,Interaction with people,QZ-HSK1-QT05A-09,Looking for the Bike,深,dark,Tối,Verb,,"暗 (dark)=日 (sun)+音 (sound)
音 (sound)=立 (stand)+日 (sun)"
Beginner,HSK 1,Interaction with people,QZ-HSK1-QT05A-10,Where do you work,公司,Company,Công ty,Noun,,公 = public; 司 = to manage
Beginner,HSK 1,Interaction with people,QZ-HSK1-QT05A-10,Where do you work,家,business establisments,#N/A,Measure word,,家 = 宀 (roof) + 豕 (pig)
Beginner,HSK 1,Interaction with people,QZ-HSK1-QT05A-10,Where do you work,广告,Advertisement,Quảng cáo,Noun,,广 = building; 告 = speak/announce
Beginner,HSK 1,Interaction with people,QZ-HSK1-QT05A-10,Where do you work,大,Big,Lớn,Adjective,,A person with arms stretched wide
Beginner,HSK 1,Interaction with people,QZ-HSK1-QT05A-10,Where do you work,小,Small,Nhỏ,Adjective,,Three small strokes forming smallness
Beginner,HSK1,Get to know more,QZ-HSK1-QT05B-01,How old is it?,七,seven,Bảy,numeral,,七 (seven) = 一 (one) + small stroke below
Beginner,HSK1,Get to know more,QZ-HSK1-QT05B-01,How old is it?,双胞胎,twin,Sinh đôi,noun,,"双胞胎 (twin) = 双 (double) + 胞 (womb) + 胎 (fetus)
双 = 又 (hand) + 又 (hand)
胞 = 月 (flesh) + 包 (wrap)
胎 = 月 (flesh) + 台 (platform)"
Beginner,HSK1,Get to know more,QZ-HSK1-QT05B-01,How old is it?,猪,pig,Heo,noun,,猪 (pig) = 犭(animal) + 者 (person/thing)
Beginner,HSK1,Get to know more,QZ-HSK1-QT05B-01,How old is it?,小,little/small,Nhỏ,adjective,,小 (little/small) = pictograph of something small
Beginner,HSK1,Get to know more,QZ-HSK1-QT05B-01,How old is it?,鸟,bird,Chim,noun,,鸟 (bird) = pictograph of a bird with tail
Beginner,HSK1,Get to know more,QZ-HSK1-QT05B-02,How long has it been?,工作,work,Làm việc,verb/noun,,"工作 (work) = 工 (labor/work) + 作 (to do)
工 = pictograph of carpenter’s square (work)
作 = 亻(person) + 乍 (sudden/first)"
Beginner,HSK1,Get to know more,QZ-HSK1-QT05B-02,How long has it been?,多久,how long,Bao lâu,interrogative phrase,,"多久 (how long) = 多 (many/much) + 久 (long time)
多 = 夕 (evening) +夕 (evening)
久 = 丿 (bend) + ⺁ (long stroke showing long-lasting)"
Beginner,HSK1,Get to know more,QZ-HSK1-QT05B-02,How long has it been?,八,eight,Tám,numeral,,八 (eight) = pictograph of division/split
Beginner,HSK1,Get to know more,QZ-HSK1-QT05B-02,How long has it been?,九,nine,Chín,numeral,,九 (nine) = original pictograph of a twisted object → numeral 9
Beginner,HSK1,Get to know more,QZ-HSK1-QT05B-02,How long has it been?,亲近,close,Đóng / Gần,adjective,,"亲近 (close) = 亲 (kin/relative) + 近 (near)
亲 = 见 (see) + 木 (tree)
近 = 辶 (walk) + 斤 (axe)"
Beginner,HSK1,Get to know more,QZ-HSK1-QT05B-03,Can you speak languages?,会,can,Có thể,modal verb,,会 (can) = 人 (person radical) + 云 (to say/speak)
Beginner,HSK1,Get to know more,QZ-HSK1-QT05B-03,Can you speak languages?,说,speak,Nói,verb,,说 (speak) = 讠(speech) + 兑 (exchange)
Beginner,HSK1,Get to know more,QZ-HSK1-QT05B-03,Can you speak languages?,语言,language,Ngôn ngữ,noun,,"语言 (language) = 语 (speech) + 言 (word)
语 = 讠(speech) + 吾 (I/me)
言 = pictograph of words coming from a mouth"
Beginner,HSK1,Get to know more,QZ-HSK1-QT05B-03,Can you speak languages?,别的,other,Khác,adjective phrase,,"别的 (other) = 别 (separate) + 的 (possessive/structural particle)
别 = 刂 (knife) + another phonetic component
的 = 白 (white) + 勺 (spoon)"
Beginner,HSK1,Get to know more,QZ-HSK1-QT05B-03,Can you speak languages?,老挝,Laos,Lào,proper noun,,"老挝 (Laos) = 老 (old/aged) + 挝 (strike/beat)
老 = 耂 (old) + 匕 (person)
挝 = 扌(hand) + 戉 (axe/weapon, meaning “strike”)"
Beginner,HSK1,Get to know more,QZ-HSK1-QT05B-04,Vietnamese food,菜,food,Thức ăn,noun,,"菜 (food/dish/vegetable) = 艹 (grass/plant) + 采 (to pick/gather)
采 = 爫 (hand) + 木 (tree)"
Beginner,HSK1,Get to know more,QZ-HSK1-QT05B-04,Vietnamese food,做,cook,Nấu ăn,verb,,"做 (to cook / to make) = 亻(person) + 故 (cause/affair)
故 = 古 (old) + 攴 (tap/strike → action)"
Beginner,HSK1,Get to know more,QZ-HSK1-QT05B-04,Vietnamese food,做的菜,made food,Đồ ăn nấu sẵn,noun phrase,,"做的菜 (made food) = 做 (make) + 的 (structural particle “of”) + 菜 (food/dish)
的 = 白 (white/clear) + 勺 (spoon)"
Beginner,HSK1,Get to know more,QZ-HSK1-QT05B-04,Vietnamese food,很,quite,Khá,adjective,,"很 (very/quite) = 彳 (step, semantic) + 艮 (radical)"
Beginner,HSK1,Get to know more,QZ-HSK1-QT05B-04,Vietnamese food,可口,tasty,Ngon,adjective,,"可口 = “suitable for the mouth
可 = can / suitable → 丁 + 口
口 = mouth pictograph"
Beginner,HSK1,Get to know more,QZ-HSK1-QT05B-05,Ride a vehicle,香精,perfume,Nước hoa,noun,,"香精 (perfume/essence) = 香 (fragrant) + 精 (essence/refined)
香 = 禾 (grain) + 日 (sun)
精 = 米 (rice) + 青 (green/blue)"
Beginner,HSK1,Get to know more,QZ-HSK1-QT05B-05,Ride a vehicle,闻,smell,Mùi,verb,,闻 (smell) = 门 (door) + 耳 (ear)
Beginner,HSK1,Get to know more,QZ-HSK1-QT05B-05,Ride a vehicle,好闻,smell good,Thơm,adjective,,"好闻 (smell good) = 好 (good) + 闻 (smell)
好 = 女 (woman) + 子 (child)
闻 = 门 (door) + 耳 (ear)"
Beginner,HSK1,Get to know more,QZ-HSK1-QT05B-05,Ride a vehicle,香,fragrant,Thơm,adjective,,香 (fragrant) = 禾 (grain) + 日 (sun)
Beginner,HSK1,Get to know more,QZ-HSK1-QT05B-05,Ride a vehicle,调配,mix,Trộn,verb,,"调配 (mix/blend) = 调 (to adjust) + 配 (to match)
调 = 讠(speech) + 周 (cycle/whole)
配 = 酉 (wine vessel) + 己 (self)"
Beginner,HSK1,Get to know more,QZ-HSK1-QT05B-06,How is the marketplace?,超市,marketplace,Chợ,noun,,"超市 (marketplace / supermarket) = 超 (super/exceed) + 市 (market)
超 = 走 (walk) + 召 (summon/call → extend: exceed)
市 = 亠 (lid) + 巾 (cloth → originally market square with cover)"
Beginner,HSK1,Get to know more,QZ-HSK1-QT05B-06,How is the marketplace?,危险,dangerous,Nguy hiểm,adjective,,"危险 (dangerous) = 危 (danger) + 险 (risk)
危 = 厃 (high place) + 卩 (kneeling person)
险 = 阝(mound) + 佥 (all together)"
Beginner,HSK1,Get to know more,QZ-HSK1-QT05B-06,How is the marketplace?,安全,safe,An toàn,adjective,,"安全 (safe) = 安 (peace) + 全 (whole)
安 = 宀 (roof) + 女 (woman → peace under roof)
全 = 入 (enter) + 王 (king → complete/whole)"
Beginner,HSK1,Get to know more,QZ-HSK1-QT05B-06,How is the marketplace?,充值,recharge,Nạp tiền,verb,,"充值 (recharge) = 充 (fill) + 值 (value)
充 = 亠 (lid) + 儿 (person → full)
值 = 亻(person) + 直 (straight → value)"
Beginner,HSK1,Get to know more,QZ-HSK1-QT05B-06,How is the marketplace?,取钱,cash withdrawal,Rút tiền,verb phrase,,"取钱 (cash withdrawal) = 取 (take) + 钱 (money)
取 = 耳 (ear) + 又 (hand → to take by force)
钱 = 钅(metal) + 戋 (small amount → money)"
Beginner,HSK1,Get to know more,QZ-HSK1-QT05B-07,Foreign country,外国,foreign,Nước ngoài,noun,https://flashcardy.com/?card=cmg4mcxbp0013vqy3vmf901ia,"外国 (foreign) = 外 (outside) + 国 (country)
外 = 夕(evening) + 卜(divination)
国 = 囗(enclosure) + 玉(jade)"
Beginner,HSK1,Get to know more,QZ-HSK1-QT05B-07,Foreign country,友好,friendly,Thân thiện,adjective,https://flashcardy.com/?card=cmg4mb5v2000zvqy3fzcy28lb,"友好 (friendly) = 友 (friend) + 好 (good)
友 = 又(again/hand) + 一(one)
好 = 女(woman) + 子(child)"
Beginner,HSK1,Get to know more,QZ-HSK1-QT05B-07,Foreign country,良好,positive,Tích cực,adjective,,"良好 (positive / good) = 良 (good) + 好 (good)
良 = 艮(stop) + 一(one)
好 = 女(woman) + 子(child)"
Beginner,HSK1,Get to know more,QZ-HSK1-QT05B-07,Foreign country,出差,business trip,Chuyến công tác,noun phrase,,"出差 (business trip) = 出 (go out) + 差 (duty/errand)
出 = 屮(sprout) + 凵(container)
差 = 工(work) + 羊(sheep)"
Beginner,HSK1,Get to know more,QZ-HSK1-QT05B-07,Foreign country,长城,Great Wall,Vạn Lý Trường Thành,proper noun,,"长城 (Great Wall) = 长 (long) + 城 (city wall)
长 = long (original pictograph)
城 = 土(earth) + 成(become)"
Beginner,HSK1,Get to know more,QZ-HSK1-QT05B-08,Writing an essay,作文,essay,Bài luận,noun,,"作文 (essay) = 作 (to make/do) + 文 (writing)
作 = 亻(person) + 乍 (sudden/first)
文 = lines/writing"
Beginner,HSK1,Get to know more,QZ-HSK1-QT05B-08,Writing an essay,写,write,Viết,verb,,写 (write) = 冖 (cover) + 与 (hand giving)
Beginner,HSK1,Get to know more,QZ-HSK1-QT05B-08,Writing an essay,怎么,how,Như thế nào,interrogative phrase,,"怎么 (how) = 怎 (how/why) + 么 (suffix)
怎 = 心 (heart) + 乍 (sudden)
么 = small thing"
Beginner,HSK1,Get to know more,QZ-HSK1-QT05B-08,Writing an essay,大纲,outline,Dàn ý,noun,,"大纲 (outline) = 大 (big) + 纲 (main thread)
纲 = 纟(silk/thread) + 冓 (structure)"
Beginner,HSK1,Get to know more,QZ-HSK1-QT05B-08,Writing an essay,完整,complete,Hoàn thành,adjective,,"完整 (complete) = 完 (whole) + 整 (orderly)
完 = 宀 (roof) + 元 (origin)
整 = 正 (correct) + 攵 (action)"
Beginner,HSK1,Get to know more,QZ-HSK1-QT05B-09,Academic book is so long,读,read,Đọc,verb,,读 (read) = 讠(speech) + 卖 (sell)
Beginner,HSK1,Get to know more,QZ-HSK1-QT05B-09,Academic book is so long,学术,academic,Học thuật,adjective,,"学术 (academic) = 学 (study) + 术 (technique/art)
学 = 宀 (roof) + 子 (child)
术 = 木 (tree) + 丿 (slash)"
Beginner,HSK1,Get to know more,QZ-HSK1-QT05B-09,Academic book is so long,会,can,Có thể,modal verb,,会 (can) = 人 (person) + 云 (say/speak)
Beginner,HSK1,Get to know more,QZ-HSK1-QT05B-09,Academic book is so long,细节,detail,Chi tiết,noun,,"细节 (detail) = 细 (fine) + 节 (segment)
细 = 纟(silk/thread) + 田 (field)
节 = 艹(grass) + 卩(seal)"
Beginner,HSK1,Get to know more,QZ-HSK1-QT05B-09,Academic book is so long,总结,summarize,Tóm tắt,verb,,"总结 (summarize) = 总 (general) + 结 (tie up)
总 = 口 (mouth) + 心 (heart)
结 = 纟(silk/thread) + 吉 (luck)"
Beginner,HSK1,Get to know more,QZ-HSK1-QT05B-10,The doctors can do it,手术,surgery,Phẫu thuật,noun,,"手术 (surgery) = 手 (hand) + 术 (technique/art)
手 = pictograph of hand
术 = 木 (tree) + 丿 (slash)"
Beginner,HSK1,Get to know more,QZ-HSK1-QT05B-10,The doctors can do it,专注,focus,Tập trung,verb/adjective,,"专注 (focus) = 专 (concentrate) + 注 (concentrate)
专 = 一 (one) + 寸 (inch/hand)
注 = 氵(water) + 主 (master)"
Beginner,HSK1,Get to know more,QZ-HSK1-QT05B-10,The doctors can do it,病人,patient,Bệnh nhân,noun,,"病人 (patient) = 病 (illness) + 人 (person)
病 = 疒(sickness) + 丙 (third heavenly stem)
人 = person pictograph"
Beginner,HSK1,Get to know more,QZ-HSK1-QT05B-10,The doctors can do it,保持,keep,Giữ,verb,,"保持 (keep) = 保 (protect/maintain) + 持 (hold)
保 = 亻(person) + 呆 (dull → here means preserve)
持 = 扌(hand) + 寺 (temple)"
Beginner,HSK1,Get to know more,QZ-HSK1-QT05B-10,The doctors can do it,心,mind,Tâm trí,noun,,心 (mind) = 丿(stroke) + 小(small) +丶(dot)
Beginner,HSK 1,Life and Cultural Experiences,QZ-HSK1-QT06-01,A Business Trip to Shanghai,代表,represent,Đại diện,Verb,,"代 = 亻 (human) + 弋 (arrow)
表 = 龶 (N/A) + ㇒ (N/A) + ㇗ (N/A) "
Beginner,HSK 1,Life and Cultural Experiences,QZ-HSK1-QT06-01,A Business Trip to Shanghai,团,regiment,Trung đoàn,Noun,,团 = 囗 (enclosure) + 𠂇 (left hand) + ㇒ (N/A)
Beginner,HSK 1,Life and Cultural Experiences,QZ-HSK1-QT06-01,A Business Trip to Shanghai,参观,visit,Thăm,Noun,,"参 = 厶 (private) + 大 (big) + 彡 (bristle/beard)
观 = 又 (right hand) + 见 (see)
"
Beginner,HSK 1,Life and Cultural Experiences,QZ-HSK1-QT06-01,A Business Trip to Shanghai,当,work as,Làm việc với vai trò,Verb,,当 = ⺌ (small) + 彐 (pig snout)
Beginner,HSK 1,Life and Cultural Experiences,QZ-HSK1-QT06-01,A Business Trip to Shanghai,翻译,translator; interpreter,Phiên dịch viên,Noun,,"翻 = 釆 (distinguish/choose) + 田 (field) + 羽 (feather)
译 = 讠 (speech) + 又 (right hand) + 二 (two) + 丨 (line)"
Beginner,HSK 1,Life and Cultural Experiences,QZ-HSK1-QT06-01,A Business Trip to Shanghai,浇,water,Nước,Verb,,浇 = 氵 (water） + 一 (one) + 儿 (legs)
Beginner,HSK 1,Life and Cultural Experiences,QZ-HSK1-QT06-01,A Business Trip to Shanghai,花,flower,Hoa,Noun,,花 = 艹 (grass) + 亻 (human) + 匕 (spoon)
Beginner,HSK 1,Life and Cultural Experiences,QZ-HSK1-QT06-02,Comparing China and the U.S,一样,to the same extent,Ở mức độ như nhau,Particle,,"一 = 一 (one)
样 = 木 (tree) + 羊 (sheep)"
Beginner,HSK 1,Life and Cultural Experiences,QZ-HSK1-QT06-02,Comparing China and the U.S,有的,some,Một số,Pronoun,,"有 = 𠂇 (left hand) + 月 (moon)
的 = 白 (white) + 勹 (wrap) + 丶 (dot)"
Beginner,HSK 1,Life and Cultural Experiences,QZ-HSK1-QT06-02,Comparing China and the U.S,地方,district; locality,Khu vực / Địa phương,Noun,,"地 = 土 (earth) + 乚 (second) + ㇆ (N/A) + 丨 (line)
方 = 方 (square/raft)"
Beginner,HSK 1,Life and Cultural Experiences,QZ-HSK1-QT06-02,Comparing China and the U.S,比如,for example,Ví dụ,Conjunction,,"比 = 比 (compare/compete)
如 = 女 (woman) + 口 (mouth)"
Beginner,HSK 1,Life and Cultural Experiences,QZ-HSK1-QT06-02,Comparing China and the U.S,人口,population,Dân số,Noun,,"人 = 人 (human)
口 = 口 (mouth)"
Beginner,HSK 1,Life and Cultural Experiences,QZ-HSK1-QT06-02,Comparing China and the U.S,那么,in that way,Theo cách đó,Pronoun,,"那 = ㇆ (N/A) + 二 (two) + 丨 (line) + 阝 (town)
么 = 丿 (bend)  + 厶 (private)"
Beginner,HSK 1,Life and Cultural Experiences,QZ-HSK1-QT06-02,Comparing China and the U.S,历史,history; past record,Lịch sử,Noun,,"历 = 厂 (cliff) + 力 (power/force)
史 = 口 (mouth) + 丨 (line) + 乂 (N/A)"
Beginner,HSK 1,Life and Cultural Experiences,QZ-HSK1-QT06-03,Looking for a New Place ,搬到,move to,Chuyển đến,Verb,,"搬 = 扌 (hand) + 舟 (boat) + 殳 (weapon/lance)
到 = 至 (arrive) + 刂 (knife)"
Beginner,HSK 1,Life and Cultural Experiences,QZ-HSK1-QT06-03,Looking for a New Place ,外面,out (move outside),Chuyển ra ngoài,Noun,,"外 = 夕 (evening/unset) + 卜 (divination)
面 = 面 (face)"
Beginner,HSK 1,Life and Cultural Experiences,QZ-HSK1-QT06-03,Looking for a New Place ,方便,convenient,Thuận tiện,Adjective,,"方 = 方 (square/raft)
便 = 亻 (human) + 一 (one) + 日 (sun/day) + 丨 (line) + 乂 (N/A)"
Beginner,HSK 1,Life and Cultural Experiences,QZ-HSK1-QT06-03,Looking for a New Place ,厨房,kitchen,Nhà bếp,Noun,,"厨 = 厂 (cliff) + 豆 (bean) + 寸 (thumb)
房 = 户 (door/house) + 方 (square/raft)"
Beginner,HSK 1,Life and Cultural Experiences,QZ-HSK1-QT06-03,Looking for a New Place ,卫生间,bathroom,Phòng tắm,Noun,,"卫 = ㇆ (N/A) + 丨 (line) + 一 (one)
生 = 生 (life)
间 = 门 (gate) + 日 (sun/day)"
Beginner,HSK 1,Life and Cultural Experiences,QZ-HSK1-QT06-04,I climbed,脚,foot,Bàn chân,Noun,,脚 = 月 (moon) + 土 (earth) + 厶 (private) + 卩 (seal)
Beginner,HSK 1,Life and Cultural Experiences,QZ-HSK1-QT06-04,I climbed,别提了,don't mention it,Đừng khách sáo,Verb,,"别 = 口 (mouth) + 力 (power/force) + 刂 (knife)
提 = 扌 (hand) + 日 (sun/day) + 一 (one) + 龰 (N/A)
了 = ㇇ (N/A) + 亅 (hook)"
Beginner,HSK 1,Life and Cultural Experiences,QZ-HSK1-QT06-04,I climbed,足球,soccer; football,Bóng đá,Noun,,"足 = 足 (foot)
球 = 王 (jade) + 𠂇 (left hand) + 丶 (dot), 氺 (water)"
Beginner,HSK 1,Life and Cultural Experiences,QZ-HSK1-QT06-04,I climbed,比赛,match,Trận đấu,Noun/Verb,,"比 = 比 (compare/compete)
赛 = 宀 (roof) + 二 (two) + 一 (one) + 八 (eight/divide) + 贝 (shell)"
Beginner,HSK 1,Life and Cultural Experiences,QZ-HSK1-QT06-04,I climbed,怕来不及,Afraid that it will not be too late,Sợ rằng sẽ không kịp,idiom,,"怕 = 忄 (heart) + 白 (white)
来 = 木 (tree) + 一 (one) + 丷 (eight/divide)
不 = 一 (one) + 丿 (bend) + 卜 (divination)
及 = ㇎ (N/A) + 丿 (bend) + ㇏ (N/A)"
Beginner,HSK 1,Life and Cultural Experiences,QZ-HSK1-QT06-04,I climbed,从,through,Qua / Xuyên qua,preposition,,从
Beginner,HSK 1,Life and Cultural Experiences,QZ-HSK1-QT06-04,I climbed,窗户,window,Cửa sổ,Noun,,"窗 = 穴 (cave) + 囗 (enclosure) + 丶 (dot), 夂 (go)
户 = 户 (door/house)"
Beginner,HSK 1,Life and Cultural Experiences,QZ-HSK1-QT06-04,I climbed,爬过去,Climb over,Leo qua,Verb,,"爬 = 爪 (claw/talon) + 丨 (line) + 丨 (line) + 乚 (second)
过 = 辶 (walk) + 寸 (thumb)
去 = 土 (earth) + 厶 (private)"
Beginner,HSK 1,Life and Cultural Experiences,QZ-HSK1-QT06-05,Shopping for a Down Jacket,羽绒服,down jacket,Áo phao,Noun,,"羽 = 羽 (feather)
绒 = 纟 (silk) + 戈 (spear) + 𠂇 (left hand)
服 = 月 (moon) + 卩 (seal) + 又 (right hand)"
Beginner,HSK 1,Life and Cultural Experiences,QZ-HSK1-QT06-05,Shopping for a Down Jacket,试,try,Thử,Verb,,试 = 讠 (speech) + 弋 (arrow) + 工 (work)
Beginner,HSK 1,Life and Cultural Experiences,QZ-HSK1-QT06-05,Shopping for a Down Jacket,浅,light,Đèn / Ánh sáng,Adjective,,浅 = 氵 (water) + 戋 (N/A)
Beginner,HSK 1,Life and Cultural Experiences,QZ-HSK1-QT06-05,Shopping for a Down Jacket,肥,loose,Rộng,Adjective,,肥 = 月 (moon) + 丨 (line) + 丨 (line) + 乚 (second)
Beginner,HSK 1,Life and Cultural Experiences,QZ-HSK1-QT06-05,Shopping for a Down Jacket,瘦,tight,Chật,Adjective,,瘦 = 疒 (sickness) + 臼 (mortar) + 丨 (line) + 又 (right hand)
Beginner,HSK 1,Life and Cultural Experiences,QZ-HSK1-QT06-05,Shopping for a Down Jacket,合适,fit perfectly,Vừa khít,Adjective,,"合 = 人 (human) + 一 (one) + 口 (mouth)
适 = 辶 (walk) + 舌 (tongue)"
Beginner,HSK 1,Life and Cultural Experiences,QZ-HSK1-QT06-05,Shopping for a Down Jacket,正,perfectly,Hoàn hảo,Adverb,,正 = 一 (one) + 止 (stop)
Beginner,HSK 1,Life and Cultural Experiences,QZ-HSK1-QT06-06,Planning a Hiking Trip,山,mountain,Núi,Noun,,山 = 山 (mountain)
Beginner,HSK 1,Life and Cultural Experiences,QZ-HSK1-QT06-06,Planning a Hiking Trip,系,department,Khoa / Bộ phận,Noun,,系 = ㇒ (N/A) + 糸 (silk)
Beginner,HSK 1,Life and Cultural Experiences,QZ-HSK1-QT06-06,Planning a Hiking Trip,出发,leaving,Rời đi,Verb,,"出 = 出 (N/A)
发 = ㇗ (N/A) + 丨 (line) + 丶 (dot) + 又 (right hand)"
Beginner,HSK 1,Life and Cultural Experiences,QZ-HSK1-QT06-06,Planning a Hiking Trip,前,before,Trước,Noun,,前 = 丷 (eight/divide) + 一 (one) + 月 (moon) + 刂 (knife)
Beginner,HSK 1,Life and Cultural Experiences,QZ-HSK1-QT06-06,Planning a Hiking Trip,集合,come together,Tụ họp,Verb,,"集 = 隹 (small bird) + 木 (tree)
合 = 人 (human) + 一 (one) + 口 (mouth)
"
Beginner,HSK 1,Life and Cultural Experiences,QZ-HSK1-QT06-07,A Love for Peking Opera,爱好, hobby; interest,#N/A,Noun,,"爱 = 爫 (claw/talon) + 冖 (cover) + 𠂇 (left hand) + 又 (right hand)
好 = 女 (woman) + 子 (child)"
Beginner,HSK 1,Life and Cultural Experiences,QZ-HSK1-QT06-07,A Love for Peking Opera,先,first,Đầu tiên,Adverb,,先 = ⺧ (cow) + 儿 (legs)
Beginner,HSK 1,Life and Cultural Experiences,QZ-HSK1-QT06-07,A Love for Peking Opera,让,let,Để / Cho,,,让 = 讠 (speech) + ⺊ (divination) + 一 (one)
Beginner,HSK 1,Life and Cultural Experiences,QZ-HSK1-QT06-07,A Love for Peking Opera,京剧,Peking Opera,Kinh kịch,Noun,,"京 = 亠 (lid) + 口 (mouth) + 小 (small)
剧 = 尸 (corpse) + 十 (ten) + 口 (mouth) + 刂 (knife)"
Beginner,HSK 1,Life and Cultural Experiences,QZ-HSK1-QT06-07,A Love for Peking Opera,非常,very,Rất,Adverb,,"非 = 非 (wrong)
常 = ⺌ (small) + 冖 (cover) + 口 (mouth) + 巾 (turban/scarf)"
Beginner,HSK 1,Life and Cultural Experiences,QZ-HSK1-QT06-08,Mike’s Hobbies,玩,have fun,Chơi vui,Verb,,玩 = 王 (jade) + 二 (two) + 儿 (legs)
Beginner,HSK 1,Life and Cultural Experiences,QZ-HSK1-QT06-08,Mike’s Hobbies,以后,later,Sau đó,Noun,,"以 = 乚 (second) + 丶 (dot) + 人 (human)
后 = ⺁ (cliff) + 一 (one) + 口 (mouth)"
Beginner,HSK 1,Life and Cultural Experiences,QZ-HSK1-QT06-08,Mike’s Hobbies,聊天,chat; gossip,Tán gẫu,Verb,,"聊 = 耳 (ear)  + 卯 (N/A)
天 = 一 (one) + 大 (big)"
Beginner,HSK 1,Life and Cultural Experiences,QZ-HSK1-QT06-08,Mike’s Hobbies,课后,after class,Sau giờ học,adverbial phrase,,"课后 = 课 (class, lesson) + 后 (after)
课 = 讠(speech) + 果 (fruit / result → here as phonetic component)
后 = 厶 (private) + 口 (mouth)"
Beginner,HSK 1,Life and Cultural Experiences,QZ-HSK1-QT06-08,Mike’s Hobbies,感觉,feel,Cảm thấy,Verb,,"感觉 = 感 (feel, sense) + 觉 (perceive, awake)
感 = 咸 (all, salty) + 心 (heart)
觉 = 学 (study) + 目 (eye)"
Beginner,HSK 1,Life and Cultural Experiences,QZ-HSK1-QT06-09,Spare Time Activities,书法,calligraphy,Thư pháp,Noun,,"书 =  丨 (line) + 丶 (dot)
法 = 氵 (water) + 土 (earth) + 厶 (private)"
Beginner,HSK 1,Life and Cultural Experiences,QZ-HSK1-QT06-09,Spare Time Activities,感兴趣,to be interested,Quan tâm / Thích,Verb,,"感 = 厂 (cliff) + 戈 (spear) + 一 (one) + 口 (mouth) + 心 (heart) 
兴 = ⺍ (small) + 一 (one) + 八 (eight/divide)
趣 = 走 (run) + 耳 (ear) + 又 (right hand)"
Beginner,HSK 1,Life and Cultural Experiences,QZ-HSK1-QT06-09,Spare Time Activities,派,send,Gửi,Verb,,派 = 氵 (water) + ⺁ (cliff) + 匚 (box)
Beginner,HSK 1,Life and Cultural Experiences,QZ-HSK1-QT06-09,Spare Time Activities,画,draw,Vẽ,Verb,,画 = 一 (one) + 田 (field) + 凵 (container)
Beginner,HSK 1,Life and Cultural Experiences,QZ-HSK1-QT06-09,Spare Time Activities,画,painting,Bức tranh,Noun,,画 = 一 (one) + 田 (field) + 凵 (container)
Beginner,HSK 1,Life and Cultural Experiences,QZ-HSK1-QT06-10,Finding the Museum,打听,ask about,Hỏi về,Verb,,"打 = 扌 (hand) + 一 (one) + 亅 (hook)
听 = 口 (mouth) + 斤 (axe)"
Beginner,HSK 1,Life and Cultural Experiences,QZ-HSK1-QT06-10,Finding the Museum,和平,peace,Hòa bình,Noun,,"和 = 禾 (grain) + 口 (mouth)
平 = 干 (dry) + 丷 (eight/divide)"
Beginner,HSK 1,Life and Cultural Experiences,QZ-HSK1-QT06-10,Finding the Museum,中间,middle position,Vị trí trung tâm,Noun,,"中 = 口 (mouth) + 丨 (line)
间 = 门 (gate) + 日 (sun/day)"
Beginner,HSK 1,Life and Cultural Experiences,QZ-HSK1-QT06-10,Finding the Museum,离,be apart (away) from,Xa cách,Verb,,"离 = 亠 (lid) + 凵 (container) + 乂 (N/A), 禸 (track)"
Beginner,HSK 1,Life and Cultural Experiences,QZ-HSK1-QT06-10,Finding the Museum,远,far (in time or space),Xa,Adjective,,离 = 亠 (lid) + 凵 (container) + 乂 (N/A) + 禸 (track)
Beginner,HSK 1,Life and Cultural Experiences,QZ-HSK1-QT06-10,Finding the Museum,米,metre,Mét,Measure word,,米 = 米 (rice)
Beginner,HSK 1,"Health, Hobbies",QZ-HSK1-QT07-01,Where is the supermarket?,往,go,Đi,Verb,,往 = 彳 (step) + 王 (jade) + 丶 (dot)
Beginner,HSK 1,"Health, Hobbies",QZ-HSK1-QT07-01,Where is the supermarket?,到,go to,Đi đến,Verb,,到 = 至 (arrive) + 刂 (knife)
Beginner,HSK 1,"Health, Hobbies",QZ-HSK1-QT07-01,Where is the supermarket?,十字路口,intersection,Ngã tư,Noun,,"十 = 十 (ten)
字 = 宀 (roof) + 子 (child)
路 = ⻊ (foot) + 夂 (go) + 口 (mouth)
口 = 口 (mouth)"
Beginner,HSK 1,"Health, Hobbies",QZ-HSK1-QT07-01,Where is the supermarket?,拐,turn,Rẽ,Verb,,拐 = 扌 (hand) + 口 (mouth) + 力 (power/force)
Beginner,HSK 1,"Health, Hobbies",QZ-HSK1-QT07-01,Where is the supermarket?,座,Often used for larger or fixed objects.,Dùng cho vật lớn / cố định,Measure word,,座 = 广 (house on cliff) + 土 (earth) + 从 (N/A)
Beginner,HSK 1,"Health, Hobbies",QZ-HSK1-QT07-01,Where is the supermarket?,大楼,building; mansion,Tòa nhà,Noun,,"大 = 大 (big)
楼 = 木 (tree) + 米 (rice) + 女 (woman)"
Beginner,HSK 1,"Health, Hobbies",QZ-HSK1-QT07-02,Let’s Learn Tai Chi,打,play,Chơi,Verb,,打 = 扌 (hand) + 一 (one) + 亅 (hook)
Beginner,HSK 1,"Health, Hobbies",QZ-HSK1-QT07-02,Let’s Learn Tai Chi,太极拳,a martial art,Võ thuật,Noun,,"太 = 大 (big) + 丶 (dot)
极 = 木 (tree) + ㇎ (N/A) + 丿 (bend) + ㇏ (N/A)
拳 = 二 (two) + 丨 (line) + 丷 (eight/divide) + 八 (eight/divide) + 手 (hand)"
Beginner,HSK 1,"Health, Hobbies",QZ-HSK1-QT07-02,Let’s Learn Tai Chi,下,next,Tiếp theo,Noun,,"下 = 一 (one) + 卜 (divination)
星 = 日 (sun/day) + 生 (life)
期 = 甘 (sweet) + 一 (one) + 八 (eight/divide) + 月 (moon)"
Beginner,HSK 1,"Health, Hobbies",QZ-HSK1-QT07-02,Let’s Learn Tai Chi,报名,sign up,Đăng ký,Separable verbs,,"报 = 扌 (hand) + 卩 (seal) + 又 (right hand)
名 = 夕 (evening/unset) + 口 (mouth)"
Beginner,HSK 1,"Health, Hobbies",QZ-HSK1-QT07-02,Let’s Learn Tai Chi,体育馆,gym,Phòng gym,Noun,,"体 = 亻 (human) + 木 (tree) + 一 (one)
育 = 亠 (lid) + 厶 (private) + 月 (moon)
馆 = 饣 (eat/food) + 宀 (roof) + 㠯 (N/A)"
Beginner,HSK 1,"Health, Hobbies",QZ-HSK1-QT07-03,Mary Is Sick,没来,Didn't come,Không đến,Verb,,"没 = 氵 (water) + 殳 (weapon/lance)
来 = 木 (tree) + 一 (one) + 丷 (eight/divide)"
Beginner,HSK 1,"Health, Hobbies",QZ-HSK1-QT07-03,Mary Is Sick,请假,ask for leave,Xin nghỉ phép,Separable verbs,,"请 = 讠 (speech) + 青 (green/blue)
假 = 亻 (human) + 尸 (corpse) + 二 (two)  + 又 (right hand)"
Beginner,HSK 1,"Health, Hobbies",QZ-HSK1-QT07-03,Mary Is Sick,头疼,be worried about,Lo lắng về,Verb,,"头 = 大 (big) + ⺀ (dot)
疼 = 疒 (sickness) + 夂 (go) + ⺀ (dot)"
Beginner,HSK 1,"Health, Hobbies",QZ-HSK1-QT07-03,Mary Is Sick,咳嗽,cough,Ho,Verb,,"咳 = 口 (mouth) + 亠 (lid) + 丨 (line) + ㇙ (N/A) + 人 (human)
嗽 = 口 (mouth) + 木 (tree) + 口 (mouth) + 欠 (yawn)"
Beginner,HSK 1,"Health, Hobbies",QZ-HSK1-QT07-03,Mary Is Sick,最好,had better,Tốt hơn nên,Adverb,,"最 = 曰 (say) + 耳 (ear) + 又 (right hand)
好 = 女 (woman) + 子 (child)"
Beginner,HSK 1,"Health, Hobbies",QZ-HSK1-QT07-03,Mary Is Sick,好好,carefully,Cẩn thận,Adverb,,好 = 女 (woman) + 子 (child)
Beginner,HSK 1,"Health, Hobbies",QZ-HSK1-QT07-03,Mary Is Sick,休息,rest,Nghỉ ngơi,Verb,,"休 = 亻 (human) + 木 (tree)
息 = 自 (self) + 心 (heart)"
Beginner,HSK 1,"Health, Hobbies",QZ-HSK1-QT07-03,Mary Is Sick,等,wait,Đợi,Verb,,等 = ⺮ (bamboo) + 土 (earth) + 寸 (thumb)
Beginner,HSK 1,"Health, Hobbies",QZ-HSK1-QT07-04,Too Much Praise,电视台,television station,Đài truyền hình,Noun,,"电 = 日 (sun/day) +丨 (line) + 乚 (second)
视 = 礻 (sign) + 见 (see)
台 = 厶 (private) + 口 (mouth)"
Beginner,HSK 1,"Health, Hobbies",QZ-HSK1-QT07-04,Too Much Praise,表演,perform,Biểu diễn,Verb,,"表 = 龶 (N/A) + ㇒ (N/A) + ㇗ (N/A)
演 = 氵 (water) + 宀 (roof) + 一 (one) + 二 (two) + 丨 (line) + 凵 (container) + 八 (eight/divide)"
Beginner,HSK 1,"Health, Hobbies",QZ-HSK1-QT07-04,Too Much Praise,节目,program,Chương trình,Noun,,"节 = 艹 (grass) + ㇆ (N/A) + 丨 (line)
目 = 目 (eye)"
Beginner,HSK 1,"Health, Hobbies",QZ-HSK1-QT07-04,Too Much Praise,愿意,be willing,Sẵn sàng,Verb,,"愿 = 厂 (cliff) + 白 (white) + 小 (small) + 心 (heart)
意 = 音 (sound) + 心 (heart)"
Beginner,HSK 1,"Health, Hobbies",QZ-HSK1-QT07-04,Too Much Praise,认真,serious,Nghiêm túc,Adjective,,"认 =  讠 (speech) + 人 (human)
真 = 十 (ten) + 目 (eye) + 一 (one) + 八 (eight/divide)"
Beginner,HSK 1,"Health, Hobbies",QZ-HSK1-QT07-04,Too Much Praise,水平,level,Trình độ,Noun,,"水 = 水 (water)
平 = 干 (dry) + 丷 (eight/divide)"
Beginner,HSK 1,"Health, Hobbies",QZ-HSK1-QT07-04,Too Much Praise,提高,improve,Cải thiện,Verb,,"提 = 扌 (hand) + 日 (sun/day) + 一 (one) + 龰 (N/A)
高 = 高 (tall)"
Beginner,HSK 1,"Health, Hobbies",QZ-HSK1-QT07-04,Too Much Praise,哪里,not at all,Không hề,Interjection,,"哪 = 口 (mouth) + 那 (that)
里 = 田 (field) + 土 (earth) – something enclosed"
Beginner,HSK 1,"Health, Hobbies",QZ-HSK1-QT07-04,Too Much Praise,过奖,flatter,Nịnh,Verb,,"过 = 辶 (walk) + 寸 (thumb)
奖 = 丬 (split wood) + 夕 (evening/unset) + 大 (big)"
Beginner,HSK 1,"Health, Hobbies",QZ-HSK1-QT07-05,Mary’s Excellent Chinese,俱乐部,club,Câu lạc bộ,Noun,,"俱 = 亻 (human) + 目 (eye) + 一 (one) + 八 (eight/divide)
乐 = ㇒ (N/A) + ㇗ (N/A) + 小 (small)
部 = 立 (stand erect) + 口 (mouth) + 阝 (town)"
Beginner,HSK 1,"Health, Hobbies",QZ-HSK1-QT07-05,Mary’s Excellent Chinese,准,accurate,Chính xác,Adjective,,准 = 冫 (ice) + 隹 (small bird)
Beginner,HSK 1,"Health, Hobbies",QZ-HSK1-QT07-05,Mary’s Excellent Chinese,流利,fluent,Trôi chảy,Adjective,,"流 = 氵 (water) + 亠 (lid) + 厶 (private) + 儿 (legs) + 丨 (line)
利 = 禾 (grain) + 刂 (knife)"
Beginner,HSK 1,"Health, Hobbies",QZ-HSK1-QT07-05,Mary’s Excellent Chinese,不错,not bad,Không tệ,Adjective,,"不 = 一 (one) + 丿 (bend) + 卜 (divination)
错 = 钅 (metal/gold) + 艹 (grass) + 一 (one) + 日 (sun/day)"
Beginner,HSK 1,"Health, Hobbies",QZ-HSK1-QT07-05,Mary’s Excellent Chinese,努力,strenuous,Gắng sức,Adjective,,"努 = 女 (woman) + 又 (right hand) + 力 (power/force)
力 = 力 (power/force)"
Beginner,HSK 1,"Health, Hobbies",QZ-HSK1-QT07-06,Mike Likes Sports,运动,sports,Thể thao,Noun,,"运 = 辶 (walk) + 二 (two) + 厶 (private)
动 = 二 (two) + 厶 (private) + 力 (power/force)"
Beginner,HSK 1,"Health, Hobbies",QZ-HSK1-QT07-06,Mike Likes Sports,跑步,running,Chạy bộ,Noun,,"跑 = ⻊ (foot) + 勹 (wrap) + 巳 (oneself)
步 = 止 (stop) + 小 (small) + 丿 (bend)"
Beginner,HSK 1,"Health, Hobbies",QZ-HSK1-QT07-06,Mike Likes Sports,篮球,basketball,Bóng rổ,Noun,,"篮 = ⺮ (bamboo) + 丨 (line) + 丨 (line) + 丿 (bend) + 一 (one) + 丶 (dot) + 皿 (dish)
球 = 王 (jade) + 𠂇 (left hand) + 丶 (dot) + 氺 (water)"
Beginner,HSK 1,"Health, Hobbies",QZ-HSK1-QT07-06,Mike Likes Sports,刚才,just now,Vừa rồi,Noun,,"刚 = 冂 (upside down box) + 乂 (N/A) + 刂 (knife)
才 = 𠂇 (left hand) + ㇒ (N/A)"
Beginner,HSK 1,"Health, Hobbies",QZ-HSK1-QT07-06,Mike Likes Sports,跑,run,Chạy,Verb,,"跑 = ⻊ (foot) + 勹 (wrap) + 巳 (oneself)
 "
Beginner,HSK 1,"Health, Hobbies",QZ-HSK1-QT07-07,The Benefits of Getting Up Early,为,for the purpose of,Để / Nhằm mục đích,preposition,,"为 = 力 (power/force) + ⺀ (dot)
"
Beginner,HSK 1,"Health, Hobbies",QZ-HSK1-QT07-07,The Benefits of Getting Up Early,起,get up,Thức dậy,Verb,,起 = 走 (run) + 己 (oneself)
Beginner,HSK 1,"Health, Hobbies",QZ-HSK1-QT07-07,The Benefits of Getting Up Early,早起,(early) morning,Sáng sớm,Noun,,"早 = 日 (sun) + 十 (ten)
起 = 走 (run) + 己 (oneself)"
Beginner,HSK 1,"Health, Hobbies",QZ-HSK1-QT07-07,The Benefits of Getting Up Early,主意,plan,Kế hoạch,Noun,,"主 = 王 (jade) + 丶 (dot)
意 = 音 (sound) + 心 (heart)"
Beginner,HSK 1,"Health, Hobbies",QZ-HSK1-QT07-07,The Benefits of Getting Up Early,如果,if,Nếu,Conjunction,,"如 = 女 (woman) + 口 (mouth)
果 = 田 (field) + 木 (tree)"
Beginner,HSK 1,"Health, Hobbies",QZ-HSK1-QT07-08,Calling Tian Fang,阿姨,auntie,Cô / Dì,Noun,,"阿 = 阝 (town) + 一 (one) + 亅 (hook) + 口 (mouth)
姨 = 女 (woman) + 大 (big) + 弓 (bow)"
Beginner,HSK 1,"Health, Hobbies",QZ-HSK1-QT07-08,Calling Tian Fang,中学,middle school,Trung học,Noun,,"中 = 口 (mouth) + 丨 (line)
学 = ⺍ (small) + 冖 (cover) + 子 (child)"
Beginner,HSK 1,"Health, Hobbies",QZ-HSK1-QT07-08,Calling Tian Fang,出国,go abroad,Đi nước ngoài,Separable verbs,,"出 = 出 (N/A)
国 = 囗 (enclosure) + 玉 (jade)Graphical :"
Beginner,HSK 1,"Health, Hobbies",QZ-HSK1-QT07-08,Calling Tian Fang,过,have done,Đã làm,Particle,,过 = 辶 (walk) + 寸 (thumb)
Beginner,HSK 1,"Health, Hobbies",QZ-HSK1-QT07-08,Calling Tian Fang,一会儿, a little while,#N/A,Noun,,"一 = 一 (one)
会 = 人 (person) + 云 (cloud/speak)
儿 = 儿 (legs)"
Beginner,HSK 1,"Health, Hobbies",QZ-HSK1-QT07-09,This Time We Won!,打电话,to make a phone call,Gọi điện thoại,Verb,,"打 = 扌 (hand) + 一 (one) + 亅 (hook)
电 =  日 (sun/day), 丨 (line), 乚 (second)
话 = 讠 (speech), 舌 (tongue)"
Beginner,HSK 1,"Health, Hobbies",QZ-HSK1-QT07-09,This Time We Won!,了吧,already?,Đã… chưa?,Adverb,,"了 = ㇇ (N/A) + 亅 (hook)
吧 = 口 (mouth) + 丨 (line) + 丨 (line) + 乚 (second)"
Beginner,HSK 1,"Health, Hobbies",QZ-HSK1-QT07-09,This Time We Won!,开机,start a machine,Khởi động máy,Verb,,"开 = 一 (one) + 廾 (N/A)
机 = 木 (tree) + 几 (table)"
Beginner,HSK 1,"Health, Hobbies",QZ-HSK1-QT07-09,This Time We Won!,比赛,match,Trận đấu,Noun,,"比赛 = 比 (compare) + 赛 (contest, match)
比 = 丿 (slash) + 匕 (spoon/ladle)
赛 = 亠 (lid) + 贝 (shell/money) + 夂 (go slowly) + 冫(ice)"
Beginner,HSK 1,"Health, Hobbies",QZ-HSK1-QT07-09,This Time We Won!,队,team,Đội,Noun,,队 = 阝 (town) + 人 (human)
Beginner,HSK 1,"Health, Hobbies",QZ-HSK1-QT07-10,Signing Up for TOEFL,上,be engaged at a fixed time,Có hẹn,Verb,,"上 = ⺊ (divination) + 一 (one)
 "
Beginner,HSK 1,"Health, Hobbies",QZ-HSK1-QT07-10,Signing Up for TOEFL,托福,TOEFL,Kỳ thi TOEFL,Noun,,"托 = 扌 (hand) + ㇒ (N/A) + 乚 (second) + 一 (one)
福 = 礻 (sign) + 一 (one) + 口 (mouth) + 田 (field)"
Beginner,HSK 1,"Health, Hobbies",QZ-HSK1-QT07-10,Signing Up for TOEFL,班,class,Lớp học,Noun,,班 = 玨 (N/A) + 丿 (bend) + 丶 (dot)
Beginner,HSK 1,"Health, Hobbies",QZ-HSK1-QT07-10,Signing Up for TOEFL,了没有,or not yet?,Chưa phải không?,question phrase,,"了 = ㇇ (N/A) + 亅 (hook)
有 = 𠂇 (left hand) + 月 (moon)
没 = 氵 (water) + 殳 (weapon/lance)"
Beginner,HSK 1,"Health, Hobbies",QZ-HSK1-QT07-10,Signing Up for TOEFL,考,take an examination,Thi,Verb,,考 = 耂 (old) + 一 (one) + ㇉ (N/A)
Beginner,HSK 1,Student Life,QZ-HSK1-QT08-01,A Bad Stomachache,肚子,stomach,Dạ dày,Noun,,"肚 = 月 (moon) + 土 (earth)
子 = 子 (child)"
Beginner,HSK 1,Student Life,QZ-HSK1-QT08-01,A Bad Stomachache,疼,ache,Đau,Verb,,疼 = 疒 (sickness) + 夂 (go) + ⺀ (dot)
Beginner,HSK 1,Student Life,QZ-HSK1-QT08-01,A Bad Stomachache,厉害,fierce,Dữ dội,Adjective,,"厉 = 厂 (cliff) + 一 (one) + 丿 (bend) + ㇆ (N/A)
害 = 宀 (roof) + 一 (one) + 二 (two) + 丨 (line) + 口 (mouth)
"
Beginner,HSK 1,Student Life,QZ-HSK1-QT08-01,A Bad Stomachache,片,pills,Thuốc viên,Measure word,,片 =  片 (a slice)
Beginner,HSK 1,Student Life,QZ-HSK1-QT08-01,A Bad Stomachache,药,medicine,Thuốc,Noun,,药 = 艹 (grass) + 纟 (silk) + 勹 (wrap) + 丶 (dot)
Beginner,HSK 1,Student Life,QZ-HSK1-QT08-01,A Bad Stomachache,拉肚子,to have diarrhea,Tiêu chảy,Verb,,"拉 = 扌 (hand) + 立 (stand erect)
肚 = 月 (moon) + 土 (earth)"
Beginner,HSK 1,Student Life,QZ-HSK1-QT08-02,A Visit to the Doctor,大夫,doctor,Bác sĩ,Noun,,"大 = 大 (big)
夫 = 人 (human) + 二 (two)"
Beginner,HSK 1,Student Life,QZ-HSK1-QT08-02,A Visit to the Doctor,化验,make a laboratory test,Làm xét nghiệm,Verb,,"化 = 亻 (human) + 匕 (spoon) 
验 = 马 (horse) + 人 (human) + 一 (one) + ⺍ (small) + 一 (one)"
Beginner,HSK 1,Student Life,QZ-HSK1-QT08-02,A Visit to the Doctor,大便,stool,Phân,Noun,,"大 = 大 (big)
便 = 亻 (human) + 一 (one) + 日 (sun/day) + 丨 (line) + 乂 (N/A)"
Beginner,HSK 1,Student Life,QZ-HSK1-QT08-02,A Visit to the Doctor,检查,check up,Khám bệnh,Verb,,"检 = 木 (tree) + 人 (human) + 一 (one) + ⺍ (small) + 一 (one)
查 = 木 (tree) + 日 (sun/day) + 一 (one)"
Beginner,HSK 1,Student Life,QZ-HSK1-QT08-02,A Visit to the Doctor,得  ,take; catch,Bắt / Đi (xe),Verb,,得 = 彳 (step) + 日 (sun/day) + 一 (one) + 寸 (thumb)
Beginner,HSK 1,Student Life,QZ-HSK1-QT08-03,Feeling Homesick,因为,because,Bởi vì,preposition,,"因 = 囗 (enclosure) + 大 (big)
为 = 力 (power/force) + ⺀ (dot)"
Beginner,HSK 1,Student Life,QZ-HSK1-QT08-03,Feeling Homesick,寂寞,lonely,Cô đơn,Adjective,,"寂 = 宀 (roof) + ⺊ (divination) + 一 (one) + 小 (small) + 又 (right hand)
寞 = 宀 (roof) + 艹 (grass) + 日 (sun/day) + 大 (big)"
Beginner,HSK 1,Student Life,QZ-HSK1-QT08-03,Feeling Homesick,难过,sad,Buồn,Adjective,,"难 =  又 (right hand) + 隹 (small bird)
过 = 辶 (walk) + 寸 (thumb)"
Beginner,HSK 1,Student Life,QZ-HSK1-QT08-03,Feeling Homesick,但是,but,Nhưng,Conjunction,,"但 = 亻 (human) + 日 (sun/day) + 一 (one)
是 = 日 (sun/day) + 一 (one) = 龰 (N/A)"
Beginner,HSK 1,Student Life,QZ-HSK1-QT08-03,Feeling Homesick,常,often,Thường xuyên,Adverb,,常 = ⺌ (small) + 冖 (cover) + 口 (mouth) + 巾 (turban/scarf)
Beginner,HSK 1,Student Life,QZ-HSK1-QT08-04,Looking for an Apartment,接,connect,Kết nối,Verb,,接 = 扌 (hand) + 立 (stand erect) + 女 (woman)
Beginner,HSK 1,Student Life,QZ-HSK1-QT08-04,Looking for an Apartment,套,set,Đặt / Thiết lập,Measure word,,套 = 大 (big) + 镸 (long/grow)
Beginner,HSK 1,Student Life,QZ-HSK1-QT08-04,Looking for an Apartment,房子,house,Nhà,Noun,,"房 = 户 (door/house) + 方 (square/raft)
子 = 子 (child)"
Beginner,HSK 1,Student Life,QZ-HSK1-QT08-04,Looking for an Apartment,满意,satisfied,Hài lòng,Adjective,,"满 = 氵 (water) = 艹 (grass) + 一 (one) + 从 (N/A) + 冂 (upside down box)
意 = 音 (sound) + 心 (heart)"
Beginner,HSK 1,Student Life,QZ-HSK1-QT08-04,Looking for an Apartment,光线,light,Đèn / Ánh sáng,Noun,,"光 = ⺌ (small) + 一 (one) + 儿 (legs)
线 = 纟 (silk) + 戋 (N/A)"
Beginner,HSK 1,Student Life,QZ-HSK1-QT08-05,Finding a Sunny Apartment,卧室,bedroom,Phòng ngủ,Noun,,"卧 = 臣 (minister/official) + 卜 (divination)
室 = 宀 (roof) + 至 (arrive)"
Beginner,HSK 1,Student Life,QZ-HSK1-QT08-05,Finding a Sunny Apartment,客厅,living room,Phòng khách,Noun,,"客 = 宀 (roof) + 夂 (go) + 口 (mouth)
厅 = 厂 (cliff) + 一 (one) + 亅 (hook)
"
Beginner,HSK 1,Student Life,QZ-HSK1-QT08-05,Finding a Sunny Apartment,平方米,square meter,Mét vuông,Measure word,,"平 = 干 (dry) + 丷 (eight/divide)
方 = 方 (square/raft)
米 = 米 (rice)"
Beginner,HSK 1,Student Life,QZ-HSK1-QT08-05,Finding a Sunny Apartment,阳光,sunlight,Ánh nắng,Noun,,"阳 = 阝 (town) + 日 (sun/day)
光 = ⺌ (small) + 一 (one) + 儿 (legs)"
Beginner,HSK 1,Student Life,QZ-HSK1-QT08-05,Finding a Sunny Apartment,想要,want,Muốn,Verb,,"想 = 木 (tree) + 目 (eye) + 心 (heart)
要 = 覀 (west) + 女 (woman)"
Beginner,HSK 1,Student Life,QZ-HSK1-QT08-06,It's expensive,下班,get off work,Tan làm,Separable verbs,,"下 = 一 (one) + 卜 (divination)
班 = 玨 (N/A) + 丿 (bend) + 丶 (dot)"
Beginner,HSK 1,Student Life,QZ-HSK1-QT08-06,It's expensive,路,road,Con đường,Noun,,路 = ⻊ (foot) + 夂 (go) + 口 (mouth)
Beginner,HSK 1,Student Life,QZ-HSK1-QT08-06,It's expensive,堵车,traffic jam,Kẹt xe,Separable verbs,,"堵 = 土 (earth) + 耂 (old) + 日 (sun/day)
车 = 车 (car)"
Beginner,HSK 1,Student Life,QZ-HSK1-QT08-06,It's expensive,赶,rush,Vội vàng,Verb,,赶 = 走 (run) + 干 (dry)
Beginner,HSK 1,Student Life,QZ-HSK1-QT08-06,It's expensive,租,rent,Thuê,Verb,,租 = 禾 (grain) = 月 (moon) + 一 (one)
Beginner,HSK 1,Student Life,QZ-HSK1-QT08-06,It's expensive,房租,rent,Thuê,Noun,,"房 = 户 (door/house) + 方 (square/raft)
租 = 禾 (grain) = 月 (moon) + 一 (one)"
Beginner,HSK 1,Student Life,QZ-HSK1-QT08-07,A Quiet and Convenient Apartment,周围 ,around,Xung quanh,Noun,,"周 = 田 (field) +  口 (mouth)
围 = 囗 (enclosure)  + 韦 (tanned leather)"
Beginner,HSK 1,Student Life,QZ-HSK1-QT08-07,A Quiet and Convenient Apartment,环境,environment,Môi trường,Noun,,"环 = 王 (jade) + 一 (one) + 丿 (bend) + 卜 (divination)
境 = 土 (earth) + 音 (sound) + 儿 (legs)"
Beginner,HSK 1,Student Life,QZ-HSK1-QT08-07,A Quiet and Convenient Apartment,条,used for slender objects,Dùng cho vật dài nhỏ,Measure word,,条 = 夂 (go) + 十 (ten) + 小 (small)
Beginner,HSK 1,Student Life,QZ-HSK1-QT08-07,A Quiet and Convenient Apartment,河,river,Sông,Noun,,河 = 氵 (water) = 一 (one) + 亅 (hook) + 口 (mouth)
Beginner,HSK 1,Student Life,QZ-HSK1-QT08-07,A Quiet and Convenient Apartment,安静,quiet,Yên tĩnh,Adjective,,"安 = 宀 (roof) + 女 (woman)
静 = 青 (green/blue) + ⺈ (knife) = ⺕ (pig snout) = 亅 (hook)"
Beginner,HSK 1,Student Life,QZ-HSK1-QT08-07,A Quiet and Convenient Apartment,交通,transportation,Giao thông,Noun,,"交 = 亠 (lid) + 八 (eight/divide) + 乂 (N/A)
通 = 辶 (walk) = 龴 (N/A) + 用 (use)"
Beginner,HSK 1,Student Life,QZ-HSK1-QT08-08,Talking About Exam Results,回,go back,Quay về,Verb,,回 = 回 (N/A)
Beginner,HSK 1,Student Life,QZ-HSK1-QT08-08,Talking About Exam Results,题,question,Câu hỏi,Noun,,题 = 日 (sun/day)  + 一 (one) + 龰 (N/A) + 页 (leaf)
Beginner,HSK 1,Student Life,QZ-HSK1-QT08-08,Talking About Exam Results,完,finish,Hoàn thành, Verb,,完 = 宀 (roof) + 二 (two) + 儿 (legs)
Beginner,HSK 1,Student Life,QZ-HSK1-QT08-08,Talking About Exam Results,道,measure word for questions,Câu (câu hỏi),Measure word,,道 = 辶 (walk) + 首 (head)
Beginner,HSK 1,Student Life,QZ-HSK1-QT08-08,Talking About Exam Results,成绩,result,Kết quả,Noun,,"成 = 一 (one) + 丿 (bend) + ㇆ (N/A) + 戈 (spear)
绩 = 纟 (silk) + 龶 (N/A) + 贝 (shell)"
Beginner,HSK 1,Student Life,QZ-HSK1-QT08-08,Talking About Exam Results,语法,grammar,Ngữ pháp,Noun,,"语 = 讠 (speech) + 一 (one) + 力 (power/force) + 一 (one) + 口 (mouth)
法 = 氵 (water) + 土 (earth) + 厶 (private)"
Beginner,HSK 1,Student Life,QZ-HSK1-QT08-08,Talking About Exam Results,听力,listening comprehension ,#N/A,Noun,,"听 = 口 (mouth) + 斤 (axe)
力 = 力 (power/force)"
Beginner,HSK 1,Student Life,QZ-HSK1-QT08-08,Talking About Exam Results,句子,sentence,Câu,Noun,,"句 = 勹 (wrap) + 口 (mouth)
子 = 子 (child)"
Beginner,HSK 1,Student Life,QZ-HSK1-QT08-09,Looking Up Words vs. Relaxing,查,check,Kiểm tra,Verb,,查 = 木 (tree) + 日 (sun/day) + 一 (one)
Beginner,HSK 1,Student Life,QZ-HSK1-QT08-09,Looking Up Words vs. Relaxing,糟糕,what a mistake,Thật là sai lầm,Interjection,," 糟 = 米 (rice) + 艹 (grass) + 二 (two) + 凵 (container) + 日 (sun/day)
糕 = 米 (rice) + 羊 (sheep) + 灬 (fire)"
Beginner,HSK 1,Student Life,QZ-HSK1-QT08-09,Looking Up Words vs. Relaxing,成,become,Trở thành, verb,,成 = 一 (one) + 丿 (bend) + ㇆ (N/A) + 戈 (spear)
Beginner,HSK 1,Student Life,QZ-HSK1-QT08-09,Looking Up Words vs. Relaxing,打开,open,Mở,Verb,,"打 = 扌 (hand) + 一 (one) + 亅 (hook)
开 = 一 (one) + 廾 (N/A)"
Beginner,HSK 1,Student Life,QZ-HSK1-QT08-09,Looking Up Words vs. Relaxing,衬衫,shirt,Áo sơ mi,Noun,,"衬 = 衤 (clothes) + 寸 (thumb)
衫 = 衤 (clothes) + 彡 (bristle/beard)"
Beginner,HSK 1,Student Life,QZ-HSK1-QT08-09,Looking Up Words vs. Relaxing,洗,wash,Giặt,Verb,,"洗 = 氵 (water) + ⺧ (cow) + 儿 (legs)
"
Beginner,HSK 1,Student Life,QZ-HSK1-QT08-10,Practicing Qigong Every Day,练,train,Tàu hỏa,Verb,,练 = 纟 (silk) + 乚 (second) + 一 (one) + ㇆ (N/A) + 八 (eight/divide)
Beginner,HSK 1,Student Life,QZ-HSK1-QT08-10,Practicing Qigong Every Day,气功,qigong,Khí công,Noun,,"气 = 气 (steam/breath)
功 = 工 (work) + 力 (power/force)"
Beginner,HSK 1,Student Life,QZ-HSK1-QT08-10,Practicing Qigong Every Day,起来,get up,Thức dậy,Verb,,"起 = 走 (run) + 己 (oneself)
来 = 木 (tree) + 一 (one) + 丷 (eight/divide)"
Beginner,HSK 1,Student Life,QZ-HSK1-QT08-10,Practicing Qigong Every Day,多长时间,how long,Bao lâu,phrase,,"多 = 多 (N/A)
长 = 长 (long/grow)
时 = 日 (sun/day) + 寸 (thumb)
间 = 门 (gate) + 日 (sun/day)"
Beginner,HSK 1,Student Life,QZ-HSK1-QT08-10,Practicing Qigong Every Day,不一定,not necessary,Không cần thiết,Adverb,,"不 = 一 (one) + 丿 (bend) + 卜 (divination)
一 = 一 (one)
定 = 宀 (roof) + 一 (one) + 龰 (N/A)"
Beginner,HSK 1,Student Life,QZ-HSK1-QT08-10,Practicing Qigong Every Day,有时候,sometimes,Thỉnh thoảng,adverbial phrase,,"有 = 𠂇 (left hand) + 月 (moon)
时 = 日 (sun/day) + 寸 (thumb)
候 = 亻 (human) + 丨 (line) + 矢 (arrow)"
Beginner,HSK 1,Student Life,QZ-HSK1-QT08-10,Practicing Qigong Every Day,钟头,hour,Giờ,Noun,,"钟 = 钅 (metal/gold) + 口 (mouth) + 丨 (line)
头 = 大 (big) + ⺀ (dot)"
Beginner,HSK 1,Student Life,QZ-HSK1-QT08-10,Practicing Qigong Every Day,半,half,Một nửa,Numeral,,半 = 二 (two) +丨 (line) + 丷 (eight/divide)
Beginner,HSK 1,"Daily Life, and Careers",QZ-HSK1-QT09-01,Why You Should Practice Qigong,效果,effect,Hiệu quả,Adverb,,"效果 = 效 (effect, imitate) + 果 (result)
效 = 亻(person) + 交 (intersect, exchange)
果 = 田 (field) + 木 (tree)"
Beginner,HSK 1,"Daily Life, and Careers",QZ-HSK1-QT09-01,Why You Should Practice Qigong,气功,Qigong,Khí công,Noun,,"气功 = 气 (air, energy) + 功 (effort, skill)
气 = 气 (steam rising)
功 = 工 (work) + 力 (power)"
Beginner,HSK 1,"Daily Life, and Careers",QZ-HSK1-QT09-01,Why You Should Practice Qigong,慢性病,chronic disease,Bệnh mãn tính,Noun,,"慢 = 忄 (heart) + 日 (sun/day) + 罒 (net) + 又 (right hand)
性 = 忄 (heart) + 生 (life)
病 = 疒 (sickness) + 一 (one) + 人 (human) + 冂 (upside down box)"
Beginner,HSK 1,"Daily Life, and Careers",QZ-HSK1-QT09-01,Why You Should Practice Qigong,高血压,high blood pressure,Huyết áp cao,Noun,,"高 = 高 (tall)
血 = 血 (blood)
病 = 疒 (sickness) + 一 (one) + 人 (human) + 冂 (upside down box)"
Beginner,HSK 1,"Daily Life, and Careers",QZ-HSK1-QT09-01,Why You Should Practice Qigong,失眠,insomnia,Mất ngủ,Noun,,"失 = 人 (human) + 二 (two) + ㇒ (N/A)
眠 = 目 (eye) + 巳 (oneself) + ㇂ (N/A) + 一 (one)"
Beginner,HSK 1,"Daily Life, and Careers",QZ-HSK1-QT09-02,Visiting the Doctor,看病,see a doctor,Khám bác sĩ,Separable verbs,,"看 = 龵 (hand) + 目 (eye)
病 = 疒 (sickness) + 一 (one) + 人 (human) + 冂 (upside down box)"
Beginner,HSK 1,"Daily Life, and Careers",QZ-HSK1-QT09-02,Visiting the Doctor,主要,main,Chính,Adjective,,"主 = 王 (jade) + 丶 (dot)
要 = 覀 (west) + 女 (woman)"
Beginner,HSK 1,"Daily Life, and Careers",QZ-HSK1-QT09-02,Visiting the Doctor,症状,symptom,Triệu chứng,Noun,,"症 = 疒 (sickness) + 一 (one) + 止 (stop)
状 = 丬 (split wood) + 犬 (dog)"
Beginner,HSK 1,"Daily Life, and Careers",QZ-HSK1-QT09-02,Visiting the Doctor,一直,continuously,Liên tục,Adverb,,"一 = 一 (one)
直 = 十 (ten) + 目 (eye) + 一 (one)"
Beginner,HSK 1,"Daily Life, and Careers",QZ-HSK1-QT09-02,Visiting the Doctor,浑身 ,whole body,Toàn thân,Noun,,"浑 = 氵 (water) + 冖 (cover) + 车 (car)
身 = 身 (body)"
Beginner,HSK 1,"Daily Life, and Careers",QZ-HSK1-QT09-02,Visiting the Doctor,无力,weak,Yếu,Verb,,"无 = 无 (have not)
力 = 力 (power/force)"
Beginner,HSK 1,"Daily Life, and Careers",QZ-HSK1-QT09-02,Visiting the Doctor,而且,and also,Và còn,Conjunction,,"而 =  而 (beard)
且 = 月 (moon) + 一 (one)"
Beginner,HSK 1,"Daily Life, and Careers",QZ-HSK1-QT09-02,Visiting the Doctor,其他, else,#N/A,Pronoun,,"其 = 甘 (sweet) + 一 (one) + 八 (eight/divide)
他 =>亻 (human) + 乚 (second) + ㇆ (N/A) + 丨 (line)"
Beginner,HSK 1,"Daily Life, and Careers",QZ-HSK1-QT09-03,Booking a Hotel Room,预订,book,Sách,Verb,,"预 = 龴 (N/A) + ㇖ (N/A) + 亅 (hook) + 页 (leaf)
订 = 讠 (speech) + 一 (one) + 亅 (hook)"
Beginner,HSK 1,"Daily Life, and Careers",QZ-HSK1-QT09-03,Booking a Hotel Room,间,The smallest unit of a house.,Căn hộ,Measure word,,间 = 门 (gate) + 日 (sun/day)
Beginner,HSK 1,"Daily Life, and Careers",QZ-HSK1-QT09-03,Booking a Hotel Room,计划,plan,Kế hoạch,Verb,,"计 =  讠 (speech) + 十 (ten)
划 = 戈 (spear) + 刂 (knife)"
Beginner,HSK 1,"Daily Life, and Careers",QZ-HSK1-QT09-03,Booking a Hotel Room,两晚,Two nights,Hai đêm,Noun,,"两 = 一 (one) + 从 (N/A) + 冂 (upside down box)
晚 = 日 (sun/day) + ⺈ (knife) + 口 (mouth) + 丨 (line) + 乚 (second)
"
Beginner,HSK 1,"Daily Life, and Careers",QZ-HSK1-QT09-03,Booking a Hotel Room,双人床,double bed,Giường đôi,Noun,,"双 = 双 (N/A)
人 = 人 (human)
床 = 广 (house on cliff) + 木 (tree)"
Beginner,HSK 1,"Daily Life, and Careers",QZ-HSK1-QT09-04,Shopping for a Dress,裙子,skirt,Váy,Noun,,"裙 = 衤 (clothes) + ⺕ (pig snout) + 丨 (line) + 口 (mouth)
子 = 子 (child)"
Beginner,HSK 1,"Daily Life, and Careers",QZ-HSK1-QT09-04,Shopping for a Dress,款,style,Phong cách,Noun,,"款 = 土 (earth) + 𠂤 (hand/action) + 欠 (lack, owe)"
Beginner,HSK 1,"Daily Life, and Careers",QZ-HSK1-QT09-04,Shopping for a Dress,周一,monday,Thứ Hai,Noun,,"周 = 田 (field) + 口 (mouth)
一 = 一 (one)"
Beginner,HSK 1,"Daily Life, and Careers",QZ-HSK1-QT09-04,Shopping for a Dress,上架,shelves,Kệ,Verb,,"上架 = 上 (up) + 架 (frame, rack)
架 = 加 (add) + 木 (wood)"
Beginner,HSK 1,"Daily Life, and Careers",QZ-HSK1-QT09-04,Shopping for a Dress,尺码可供,Size available,Kích cỡ có sẵn,Noun,,"尺 = 尸 (corpse) + ㇏ (N/A)
码 = 石 (stone) + 马 (horse)
可 = 一 (one) + 亅 (hook) + 口 (mouth)
供 = 亻 (human) + 艹 (grass) + 一 (one) + 八 (eight/divide)"
Beginner,HSK 1,"Daily Life, and Careers",QZ-HSK1-QT09-04,Shopping for a Dress,选择,select,Chọn,Verb,,"选 = 辶 (walk) + ⺧ (cow) + 儿 (legs)
择 = 扌 (hand) + 又 (right hand) + 二 (two)  + 丨 (line)"
Beginner,HSK 1,"Daily Life, and Careers",QZ-HSK1-QT09-05,Talking About Studying,正在,in process of,Đang trong quá trình,Adverb,," 正 = 一 (one) + 止 (stop)
在 = 𠂇 (left hand) + 亻 (human) + 土 (earth)"
Beginner,HSK 1,"Daily Life, and Careers",QZ-HSK1-QT09-05,Talking About Studying,备考,prepare for an exam,Chuẩn bị thi,Verb,,"备 = 夂 (go) + 田 (field)
考 = 耂 (old) + 一 (one) + ㇉ (N/A)"
Beginner,HSK 1,"Daily Life, and Careers",QZ-HSK1-QT09-05,Talking About Studying,加油,make an extra effort,Nỗ lực thêm,Separable verbs,,"加 = 力 (power/force) + 口 (mouth)
油 = 氵 (water) + 二 (two) + 丨 (line) + 凵 (container)"
Beginner,HSK 1,"Daily Life, and Careers",QZ-HSK1-QT09-05,Talking About Studying,门,used for subjects of study or field of technical training,Chuyên ngành (lượng từ),Measure word,,门 = 门 (gate)
Beginner,HSK 1,"Daily Life, and Careers",QZ-HSK1-QT09-05,Talking About Studying,课程,course,Khóa học,Noun,,"课 = 讠 (speech) + 田 (field) + 木 (tree)
程 = 禾 (grain) + 口 (mouth) + 王 (jade)
"
Beginner,HSK 1,"Daily Life, and Careers",QZ-HSK1-QT09-05,Talking About Studying,数学,mathematics,Toán học,Noun,,"数 = 米 (rice) + 女 (woman) + ⺙ (knock)
学 = ⺍ (small) + 冖 (cover) + 子 (child)"
Beginner,HSK 1,"Daily Life, and Careers",QZ-HSK1-QT09-05,Talking About Studying,英语,english language,Tiếng Anh,Noun,,"英 = 艹 (grass) + 大 (big) + 冂 (upside down box)
语 = 讠 (speech) + 一 (one) + 力 (power/force) + 一 (one) + 口 (mouth)"
Beginner,HSK 1,"Daily Life, and Careers",QZ-HSK1-QT09-06,Talking About Hobbies,摄影,photography,Nhiếp ảnh,Noun,,"摄 = 扌 (hand) + 耳 (ear) + 双 (N/A)
影 = 日 (sun/day) + 亠 (lid) + 口 (mouth) + 小 (small) + 彡 (bristle/beard)"
Beginner,HSK 1,"Daily Life, and Careers",QZ-HSK1-QT09-06,Talking About Hobbies,有意思,interesting,Thú vị,Adjective,,"有 = 𠂇 (left hand) + 月 (moon)
意 = 音 (sound) + 心 (heart)
思 = 田 (field) + 心 (heart)"
Beginner,HSK 1,"Daily Life, and Careers",QZ-HSK1-QT09-06,Talking About Hobbies,拍,take (a picture),Chụp ảnh,Verb,,拍 = 扌 (hand) + 白 (white)
Beginner,HSK 1,"Daily Life, and Careers",QZ-HSK1-QT09-06,Talking About Hobbies,风景,scenery,Phong cảnh,Noun,,"风 = 风 (wind)
景 = 日 (sun/day) + 亠 (lid) + 口 (mouth) + 小 (small)"
Beginner,HSK 1,"Daily Life, and Careers",QZ-HSK1-QT09-06,Talking About Hobbies,人像,portrait,Chân dung,Noun,,"人 = 人 (human)
像 = 亻 (human) + ⺈ (knife) + 口 (mouth) + 丨 (line) + 勹 (wrap)"
Beginner,HSK 1,"Daily Life, and Careers",QZ-HSK1-QT09-06,Talking About Hobbies,棒,good,Tốt,Adjective,,棒 = 木 (tree) + 一 (one) + 二 (two) + 丨 (line) + 八 (eight/divide) + 二 (two) + 丨 (line)
Beginner,HSK 1,"Daily Life, and Careers",QZ-HSK1-QT09-07,Talking About Jobs,名,used for people,Dùng cho người,Measure word,,名 = 夕 (evening/unset) + 口 (mouth)
Beginner,HSK 1,"Daily Life, and Careers",QZ-HSK1-QT09-07,Talking About Jobs,软件,software,Phần mềm,Noun,,"软 = 车 (car) + 欠 (yawn)
件 = 亻 (human) + 牛 (cow)"
Beginner,HSK 1,"Daily Life, and Careers",QZ-HSK1-QT09-07,Talking About Jobs,工程师,engineer,Kỹ sư,Noun,,"工 = 工 (work)
程 = 禾 (grain) + 口 (mouth) + 王 (jade)
师 =  丿(slash) +  一 (one)  + 巾 (turban/scarf)"
Beginner,HSK 1,"Daily Life, and Careers",QZ-HSK1-QT09-07,Talking About Jobs,负责,be responsible for,Chịu trách nhiệm,Verb,,"负 = ⺈ (knife) + 贝 (shell)
责 = 龶 (N/A) + 贝 (shell)"
Beginner,HSK 1,"Daily Life, and Careers",QZ-HSK1-QT09-07,Talking About Jobs,开发,exploit,Khai thác / Phát triển,Verb,,"开 = 一 (one) + 廾 (N/A)
发 = ㇗ (N/A) + 丨 (line) + 丶 (dot) + 又 (right hand)"
Beginner,HSK 1,"Daily Life, and Careers",QZ-HSK1-QT09-07,Talking About Jobs,维护,maintain,Bảo trì,Verb,,"维 = 纟 (silk) + 隹 (small bird)
护 = 扌 (hand) + 户 (door/house)"
Beginner,HSK 1,"Daily Life, and Careers",QZ-HSK1-QT09-07,Talking About Jobs,应用,applied,Ứng dụng,Adjective,,"应 = 广 (house on cliff) + ⺍ (small) + 一 (one)
用 = 用 (use)"
Beginner,HSK 1,"Daily Life, and Careers",QZ-HSK1-QT09-07,Talking About Jobs,程序,program,Chương trình,Noun,,"程 = 禾 (grain) + 口 (mouth) + 王 (jade)
序 = 广 (house on cliff) + 龴 (N/A) + ㇖ (N/A) + 亅 (hook)"
Beginner,HSK 1,"Daily Life, and Careers",QZ-HSK1-QT09-08,Talking About Favorite Subjects,逻辑,logicality,Tính logic,Noun,,"逻 = 辶 (walk) + 罒 (net) + 夕 (evening/unset)
辑 = 车 (car) + 口 (mouth) + 耳 (ear)"
Beginner,HSK 1,"Daily Life, and Careers",QZ-HSK1-QT09-08,Talking About Favorite Subjects,挑战,Challenging,Thách thức,Noun,,"挑 = 扌 (hand) + 儿 (legs) + 冫 (ice)
战 = ⺊ (divination) + 口 (mouth) + 戈 (spear)"
Beginner,HSK 1,"Daily Life, and Careers",QZ-HSK1-QT09-08,Talking About Favorite Subjects,解决,solve,Giải quyết,Verb,,"解 = 角 (horn) + 刀 (knife) + 牛 (cow)
决 = 冫 (ice) + 大 (big) + 𠃍 (Vertical bend stroke)丨 (line) + 人 (human)"
Beginner,HSK 1,"Daily Life, and Careers",QZ-HSK1-QT09-08,Talking About Favorite Subjects,思考,think,Suy nghĩ,Verb,,"思 = 田 (field) + 心 (heart)
考 = 耂 (old) + 一 (one) + ㇉ (N/A)"
Beginner,HSK 1,"Daily Life, and Careers",QZ-HSK1-QT09-08,Talking About Favorite Subjects,推理,inference,Suy luận,Verb,,"推 = 扌 (hand) + 隹 (small bird)
理 = 王 (jade) + 里 (village/mile)"
Beginner,HSK 1,"Daily Life, and Careers",QZ-HSK1-QT09-08,Talking About Favorite Subjects,擅长,be good at,Giỏi về,Verb,,"擅 = 扌 (hand) + 亠 (lid) + 回 (N/A) + 日 (sun/day) + 一 (one)
长 = 长 (long/grow)"
Beginner,HSK 1,"Daily Life, and Careers",QZ-HSK1-QT09-09,Introducing Ourselves and Our Jobs,优秀,splendid,Tuyệt vời,Adjective,,"优 = 亻 (human) + 尢 (lame) + 丶 (dot)
秀 = 禾 (grain) + ㇎ (N/A) + 丿 (bend)"
Beginner,HSK 1,"Daily Life, and Careers",QZ-HSK1-QT09-09,Introducing Ourselves and Our Jobs,有意义,important,Quan trọng,Adjective,,"有 = 𠂇 (left hand) + 月 (moon)
意 = 音 (sound) + 心 (heart)
义 = 乂 (N/A) + 丶 (dot)"
Beginner,HSK 1,"Daily Life, and Careers",QZ-HSK1-QT09-09,Introducing Ourselves and Our Jobs,职业,occupation,Nghề nghiệp,Noun,,"职 = 耳 (ear) + 口 (mouth) + 八 (eight/divide)
业 = 丷 (eight/divide) + 一 (one)"
Beginner,HSK 1,"Daily Life, and Careers",QZ-HSK1-QT09-09,Introducing Ourselves and Our Jobs,与,and,Và,Conjunction,,与 =  一 (one)
Beginner,HSK 1,"Daily Life, and Careers",QZ-HSK1-QT09-09,Introducing Ourselves and Our Jobs,分享,share,Chia sẻ,Verb,,"分 = 八 (eight/divide) + 刀 (knife)
享 = 亠 (lid) + 口 (mouth) + 子 (child)"
Beginner,HSK 1,"Daily Life, and Careers",QZ-HSK1-QT09-10,A Job Interview,面试,interview,Phỏng vấn,Verb,,"面 = 面 (face)
试 = 讠 (speech) + 弋 (arrow) + 工 (work)"
Beginner,HSK 1,"Daily Life, and Careers",QZ-HSK1-QT09-10,A Job Interview,参加,join,Tham gia,Verb,,"参 = 厶 (private) + 大 (big) + 彡 (bristle/beard)
加 = 力 (power/force) + 口 (mouth)"
Beginner,HSK 1,"Daily Life, and Careers",QZ-HSK1-QT09-10,A Job Interview,组织, organization,#N/A,Noun,,"组 = 纟 (silk) + 月 (moon) + 一 (one)
织 = 纟 (silk) + 口 (mouth)  + 八 (eight/divide)"
Beginner,HSK 1,"Daily Life, and Careers",QZ-HSK1-QT09-10,A Job Interview,能力,ability,Khả năng,Noun,,"能 = 厶 (private) + 月 (moon)
力 = 力 (power/force)"
Beginner,HSK 1,"Daily Life, and Careers",QZ-HSK1-QT09-10,A Job Interview,强,high standard,Tiêu chuẩn cao,Adjective,,强 = 弓 (bow) + 口 (mouth) + 虫 (insect)
Beginner,HSK 1,"Daily Life, and Careers",QZ-HSK1-QT09-10,A Job Interview,承受,bear,Gấu,Verb,," 承 = ㇖ (N/A) + 水 (water) + 一 (one) +  二 (two)
受 = 爫 (claw/talon) + 冖 (cover) + 又 (right hand)"
Beginner,HSK 1,"Daily Life, and Careers",QZ-HSK1-QT09-10,A Job Interview,压力,pressure,Áp lực,Noun,,"压 = 厂 (cliff) + 土 (earth) + 丶 (dot)
力 = 力 (power/force)"
Beginner,HSK 1,"Daily Life, and Careers",QZ-HSK1-QT09-10,A Job Interview,适合,to suit,Phù hợp,Verb,,"适 = 辶 (walk) + 舌 (tongue)
合 = 人 (human) + 一 (one) + 口 (mouth)"
Beginner,HSK 1,"Daily Life, and Careers",QZ-HSK1-QT09-10,A Job Interview,助理,assistant,Trợ lý,Noun,,"助 = 月 (moon) + 一 (one) + 力 (power/force)
理 = 王 (jade) + 里 (village/mile)"
Beginner,HSK 1,Student Life and Cultural Experiences,QZ-HSK1-QT10-01,Planning to Eat Sichuan Hot Pot,久,for a long time,Lâu dài,Adjective,,久 = 勹 (wrap) + ㇏ (N/A)
Beginner,HSK 1,Student Life and Cultural Experiences,QZ-HSK1-QT10-01,Planning to Eat Sichuan Hot Pot,四川,Sichuan (Province),Tứ Xuyên,Noun,,"四 = 囗 (enclosure) + 儿 (legs)
川 = 川 (river)"
Beginner,HSK 1,Student Life and Cultural Experiences,QZ-HSK1-QT10-01,Planning to Eat Sichuan Hot Pot,火锅,hot pot,Lẩu,Noun,,"火 = 火 (fire)
锅 = 钅 (metal/gold) + 口 (mouth) + 人 (human) + 冂 (upside down box)"
Beginner,HSK 1,Student Life and Cultural Experiences,QZ-HSK1-QT10-01,Planning to Eat Sichuan Hot Pot,要不,or else,Nếu không thì,Conjunction,,"要 = 覀 (west) + 女 (woman)
不 = 一 (one) + 丿 (bend) + 卜 (divination)"
Beginner,HSK 1,Student Life and Cultural Experiences,QZ-HSK1-QT10-01,Planning to Eat Sichuan Hot Pot,只要,provided,Miễn là,Conjunction,,"只 = 口 (mouth) + 八 (eight/divide)
要 = 覀 (west) + 女 (woman)"
Beginner,HSK 1,Student Life and Cultural Experiences,QZ-HSK1-QT10-01,Planning to Eat Sichuan Hot Pot,准备,prepare; get ready,Chuẩn bị,Verb,,"准 = 冫 (ice) + 隹 (small bird)
备 = 夂 (go) + 田 (field)"
Beginner,HSK 1,Student Life and Cultural Experiences,QZ-HSK1-QT10-01,Planning to Eat Sichuan Hot Pot,原料,raw material,Nguyên liệu,Noun,,"原 = 厂 (cliff) + 白 (white) + 小 (small)
料 = 米 (rice) + 斗 (dipper)"
Beginner,HSK 1,Student Life and Cultural Experiences,QZ-HSK1-QT10-02,Talking About the Weather,晴朗,fine,Tốt / Mịn,Adjective,,"晴 = 日 (sun/day) + 青 (green/blue)
朗 = 丨 (line) + 彐 (pig snout) + 乚 (second) + 丶 (dot) + 月 (moon)"
Beginner,HSK 1,Student Life and Cultural Experiences,QZ-HSK1-QT10-02,Talking About the Weather,明媚,bright and beautiful,Tươi sáng,Adjective,,"明 = 日 (sun/day) + 月 (moon)
媚 = 女 (woman) + 丨 (line) + 丨 (line) + 目 (eye)"
Beginner,HSK 1,Student Life and Cultural Experiences,QZ-HSK1-QT10-02,Talking About the Weather,空气,air,Không khí,Noun,,"空 = 穴 (cave) + 工 (work)
气 = 气 (steam/breath)"
Beginner,HSK 1,Student Life and Cultural Experiences,QZ-HSK1-QT10-02,Talking About the Weather, 新鲜,fresh,Trong lành,Adjective,,"新 = 立 (stand erect) + 十 (ten) + 小 (small) + 斤 (axe)
鲜 = 鱼 (fish) + 羊 (sheep)"
Beginner,HSK 1,Student Life and Cultural Experiences,QZ-HSK1-QT10-02,Talking About the Weather,感觉,feel,Cảm thấy,Verb,,"感 = 厂 (cliff) + 戈 (spear) + 一 (one) + 口 (mouth) + 心 (heart)
觉 = ⺍ (small) + 冖 (cover) + 见 (see)"
Beginner,HSK 1,Student Life and Cultural Experiences,QZ-HSK1-QT10-02,Talking About the Weather,舒服,comfortable,Thoải mái,Adjective,,"舒 = 人 (human) + 干 (dry) + 口 (mouth) + 龴 (N/A) + ㇖ (N/A) + 亅 (hook)
服 = 月 (moon) + 卩 (seal) + 又 (right hand)"
Beginner,HSK 1,Student Life and Cultural Experiences,QZ-HSK1-QT10-02,Talking About the Weather,尤其,especially,Đặc biệt,Adjective,,"尤 = 尢 (lame) + 丶 (dot)
其 = 甘 (sweet) + 一 (one) + 八 (eight/divide)"
Beginner,HSK 1,Student Life and Cultural Experiences,QZ-HSK1-QT10-02,Talking About the Weather,温暖,warm; kind,Ấm áp / Tử tế,Adjective,,"温 = 氵 (water) + 日 (sun/day) + 皿 (dish)
暖 = 日 (sun/day) + 爫 (claw/talon) + 干 (dry) + 又 (right hand)"
Beginner,HSK 1,Student Life and Cultural Experiences,QZ-HSK1-QT10-02,Talking About the Weather,春天,spring,Mùa xuân,Noun,,"春 = 一 (one) + 二 (two) + 丨 (line) + 八 (eight/divide) + 日 (sun/day)
天 = 一 (one) + 大 (big)"
Beginner,HSK 1,Student Life and Cultural Experiences,QZ-HSK1-QT10-03,New Friends at School,成为,become,Trở thành,Verb,,"成 = 一 (one) + 丿 (bend) + ㇆ (N/A) + 戈 (spear)
为 = 力 (power/force) + ⺀ (dot)"
Beginner,HSK 1,Student Life and Cultural Experiences,QZ-HSK1-QT10-03,New Friends at School,当然,without doubt,Không nghi ngờ gì,Adverb,,"当 = ⺌ (small) + 彐 (pig snout)
然 = 月 (moon) + 犬 (dog) + 灬 (fire)"
Beginner,HSK 1,Student Life and Cultural Experiences,QZ-HSK1-QT10-03,New Friends at School,希望,hope,Hy vọng,Verb,,"希 = 乂 (N/A) + 𠂇 (left hand) + 巾 (turban/scarf)
望 = 匸 (hiding enclosure) + 丶 (dot) + 月 (moon) + 王 (jade)"
Beginner,HSK 1,Student Life and Cultural Experiences,QZ-HSK1-QT10-03,New Friends at School,更,more,Hơn,Adverb,,更 = 一 (one) + 日 (sun/day) + 丨 (line) + 乂 (N/A)
Beginner,HSK 1,Student Life and Cultural Experiences,QZ-HSK1-QT10-03,New Friends at School,认识,meet,Gặp,Verb,,"认识 = 认 (recognize) + 识 (know)
认 = 讠(speech) + 人 (person)
识 = 讠(speech) + 只 (only)"
Beginner,HSK 1,Student Life and Cultural Experiences,QZ-HSK1-QT10-04,A Trip to the Countryside,农村,countryside,Nông thôn,Noun,,"农 = 巾 (turban/scarf) + ㇒ (N/A) + ㇗ (N/A)
村 = 木 (tree) + 寸 (thumb)"
Beginner,HSK 1,Student Life and Cultural Experiences,QZ-HSK1-QT10-04,A Trip to the Countryside,幼儿园,kindergarten,Mẫu giáo,Noun,,"幼 = 幺 (short/tiny) + 力 (power/force)
儿 = 儿 (legs)"
Beginner,HSK 1,Student Life and Cultural Experiences,QZ-HSK1-QT10-04,A Trip to the Countryside,孩子,child,Trẻ em,Noun,,"孩 = 子 (child) + 亠 (lid) + 丨 (line) + ㇙ (N/A) + 人 (human)
子 = 子 (child)"
Beginner,HSK 1,Student Life and Cultural Experiences,QZ-HSK1-QT10-04,A Trip to the Countryside,跳舞,dance (as a performance),Múa,Separable verbs,,"跳 = ⻊ (foot) + 儿 (legs) + 冫 (ice)
舞 = 一 (one) + 卌 (forty) + 舛 (opposite)"
Beginner,HSK 1,Student Life and Cultural Experiences,QZ-HSK1-QT10-04,A Trip to the Countryside,农民,farmer,Nông dân,Noun,,"农 = 巾 (turban/scarf) + ㇒ (N/A) + ㇗ (N/A)
民 = 巳 (oneself) + ㇂ (N/A) + 一 (one)"
Beginner,HSK 1,Student Life and Cultural Experiences,QZ-HSK1-QT10-05,Talking About Winter,刮风,to blow (of wind),Gió thổi,Verb,,"刮 = 舌 (tongue) + 刂 (knife)
风 = 风 (wind)"
Beginner,HSK 1,Student Life and Cultural Experiences,QZ-HSK1-QT10-05,Talking About Winter,滑冰,ice-skating,Trượt băng,Noun,,"滑 = 氵 (water) + 骨 (bone)
冰 = 冫 (ice) + 水 (water)"
Beginner,HSK 1,Student Life and Cultural Experiences,QZ-HSK1-QT10-05,Talking About Winter,滑雪,skiing,Trượt tuyết,Verb,,"滑 = 氵 (water) + 骨 (bone)
雪 = 雨 (rain) + 彐 (pig snout)"
Beginner,HSK 1,Student Life and Cultural Experiences,QZ-HSK1-QT10-05,Talking About Winter,家乡,hometown,Quê hương,Noun,,"家 = 宀 (roof) + 豕 (pig)
乡 = 乙 (second) +丿 (bend)"
Beginner,HSK 1,Student Life and Cultural Experiences,QZ-HSK1-QT10-05,Talking About Winter,河,river,Sông,Noun,,"河 = 氵 (water) + 可 (can, possible)
可 = 口 (mouth) + 丂 (obstructed breath / sound)"
Beginner,HSK 1,Student Life and Cultural Experiences,QZ-HSK1-QT10-06,Climbing the Mountain,古老,age-old,Lâu đời,Adjective,,"古 = 十 (ten) + 口 (mouth)
老 = 老 (old)"
Beginner,HSK 1,Student Life and Cultural Experiences,QZ-HSK1-QT10-06,Climbing the Mountain,雄伟,magnificent,Hùng vĩ,Adjective,,"雄 = 𠂇 (left hand) + 厶 (private) + 隹 (small bird)
伟 = 亻 (human) + 韦 (tanned leather)"
Beginner,HSK 1,Student Life and Cultural Experiences,QZ-HSK1-QT10-06,Climbing the Mountain,地区,area,Khu vực,Noun,,"地 = 土 (earth) + 乚 (second) + ㇆ (N/A) + 丨 (line)
区 = 匚 (box) + 乂 (N/A)"
Beginner,HSK 1,Student Life and Cultural Experiences,QZ-HSK1-QT10-06,Climbing the Mountain,极了,extremely,Cực kỳ,Adjective,,"极 = 木 (tree) + ㇎ (N/A) + 丿 (bend) + ㇏ (N/A)
了 = ㇇ (N/A) + 亅 (hook)"
Beginner,HSK 1,Student Life and Cultural Experiences,QZ-HSK1-QT10-06,Climbing the Mountain,远处,distance,Khoảng cách,Adjective,,"远 = 辶 (walk) + 二 (two) + 儿 (legs)
处 = 夂 (go) + 卜 (divination)"
Beginner,HSK 1,Student Life and Cultural Experiences,QZ-HSK1-QT10-07,After the Soccer Match,踢平,Kick flat,Sút phẳng,Noun,,"踢 = ⻊ (foot) + 日 (sun/day) + 勹 (wrap)
平 = 干 (dry) + 丷 (eight/divide)"
Beginner,HSK 1,Student Life and Cultural Experiences,QZ-HSK1-QT10-07,After the Soccer Match,怪,blame,Trách,Verb,,怪 = 忄 (heart) + 又 (right hand) + 土 (earth)
Beginner,HSK 1,Student Life and Cultural Experiences,QZ-HSK1-QT10-07,After the Soccer Match,浪费,waste,Lãng phí,Verb,,"浪 = 氵 (water) + 艮 (stopping) + 丶 (dot)
费 = 弓 (bow) + ノ(left-falling stroke) + 丨(vertical stroke) + 贝 (shell)"
Beginner,HSK 1,Student Life and Cultural Experiences,QZ-HSK1-QT10-07,After the Soccer Match,射门,shoot (at the goal),Sút (ghi bàn),Verb,,"射 = 身 (body) + 寸 (thumb)
门 = 门 (gate)"
Beginner,HSK 1,Student Life and Cultural Experiences,QZ-HSK1-QT10-07,After the Soccer Match,机会,opportunity,Cơ hội,Noun,,"机 = 木 (tree) + 几 (table)
会 = 人 (human) + 二 (two) + 厶 (private)"
Beginner,HSK 1,Student Life and Cultural Experiences,QZ-HSK1-QT10-08,Travel Plans for Summer Vacation,暑假, summer vacation,#N/A,Noun,,"暑 = 日 (sun/day) + 耂 (old) + 日 (sun/day)
假 = 亻 (human) + 尸 (corpse) + 二 (two) + 又 (right hand)"
Beginner,HSK 1,Student Life and Cultural Experiences,QZ-HSK1-QT10-08,Travel Plans for Summer Vacation,云南,Yunnan (province),Vân Nam,Noun,,"云 = 二 (two) + 厶 (private)
南 = 十 (ten) + 冂 (upside down box) + 丷 (eight/divide) + 干 (dry)"
Beginner,HSK 1,Student Life and Cultural Experiences,QZ-HSK1-QT10-08,Travel Plans for Summer Vacation,美,beautiful,Đẹp,Adjective,,美 = 羊 (sheep) + 大 (big)
Beginner,HSK 1,Student Life and Cultural Experiences,QZ-HSK1-QT10-08,Travel Plans for Summer Vacation,少数,few,Ít,Noun,,"少 = 小 (small) + 丿 (bend)
数 = 米 (rice) + 女 (woman) + ⺙ (knock)"
Beginner,HSK 1,Student Life and Cultural Experiences,QZ-HSK1-QT10-08,Travel Plans for Summer Vacation,民族,nation,Dân tộc,Noun,,"民 = 巳 (oneself) + ㇂ (N/A) + 一 (one)
族 = 方 (square/raft) + 丿 (bend) + 一 (one) + 矢 (arrow)"
Beginner,HSK 1,Student Life and Cultural Experiences,QZ-HSK1-QT10-08,Travel Plans for Summer Vacation,文化,culture; civilization,Văn hóa,Noun,,"文 = 文 (script/literature) 
化 = 亻 (human) + 匕 (spoon)"
Beginner,HSK 1,Student Life and Cultural Experiences,QZ-HSK1-QT10-08,Travel Plans for Summer Vacation,听起来,sound,Âm thanh, verb,,"听 = 口 (mouth) + 斤 (axe 
起 = 走 (run) + 己 (oneself)
来 = 木 (tree) + 一 (one) + 丷 (eight/divide)"
Beginner,HSK 1,Student Life and Cultural Experiences,QZ-HSK1-QT10-08,Travel Plans for Summer Vacation,丽江,Lijiang,Lệ Giang,Proper noun,,"丽 = 一 (one) + 冂 (upside down box)  + 丶(dot)
江 = 氵 (water) + 工 (work)"
Beginner,HSK 1,Student Life and Cultural Experiences,QZ-HSK1-QT10-08,Travel Plans for Summer Vacation,大理,dali city,Đại Lý,noun,,"大 = 大 (big)
理 = 王 (jade) +  里 (village/mile)"
Beginner,HSK 1,Student Life and Cultural Experiences,QZ-HSK1-QT10-08,Travel Plans for Summer Vacation,慢慢,slowly,Chậm rãi,Adverb,,慢 = 忄 (heart) + 日 (sun/day) +  罒 (net) + 又 (right hand)
Beginner,HSK 1,Student Life and Cultural Experiences,QZ-HSK1-QT10-09,Plans After Graduation,研究生,postgraduate,Nghiên cứu sinh,Noun,,"研 = 石 (stone) + 一 (one) + 廾 (N/A)
究 = 穴 (cave) + 丿 (bend) + ㇈ (N/A)
生 = 生 (life)"
Beginner,HSK 1,Student Life and Cultural Experiences,QZ-HSK1-QT10-09,Plans After Graduation,节奏,tempo,Nhịp độ,adjective,,"节 = 艹 (grass) + ㇆ (N/A) + 丨 (line)
奏 = 一 (one) + 二 (two) + 丨 (line) + 八 (eight/divide) + 一 (one) + 大 (big)"
Beginner,HSK 1,Student Life and Cultural Experiences,QZ-HSK1-QT10-09,Plans After Graduation,年轻人,young people,Người trẻ,Noun,,"轻 = 车 (car) + 龴 + 工 (work)
人 = 人 (human)"
Beginner,HSK 1,Student Life and Cultural Experiences,QZ-HSK1-QT10-09,Plans After Graduation,读,study,Học,Verb,,读 = 讠 (speech) + 十 (ten) + 大 (big) + ⺀ (dot)
Beginner,HSK 1,Student Life and Cultural Experiences,QZ-HSK1-QT10-09,Plans After Graduation,发展,develop,Phát triển,Verb,,"发 = 丨 (line) -+ 丶 (dot) + 又 (right hand)
展 = 尸 (corpse) + 艹 (grass) + 一 (one) + 乚 (second)"
Beginner,HSK 1,Student Life and Cultural Experiences,QZ-HSK1-QT10-10,Why Learn Chinese?,决定,decide,Quyết định,Verb,,"决 = 冫 (ice) + 丨 (line) + 人 (human) + 𠃍 (vertical bend stroke) + 一 (one)
定 = 宀 (roof) +  一 (one) + 龰 (N/A)"
Beginner,HSK 1,Student Life and Cultural Experiences,QZ-HSK1-QT10-10,Why Learn Chinese?,世界,world,Thế giới,Noun,,"世 = ㇗ (N/A) + 廿 (two hands/twenty)
界 = 田 (field) + 人 (human) + ノ(left-falling stroke) + 丨(vertical stroke)"
Beginner,HSK 1,Student Life and Cultural Experiences,QZ-HSK1-QT10-10,Why Learn Chinese?,使用,use,Sử dụng,Verb,,"使 = 亻 (human) + 十 (ten) + 口 (mouth) + 丨 (line) + 乂 (N/A)
用 = 用 (use)"
Beginner,HSK 1,Student Life and Cultural Experiences,QZ-HSK1-QT10-10,Why Learn Chinese?,人数,number of people,Số người,Noun,,"人 = 人 (human)
数 = 米 (rice) + 女 (woman) + ⺙ (knock)"
Beginner,HSK 1,Student Life and Cultural Experiences,QZ-HSK1-QT10-10,Why Learn Chinese?,之一,one of (sth),Một trong,Noun,,"之 =王 (jade) + 丶 (dot) + 戈 (spear) 
一 = 一 (one)"
Beginner,HSK 1,Student Life and Cultural Experiences,QZ-HSK1-QT10-10,Why Learn Chinese?,交流,communicate,Giao tiếp,Verb,,"交 = 亠 (lid) + 八 (eight/divide) + 乂 (N/A)
流 = 氵 (water) + 亠 (lid) + 厶 (private) + 儿 (legs) + 丨 (line)"
Beginner,HSK1,Daily Communication,QZ-HSK1-QT11-01,It's weekend,几,what (used for asking day/date),Ngày mấy,interrogative pronoun,,几 (what) = 𠂇 (table; support) + 丿 (slash)
Beginner,HSK1,Daily Communication,QZ-HSK1-QT11-01,It's weekend,号,date (day of month),Ngày (trong tháng),noun,,号 (date) = 口 (mouth) + 丂 (breath; sound)
Beginner,HSK1,Daily Communication,QZ-HSK1-QT11-01,It's weekend,九月,September,Tháng Chín,noun,,"九月 (September) = 九 (nine) + 月 (moon; month)  
九 (nine) = 乙 (second) + 丿 (slash)"
Beginner,HSK1,Daily Communication,QZ-HSK1-QT11-01,It's weekend,星期,day (of the week),Thứ,noun,,"星期 (week) = 星 (star) + 期 (period; time)  
星 (star) = 日 (sun) + 生 (birth)  
期 (period; time) = 其 (it; that) + 月 (moon)"
Beginner,HSK1,Daily Communication,QZ-HSK1-QT11-01,It's weekend,星期五,Friday,Thứ Sáu,noun,,"星期五 (Friday) = 星期 (week) + 五 (five)  
星期 (week) = 星 (star) + 期 (period; time)  
星 (star) = 日 (sun) + 生 (birth)  
期 (period; time) = 其 (it; that) + 月 (moon)  
五 (five) = 二 (two) + 三 (three)"
Beginner,HSK1,Daily Communication,QZ-HSK1-QT11-02,Let's go to the playground,星期六,Saturday,Thứ Bảy,noun,,"星期六 (Saturday) = 星期 (week) + 六 (six)  
星期 (week) = 星 (star) + 期 (period; time)  
星 (star) = 日 (sun) + 生 (birth)  
期 (period; time) = 其 (it; that) + 月 (moon)  
六 (six) = 亠 (lid) + 八 (eight)"
Beginner,HSK1,Daily Communication,QZ-HSK1-QT11-02,Let's go to the playground,操场,playground,Sân chơi,noun,,"操场 (playground) = 操 (operate) + 场 (field)  
操 (operate) = 扌 (hand) + 喿 (noisy; many trees)  
喿 (noisy) = 品 (many mouths) + 木 (tree)  
场 (field) = 土 (earth) + 昜 (sunlight; open)"
Beginner,HSK1,Daily Communication,QZ-HSK1-QT11-02,Let's go to the playground,即将,about,Khoảng,adverb,,"即将 (be about to) = 即 (approach) + 将 (will; about to)  
即 (approach) = 卩 (seal) + 皀 (fragrant; white)  
将 (will; about to) = 爿 (bed board) + 丬 (split wood) + 寸 (inch)"
Beginner,HSK1,Daily Communication,QZ-HSK1-QT11-02,Let's go to the playground,风,wind,Gió,noun,,风 (wind) = 几 (table; support) + 虫 (insect)
Beginner,HSK1,Daily Communication,QZ-HSK1-QT11-02,Let's go to the playground,吹,blow,Thổi,verb,,吹 (to blow) = 口 (mouth) + 欠 (to yawn; to exhale)
Beginner,HSK1,Daily Communication,QZ-HSK1-QT11-03,Wonderul manager,精彩,wonderful,Tuyệt vời,adjective,,"精彩 (wonderful) = 精 (essence) + 彩 (color)  
精 (essence) = 米 (rice) + 青 (green; pure)  
彩 (color) = 彡 (hair; pattern) + 采 (to pick)"
Beginner,HSK1,Daily Communication,QZ-HSK1-QT11-03,Wonderul manager,经理,manager,Quản lý,noun,,"经理 (manager) = 经 (manage) + 理 (reason)  
经 (manage) = 纟 (silk) + 圣 (holy; wise)  
理 (reason) = 王 (jade; principle) + 里 (inside)"
Beginner,HSK1,Daily Communication,QZ-HSK1-QT11-03,Wonderul manager,欢迎,welcome,Chào mừng,verb,,"欢迎 (welcome) = 欢 (joy) + 迎 (to greet)  
欢 (joy) = 又 (hand) + 欠 (to yawn; to exhale)  
迎 (to greet) = 辶 (walk) + 卬 (to lift; raise)"
Beginner,HSK1,Daily Communication,QZ-HSK1-QT11-03,Wonderul manager,职位,position,Vị trí,noun,,"职位 (position) = 职 (duty) + 位 (position)  
职 (duty) = 耳 (ear) + 只 (only)  
位 (position) = 亻 (person) + 立 (stand)"
Beginner,HSK1,Daily Communication,QZ-HSK1-QT11-03,Wonderul manager,刚才,just now,Vừa rồi,adverb,,"刚才 (just now) = 刚 (just) + 才 (just; only)  
刚 (just) = 冈 (ridge) + 刀 (knife)  
才 (only) = 一 (one) + 丿 (slash)"
Beginner,HSK1,Daily Communication,QZ-HSK1-QT11-04,It's new month,下个月,next month,Tháng sau,noun phrase,,"下个月 (next month) = 下个 (next) + 月 (month)  
下个 (next) = 下 (down) + 个 (measure word)  
下 (down) = 一 (one) + 卜 (divine)  
个 (measure word) = 人 (person) + 丶 (dot)"
Beginner,HSK1,Daily Communication,QZ-HSK1-QT11-04,It's new month,二月,February,Tháng Hai,noun,,二月 (February) = 二 (two) + 月 (month; moon)
Beginner,HSK1,Daily Communication,QZ-HSK1-QT11-04,It's new month,度假,vacation,Kỳ nghỉ,verb,,"度假 (vacation) = 度 (to spend) + 假 (holiday)  
度 (to spend) = 广 (house) + 廿 (twenty) + 又 (hand)  
假 (holiday) = 亻 (person) + 叚 (borrow; false)"
Beginner,HSK1,Daily Communication,QZ-HSK1-QT11-04,It's new month,环境,environment,Môi trường,noun,,"环境 (environment) = 环 (ring; surroundings) + 境 (border; situation)  
环 (ring) = 王 (jade) + 不 (not)  
境 (border) = 土 (earth) + 竟 (finish; complete)  
竟 (finish) = 音 (sound) + 儿 (child)"
Beginner,HSK2,Daily Communication,QZ-HSK1-QT11-04,It's new month,重要,concern,Quan tâm,adjective,,"重要 (important) = 重 (heavy) + 要 (want; essential)  
重 (heavy) = 千 (thousand) + 里 (mile)  
要 (want) = 西 (west) + 女 (woman)"
Beginner,HSK1,Daily Communication,QZ-HSK1-QT11-05,What will you do?,三月,March,Tháng Ba,noun,,三月 (March) = 三 (three) + 月 (month; moon)
Beginner,HSK1,Daily Communication,QZ-HSK1-QT11-05,What will you do?,机场,airport,Sân bay,noun,,"机场 (airport) = 机 (machine) + 场 (field)  
机 (machine) = 木 (wood) + 几 (table; support)  
场 (field) = 土 (earth) + 昜 (sunlight; open)"
Beginner,HSK1,Daily Communication,QZ-HSK1-QT11-05,What will you do?,做,make,Làm,verb,,"做 (makeup) = 亻 (person) + 故 (reason; old)  
故 (reason) = 古 (ancient) + 攵 (action)"
Beginner,HSK1,Daily Communication,QZ-HSK1-QT11-05,What will you do?,日历,calendar,Lịch,noun,,"日历 (calendar) = 日 (sun; day) + 历 (experience; pass)  
历 (experience) = 厂 (cliff) + 力 (strength)"
Beginner,HSK2,Daily Communication,QZ-HSK1-QT11-05,What will you do?,笔记,note,Ghi chú,noun,,"笔记 (notes) = 笔 (pen) + 记 (record)  
笔 (pen) = 竹 (bamboo) + 毛 (hair)  
记 (record) = 讠 (speech) + 己 (self)"
Beginner,HSK1,Daily Communication,QZ-HSK1-QT11-06,In the living room,睡觉前,before sleep,Trước khi ngủ,prepositional phrase,,"睡觉前 (before sleeping) = 睡觉 (sleep) + 前 (before)  
睡觉 (sleep) = 睡 (to sleep) + 觉 (feel; sleep)  
睡 (to sleep) = 目 (eye) + 垂 (to hang)  
觉 (sleep) = 见 (see) + 冖 (cover)  
前 (before) = ⺧ (cow) + 刀 (knife) + 月 (moon)"
Beginner,HSK1,Daily Communication,QZ-HSK1-QT11-06,In the living room,散步,take a walk,Đi dạo,verb,,"散步 (to take a walk) = 散 (to scatter) + 步 (step)  
散 (scatter) = 攵 (action) + 𢿱 (meal; break apart)  
步 (step) = 止 (stop) + 少 (few)"
Beginner,HSK1,Daily Communication,QZ-HSK1-QT11-06,In the living room,买,buy,Mua,verb,,买 (to buy) = 𠂊 (net) + 头 (head)
Beginner,HSK1,Daily Communication,QZ-HSK1-QT11-06,In the living room,面膜,mask,Khẩu trang,noun,,"面膜 (mask) = 面 (face) + 膜 (membrane)  
面 (face) = 囗 (enclosure) + 因 (cause)  
膜 (membrane) = 月 (flesh) + 莫 (do not; cover)"
Beginner,HSK1,Daily Communication,QZ-HSK1-QT11-06,In the living room,护肤霜,cream,Kem,noun,,"护肤霜 (skin cream) = 护 (protect) + 肤 (skin) + 霜 (cream)  
护 (protect) = 扌 (hand) + 户 (door)  
肤 (skin) = 月 (flesh) + 夫 (man)  
霜 (cream) = 雨 (rain) + 相 (mutual)"
Beginner,HSK1,Daily Communication,QZ-HSK1-QT11-07,What do you choose?,听,listen,Nghe,verb,,听 (to listen) = 口 (mouth) + 斤 (axe)
Beginner,HSK1,Daily Communication,QZ-HSK1-QT11-07,What do you choose?,韩流音乐,K-pop (Korean pop music),nhạc K-pop,noun,,"韩流音乐 (K-pop) = 韩 (Korea) + 流 (flow) + 音乐 (music)  
韩 (Korea) = ⻏ (city) + 韋 (tanned leather)  
流 (flow) = 氵 (water) + 㐬 (stream)  
音乐 (music) = 音 (sound) + 乐 (joy)  
音 (sound) = 立 (stand) + 日 (sun)  
乐 (joy) = 丿 (slash) + 木 (wood)"
Beginner,HSK1,Daily Communication,QZ-HSK1-QT11-07,What do you choose?,上网,surf the internet,Lướt mạng,verb phrase,,"上网 (go online) = 上 (up) + 网 (net)  
上 (up) = 一 (one) + 丨 (line)  
网 (net) = 罒 (net radical) + 冂 (open)"
Beginner,HSK1,Daily Communication,QZ-HSK1-QT11-07,What do you choose?,抖音,Douyin (Chinese TikTok),TikTok Trung Quốc,noun,,"抖音 (Douyin) = 抖 (to shake) + 音 (sound)  
抖 (shake) = 扌 (hand) + 寺 (temple)  
音 (sound) = 立 (stand) + 日 (sun)"
Beginner,HSK1,Daily Communication,QZ-HSK1-QT11-07,What do you choose?,微博,Weibo (Chinese social media),Weibo,noun,,"微博 (Weibo) = 微 (micro) + 博 (broad)  
微 (micro) = 彳 (step) + 山 (mountain) + 攵 (action)  
博 (broad) = 十 (ten) + 尃 (spread)"
Beginner,HSK1,Daily Communication,QZ-HSK1-QT11-08,My puppy is here,小猫,kitten,Mèo con,noun,,"小猫 (kitten) = 小 (small) + 猫 (cat)  
猫 (cat) = 犭 (animal) + 苗 (sprout)"
Beginner,HSK1,Daily Communication,QZ-HSK1-QT11-08,My puppy is here,那边,over there,Ở đằng kia,adverb ,,"那边 (there) = 那 (that) + 边 (side)  
那 (that) = ⻏ (place) + 奴 (female servant)  
边 (side) = 辶 (walk) + 力 (strength)"
Beginner,HSK1,Daily Communication,QZ-HSK1-QT11-08,My puppy is here,小狗,puppy,Chó con,noun,,"小狗 (puppy) = 小 (small) + 狗 (dog)  
狗 (dog) = 犭 (animal) + 句 (sentence)"
Beginner,HSK1,Daily Communication,QZ-HSK1-QT11-08,My puppy is here,椅子,chair,Ghế,noun,,"椅子 (chair) = 椅 (chair) + 子 (child; noun suffix)  
椅 (chair) = 木 (wood) + 奇 (strange)"
Beginner,HSK1,Daily Communication,QZ-HSK1-QT11-08,My puppy is here,下面,under,Dưới,preposition ,,"下面 (below) = 下 (down) + 面 (surface)  
下 (down) = 一 (one) + 卜 (divine)  
面 (surface) = 囗 (enclosure) + 因 (cause)"
Beginner,HSK1,Daily Communication,QZ-HSK1-QT11-09,Who's that?,前面,before,Trước,preposition,,"前面 (front) = 前 (before) + 面 (surface)  
前 (before) = ⺧ (cow) + 刀 (knife) + 月 (moon)  
面 (surface) = 囗 (enclosure) + 因 (cause)"
Beginner,HSK1,Daily Communication,QZ-HSK1-QT11-09,Who's that?,电影团队,film crew,Đoàn làm phim,noun,,"电影团队 (film team) = 电影 (film) + 团队 (team)  
电影 (film) = 电 (electric) + 影 (shadow)  
电 (electric) = 日 (sun) + 乚 (hidden)  
影 (shadow) = 景 (scenery) + 彡 (hair; pattern)  
团队 (team) = 团 (group) + 队 (team)  
团 (group) = 囗 (enclosure) + 才 (talent)  
队 (team) = 阝 (mound) + 人 (person)"
Beginner,HSK1,Daily Communication,QZ-HSK1-QT11-09,Who's that?,工作,work,Làm việc,verb ,,"工作 (work) = 工 (work) + 作 (do)  
作 (do) = 亻 (person) + 乍 (suddenly)"
Beginner,HSK1,Daily Communication,QZ-HSK1-QT11-09,Who's that?,后面,after,Sau,preposition,,"后面 (after) = 后 (behind) + 面 (surface)  
后 (behind) = 一 (one) + 口 (mouth) + 人 (person)  
面 (surface) = 囗 (enclosure) + 因 (cause)"
Beginner,HSK1,Daily Communication,QZ-HSK1-QT11-09,Who's that?,特技演员,cascadeur,Diễn viên đóng thế,noun,,"特技演员 (cascadeur) = 特技 (stunt) + 演员 (actor)  
特技 (stunt) = 特 (special) + 技 (skill)  
特 (special) = 牜 (cow) + 寺 (temple)  
技 (skill) = 扌 (hand) + 支 (support)  
演员 (actor) = 演 (perform) + 员 (member)  
演 (perform) = 氵 (water) + 寅 (tiger sign)  
员 (member) = 口 (mouth) + 贝 (shell)"
Beginner,HSK1,Daily Communication,QZ-HSK1-QT11-10,Choosing outfit,午夜,midnight,Nửa đêm,adjective,,午夜 (midnight) = 午 (noon) + 夜 (night)  
Beginner,HSK1,Daily Communication,QZ-HSK1-QT11-10,Choosing outfit,穿,wear,Mặc,verb,,穿 (to wear) = 穴 (cave) + 牙 (tooth)
Beginner,HSK1,Daily Communication,QZ-HSK1-QT11-10,Choosing outfit,衣服,outfit,Trang phục,noun,,"衣服 (clothes) = 衣 (clothing) + 服 (garment)  
衣 (clothing) = 亠 (lid) + 𧘇 (clothes radical)  
服 (garment) = 月 (flesh) + 卩 (seal)"
Beginner,HSK1,Daily Communication,QZ-HSK1-QT11-10,Choosing outfit,闪亮,blink,Chớp mắt,adjective,,"闪亮 (shiny) = 闪 (flash) + 亮 (bright)  
闪 (flash) = 门 (door) + 人 (person)  
亮 (bright) = 高 (tall) + 几 (table)"
Beginner,HSK1,Daily Communication,QZ-HSK1-QT11-10,Choosing outfit,典礼,ceremony,Lễ,noun,,"典礼 (ceremony) = 典 (canon; ceremony) + 礼 (rite)  
典 (canon) = 曲 (bent) + 册 (book)  
礼 (rite) = 礻 (spirit) + 豆 (vessel)"
Beginner,HSK1,Time and moment,QZ-HSK1-QT12-01,What time is it?,现在,now,Bây giờ,Adverb,,现在 (now) = 现 (present) + 在 (at)
Beginner,HSK1,Time and moment,QZ-HSK1-QT12-01,What time is it?,点,time,Thời gian,noun,,点 (hour/time) = 占 (point/mark) + 灬 (fire/dot)
Beginner,HSK1,Time and moment,QZ-HSK1-QT12-01,What time is it?,半 ,half (hour) - informal,Nửa giờ (khẩu ngữ),adjective,,半 (half) = 八 (divide) + 十 (ten)
Beginner,HSK1,Time and moment,QZ-HSK1-QT12-01,What time is it?,画画,painting,Bức tranh,verb,,画画 (painting) = 画 (to draw) + 画 (picture)
Beginner,HSK1,Time and moment,QZ-HSK1-QT12-01,What time is it?,快,nearly,Gần như,Adverb,,快 (nearly) = 忄 (heart/feeling) + 夬 (decisive/quick)
Beginner,HSK1,Time and moment,QZ-HSK1-QT12-02,It's my birthday,整,exactly,Chính xác,Adverb,,整 (exactly) = 正 (correct) + 攵 (action/strike)
Beginner,HSK1,Time and moment,QZ-HSK1-QT12-02,It's my birthday,生日,birthday,Sinh nhật,noun,,生日 (birthday) = 生 (birth) + 日 (day)
Beginner,HSK1,Time and moment,QZ-HSK1-QT12-02,It's my birthday,三十分,half (hour) - formal,Nửa giờ (trang trọng),adjective,,三十分 (thirty minutes) = 三十 (thirty) + 分 (minute)
Beginner,HSK1,Time and moment,QZ-HSK1-QT12-02,It's my birthday,体育场,stadium,Sân vận động,noun,,"体育场 (stadium) = 体育 (sports) + 场 (field/place)
体育 (sports) = 体 (body) + 育 (education) "
Beginner,HSK1,Time and moment,QZ-HSK1-QT12-02,It's my birthday,庆祝,celebrate,Kỷ niệm,verb,,庆祝 (celebrate) = 庆 (celebrate) + 祝 (wish)
Beginner,HSK1,Time and moment,QZ-HSK1-QT12-03,Travel in the capital,首都,capital,Thủ đô,noun,,首都 (capital) = 首 (head) + 都 (city)
Beginner,HSK1,Time and moment,QZ-HSK1-QT12-03,Travel in the capital,住,stay,Ở lại,verb,,住 (stay) = 亻 (person) + 主 (main/master)
Beginner,HSK1,Time and moment,QZ-HSK1-QT12-03,Travel in the capital,星期,week,Tuần,noun,,星期 (week) = 星 (star) + 期 (period)
Beginner,HSK1,Time and moment,QZ-HSK1-QT12-03,Travel in the capital,下,next,Tiếp theo,adjective,,下 (next) = 一 (ground line) + 卜 (divine/decide)
Beginner,HSK1,Time and moment,QZ-HSK1-QT12-03,Travel in the capital,派对,party,Bữa tiệc,noun,,"派对 (party) = 派 (faction) + 对 (pair)  
派 (faction) = 氵 (water) + 𣏟 (branch)  
对 (pair) = 寸 (inch) + 又 (hand)"
Beginner,HSK1,Time and moment,QZ-HSK1-QT12-04,School assignment,作业,assignment,Bài tập,noun,,作业 (assignment) = 作 (do) + 业 (work)
Beginner,HSK1,Time and moment,QZ-HSK1-QT12-04,School assignment,演讲,presentation,Thuyết trình,noun,,演讲 (presentation) = 演 (perform) + 讲 (speak)
Beginner,HSK1,Time and moment,QZ-HSK1-QT12-04,School assignment,还,left (hour),Còn lại (giờ),adjective,,还 (left) = 辶 (walk/move) + 不 (not) + 子 (child)
Beginner,HSK1,Time and moment,QZ-HSK1-QT12-04,School assignment,交,submit,Nộp,verb,,"交 (submit) = từ đơn, nghĩa là giao, nộp"
Beginner,HSK1,Time and moment,QZ-HSK1-QT12-04,School assignment,中午,midnoon,Giữa trưa,noun,,中午 (midnoon) = 中 (middle) + 午 (noon)
Beginner,HSK1,Time and moment,QZ-HSK1-QT12-05,When will he arrive?,鞋,shoes,Giày,noun,,鞋 (shoes) = 革 (leather radical) + 圭 (jade/tablet)
Beginner,HSK1,Time and moment,QZ-HSK1-QT12-05,When will he arrive?,院子,courtyard,Sân,noun,,院子 (courtyard) = 院 (yard/court) + 子 (suffix for noun)
Beginner,HSK1,Time and moment,QZ-HSK1-QT12-05,When will he arrive?,没门儿,no way,Không thể nào,interjection,,没门儿 (no way) = 没 (no) + 门儿 (door/opportunity)
Beginner,HSK1,Time and moment,QZ-HSK1-QT12-05,When will he arrive?,公司,business,Kinh doanh,noun,,公司 (company/business) = 公 (public) + 司 (manage)
Beginner,HSK1,Time and moment,QZ-HSK1-QT12-05,When will he arrive?,回,come back,Quay lại,verb,,"回 (return/come back) = từ đơn, nghĩa là quay lại"
Beginner,HSK1,Time and moment,QZ-HSK1-QT12-06,A rattle drum class,拨浪鼓,rattle drum,Trống lắc tay,noun,,拨浪鼓 (rattle drum) = 拨 (twist) + 浪 (wave/swing) + 鼓 (drum)
Beginner,HSK1,Time and moment,QZ-HSK1-QT12-06,A rattle drum class,课程,courses,Các khóa học,noun,,课程 (course) = 课 (lesson) + 程 (process)
Beginner,HSK1,Time and moment,QZ-HSK1-QT12-06,A rattle drum class,大师,master,Thạc sĩ,noun,,大师 (master) = 大 (great) + 师 (teacher/master)
Beginner,HSK1,Time and moment,QZ-HSK1-QT12-06,A rattle drum class,学期,semester,Học kỳ,noun,,学期 (semester) = 学 (study) + 期 (period)
Beginner,HSK1,Time and moment,QZ-HSK1-QT12-06,A rattle drum class,速成课,crash,Va chạm,noun,,速成课 (crash course) = 速 (fast) + 成 (complete) + 课 (lesson)
Beginner,HSK1,Time and moment,QZ-HSK1-QT12-07,I love table tennis,兴趣爱好,hobby,Sở thích,noun,,兴趣爱好 (hobby) = 兴趣 (interest) + 爱好 (hobby/like) = 兴 (interest) + 趣 (fun) + 爱 (love) + 好 (like)
Beginner,HSK1,Time and moment,QZ-HSK1-QT12-07,I love table tennis,运动,sport,Thể thao,noun,,运动 (sport) = 运 (move) + 动 (motion)
Beginner,HSK1,Time and moment,QZ-HSK1-QT12-07,I love table tennis,网球,tennis,Quần vợt,noun,,网球 (tennis) = 网 (net) + 球 (ball)
Beginner,HSK1,Time and moment,QZ-HSK1-QT12-07,I love table tennis,最,most,Phần lớn,adverb,,"最 (most) = từ đơn, nghĩa là nhất, cực kỳ"
Beginner,HSK1,Time and moment,QZ-HSK1-QT12-07,I love table tennis,乒乓球,table tennis,Bóng bàn,noun,,乒乓球 (table tennis) = 乒 (ping) + 乓 (pong) + 球 (ball)
Beginner,HSK1,Time and moment,QZ-HSK1-QT12-08,I'm going to buy things,酒杯,goblet,Ly rượu,noun,,酒杯 (goblet) = 酒 (wine) + 杯 (cup)
Beginner,HSK1,Time and moment,QZ-HSK1-QT12-08,I'm going to buy things,古代,antique,Đồ cổ,noun,,古代 (ancient) = 古 (ancient) + 代 (era)
Beginner,HSK1,Time and moment,QZ-HSK1-QT12-08,I'm going to buy things,雪人,snowman,Người tuyết,noun,,雪人 (snowman) = 雪 (snow) + 人 (person)
Beginner,HSK1,Time and moment,QZ-HSK1-QT12-08,I'm going to buy things,机器人,robot,Robot,noun,,机器人 (robot) = 机 (machine) + 器 (device) + 人 (person)
Beginner,HSK1,Time and moment,QZ-HSK1-QT12-08,I'm going to buy things,打扫,clean,Sạch,verb,,打扫 (clean) = 打 (do/strike) + 扫 (sweep)
Beginner,HSK1,Time and moment,QZ-HSK1-QT12-09,I have indigestion,胃不舒服,indigestion,Khó tiêu,noun,,胃不舒服 (indigestion) = 胃 (stomach) + 不 (not) + 舒 (comfortable) + 服 (body)
Beginner,HSK1,Time and moment,QZ-HSK1-QT12-09,I have indigestion,医院,hospital,Bệnh viện,noun,,医院 (hospital) = 医 (medical) + 院 (institution)
Beginner,HSK1,Time and moment,QZ-HSK1-QT12-09,I have indigestion,院长,director,Giám đốc,noun,,院长 (director) = 院 (institution) + 长 (chief/head)
Beginner,HSK1,Time and moment,QZ-HSK1-QT12-09,I have indigestion,医务室,medical room,Phòng y tế,noun,,医务室 (medical room) = 医务 (medical affairs) + 室 (room) = 医 (medical) + 务 (affair) + 室 (room)
Beginner,HSK1,Time and moment,QZ-HSK1-QT12-09,I have indigestion,希望,wish,Ước,adjective,,希望 (wish) = 希 (hope) + 望 (look forward)
Beginner,HSK1,Time and moment,QZ-HSK1-QT12-10,That's so romantic,浪漫,romantic,Lãng mạn,verb,,浪漫 (romantic) = 浪 (wave) + 漫 (overflowing/free)
Beginner,HSK1,Time and moment,QZ-HSK1-QT12-10,That's so romantic,结婚,get married,Kết hôn,verb phrase,,结婚 (get married) = 结 (tie) + 婚 (marriage)
Beginner,HSK1,Time and moment,QZ-HSK1-QT12-10,That's so romantic,求婚,proposal,Cầu hôn,noun,,求婚 (proposal) = 求 (ask) + 婚 (marriage)
Beginner,HSK1,Time and moment,QZ-HSK1-QT12-10,That's so romantic,半夜,midnight,Nửa đêm,noun,,半夜 (midnight) = 半 (half) + 夜 (night)
Beginner,HSK1,Time and moment,QZ-HSK1-QT12-10,That's so romantic,月光,moon,Mặt trăng,noun,,月光 (moonlight) = 月 (moon) + 光 (light)
Beginner,HSK1,Weather and atmosphere,QZ-HSK1-QT13-01,Weather in my province,省,province,Tỉnh,noun,,省 (province) = 少 (few) + 目 (eye)
Beginner,HSK1,Weather and atmosphere,QZ-HSK1-QT13-01,Weather in my province,新的,new,Mới,adjective,,"新 (new) = 亲 (relative) + 斤 (axe)  
亲 (relative) = 立 (stand) + 木 (tree)"
Beginner,HSK1,Weather and atmosphere,QZ-HSK1-QT13-01,Weather in my province,天气,weather,Thời tiết,noun,,"天气 (weather) = 天 (sky) + 气 (air)  
天 (sky) = 一 (one) + 大 (big)"
Beginner,HSK1,Weather and atmosphere,QZ-HSK1-QT13-01,Weather in my province,怎么样,how is,Thế nào,interrogative phrase,,"怎么样 (how is) = 怎 (how) + 么 (suffix) + 样 (appearance)  
怎 (how) = 心 (heart) + 乍 (suddenly)  
么 (suffix) = 厶 (private) + 丿 (slash)  
样 (appearance) = 木 (wood) + 羊 (sheep)"
Beginner,HSK1,Weather and atmosphere,QZ-HSK1-QT13-01,Weather in my province,原来的,old,Cũ,adjective,,"原来的 (old) = 原来 (original, former) + 的 (attributive particle)
原来 (originally) = 原 (origin) + 来 (come)"
Beginner,HSK1,Weather and atmosphere,QZ-HSK1-QT13-02,It's raining again,下雨,rain ,#N/A,verb phrase,,雨 (rain) = 一 (one) + 冂 (open) + 八 (eight) + 丶 (drop)
Beginner,HSK1,Weather and atmosphere,QZ-HSK1-QT13-02,It's raining again,来,come,Đến,verb,,来 (come) = 未 (not yet) + 丷 (two dots)
Beginner,HSK1,Weather and atmosphere,QZ-HSK1-QT13-02,It's raining again,讨厌,hate,Ghét,verb,,"讨厌 (hate) = 讨 (to dislike) + 厌 (disgusted)  
讨 (to dislike) = 讠 (speech) + 寸 (inch)  
厌 (disgusted) = 厂 (cliff) + 犬 (dog)"
Beginner,HSK1,Weather and atmosphere,QZ-HSK1-QT13-02,It's raining again,走路,walking,Đi bộ,verb / verb phrase,,"走路 (to walk) = 走 (walk; go) + 路 (road; path)  
走 (walk; go) = 土 (earth) + ⻊ (foot radical, simplified form of 足)  
路 (road; path) = 足 (foot) + 各 (each; every)  
各 (each; every) = 夂 (go) + 口 (mouth)"
Beginner,HSK1,Weather and atmosphere,QZ-HSK1-QT13-02,It's raining again,泥水,muddy water,Nước bùn,noun,,"泥水 (muddy water) = 泥 (mud) + 水 (water)  
泥 (mud) = 氵 (water) + 尼 (nun)  
尼 (nun) = 尸 (corpse) + 匕 (spoon)"
Beginner,HSK1,Weather and atmosphere,QZ-HSK1-QT13-03,My bad feeling,身体, feeling ,#N/A,noun,,"感觉 (feeling) = 感 (feel) + 觉 (sense)  
感 (feel) = 咸 (salty) + 心 (heart)  
觉 (sense) = 见 (see) + 冖 (cover)"
Beginner,HSK1,Weather and atmosphere,QZ-HSK1-QT13-03,My bad feeling,爱,felt like ,#N/A,verb,,爱 (felt like) = 爫 (claw) + 冖 (cover) + 心 (heart)  
Beginner,HSK1,Weather and atmosphere,QZ-HSK1-QT13-03,My bad feeling,多,plenty,Nhiều,adverb,,多 (plenty) = 夕 (evening) + 夕 (evening)
Beginner,HSK1,Weather and atmosphere,QZ-HSK1-QT13-03,My bad feeling,些,some,Một số,measure word,,"些 (some; a few) = 此 (this) + 二 (two)  
此 (this) = 止 (stop) + 匕 (spoon)"
Beginner,HSK1,Weather and atmosphere,QZ-HSK1-QT13-03,My bad feeling,凉茶,herbal tea,Trà thảo mộc,noun,,"凉茶 (herbal tea) = 凉 (cool) + 茶 (tea)  
凉 (cool) = 冫 (ice) + 京 (capital)  
茶 (tea) = 艹 (grass) + 人 (person) + 木 (tree)"
Beginner,HSK1,Weather and atmosphere,QZ-HSK1-QT13-03,My bad feeling,茶,tea,Trà,noun,,茶 (tea) = 艹 (grass) + 人 (person) + 木 (tree)
Beginner,HSK1,Weather and atmosphere,QZ-HSK1-QT13-04,I am at my workplace,工作上,workplace ,#N/A,noun phrase,,"工作上 (at work) = 工作 (work) + 上 (on; regarding)
工作 (work) = 工 (work; craft) + 作 (do; make)
作 (do; make) = 亻 (person) + 乍 (suddenly; to begin)
上 (on; above) = 一 (one) + 丄 (upward mark)"
Beginner,HSK1,Weather and atmosphere,QZ-HSK1-QT13-04,I am at my workplace,太,too ,#N/A,adverb,,太 (too) = 乚 (bend) + 匕 (spoon)
Beginner,HSK1,Weather and atmosphere,QZ-HSK1-QT13-04,I am at my workplace,紧张,nervous,Căng thẳng,adjective,,"紧张 (nervous) = 紧 (tight) + 张 (stretch)  
紧 (tight) = 纟 (silk) + 启 (open)  
张 (stretch) = 弓 (bow) + 长 (long)"
Beginner,HSK1,Weather and atmosphere,QZ-HSK1-QT13-04,I am at my workplace,一直,all the time ,#N/A,adverb,,"一直 (all the time) = 一 (one) + 直 (straight)  
直 (straight) = 十 (ten) + 目 (eye) + 丨 (line)"
Beginner,HSK1,Weather and atmosphere,QZ-HSK1-QT13-04,I am at my workplace,害羞,shy,Ngại,adjective,,"害羞 (shy) = 害 (harm; timid) + 羞 (shy)  
害 (harm) = 宀 (roof) + 丰 (abundant) + 口 (mouth)  
羞 (shy) = 羊 (sheep) + 丑 (ugly)"
Beginner,HSK1,Weather and atmosphere,QZ-HSK1-QT13-05,Weather in hometown,家乡,hometown,Quê hương,noun,,"家乡 (hometown) = 家 (home) + 乡 (village)  
家 (home) = 宀 (roof) + 豕 (pig)  
乡 (village) = 幺 (tiny) + 邑 (city)"
Beginner,HSK1,Weather and atmosphere,QZ-HSK1-QT13-05,Weather in hometown,正常,normal,Bình thường,adjective,,"正常 (normal) = 正 (correct) + 常 (usual)  
正 (correct) = 一 (one) + 止 (stop)  
常 (usual) = 尚 (still) + 巾 (cloth)"
Beginner,HSK1,Weather and atmosphere,QZ-HSK1-QT13-05,Weather in hometown,温和,mild,Ôn hòa,adjective,,"温和 (mild) = 温 (warm) + 和 (gentle)  
温 (warm) = 氵 (water) + 昷 (sunlight)  
和 (gentle) = 禾 (grain) + 口 (mouth)"
Beginner,HSK1,Weather and atmosphere,QZ-HSK1-QT13-05,Weather in hometown,也,also,Cũng,adverb,,也 (also) = 乚 (bend) + 匕 (spoon)
Beginner,HSK1,Weather and atmosphere,QZ-HSK1-QT13-05,Weather in hometown,凉快,cool,Mát,adjective,,"凉快 (cool) = 凉 (cool) + 快 (pleasant)  
凉 (cool) = 冫 (ice) + 京 (capital)  
快 (pleasant) = 忄 (heart) + 夬 (decide)"
Beginner,HSK1,Weather and atmosphere,QZ-HSK1-QT13-06,Bad for the earth,地球,earth,Trái đất,noun,,"地球 (earth) = 地 (earth; ground) + 球 (ball; globe)  
地 (earth) = 土 (earth) + 也 (also)  
球 (ball; globe) = 王 (jade) + 求 (to seek)"
Beginner,HSK1,Weather and atmosphere,QZ-HSK1-QT13-06,Bad for the earth,污染,polluted ,#N/A,verb ,,"污染 (polluted) = 污 (dirty) + 染 (to dye; to infect)  
污 (dirty) = 氵 (water) + 于 (in; at)  
染 (to dye) = 木 (wood) + 九 (nine) + 氵 (water)"
Beginner,HSK1,Weather and atmosphere,QZ-HSK1-QT13-06,Bad for the earth,塑料,plastic,Nhựa,noun (material),,"塑料 (plastic) = 塑 (mold; shape) + 料 (material)  
塑 (mold) = 土 (earth) + 朔 (north; first day of month)  
料 (material) = 米 (rice) + 斗 (measure)"
Beginner,HSK1,Weather and atmosphere,QZ-HSK1-QT13-06,Bad for the earth,袋,bag,Túi,noun,,"袋 (bag) = 代 (substitute) + 衣 (clothing)  
代 (substitute) = 亻 (person) + 弋 (shoot; strike)"
Beginner,HSK1,Weather and atmosphere,QZ-HSK1-QT13-06,Bad for the earth,垃圾,garbage ,#N/A,noun,,"垃圾 (garbage) = 垃 (trash) + 圾 (rubbish)  
垃 (trash) = 土 (earth) + 立 (stand)  
圾 (rubbish) = 土 (earth) + 及 (reach)"
Beginner,HSK1,Weather and atmosphere,QZ-HSK1-QT13-07,Good weather today,有点儿,a little bit,Một chút,adverb,,"有点儿 (a little bit) = 有 (to have) + 点 (dot; point) + 儿 (child; suffix)  
有 (to have) = 月 (moon; flesh) + 又 (again)  
点 (dot; point) = 黑 (black) + 占 (occupy)  
儿 (child; suffix) = 儿 (child radical)"
Beginner,HSK1,Weather and atmosphere,QZ-HSK1-QT13-07,Good weather today,新鲜,fresh,Trong lành,adjective,,"新鲜 (fresh) = 新 (new) + 鲜 (fresh; bright)  
新 (new) = 亲 (relative) + 斤 (axe)  
亲 (relative) = 立 (stand) + 木 (tree)  
鲜 (fresh) = 鱼 (fish) + 羊 (sheep)"
Beginner,HSK1,Weather and atmosphere,QZ-HSK1-QT13-07,Good weather today,蓝,blue,Màu xanh dương,adjective,,"蓝 (blue) = 艹 (grass) + 监 (supervise)  
监 (supervise) = 皿 (dish) + 㝉 (look over)"
Beginner,HSK1,Weather and atmosphere,QZ-HSK1-QT13-07,Good weather today,清楚,clear,Rõ ràng / Trong,adjective,,"清楚 (clear) = 清 (clear; pure) + 楚 (distinct; neat)  
清 (clear) = 氵 (water) + 青 (blue; green)  
楚 (distinct) = 林 (forest) + 疋 (cloth)"
Beginner,HSK1,Weather and atmosphere,QZ-HSK1-QT13-07,Good weather today,天空,sky,Bầu trời,noun,,"天空 (sky) = 天 (sky; heaven) + 空 (empty; space)  
天 (sky) = 一 (one) + 大 (big)  
空 (empty) = 穴 (cave) + 工 (work)"
Beginner,HSK1,Weather and atmosphere,QZ-HSK1-QT13-08,How is the weather?,霜,frost ,#N/A,verb,,"霜 (frost) = ⻗ (rain radical) + 相 (mutual; each other)  
相 (mutual) = 木 (tree) + 目 (eye)"
Beginner,HSK1,Weather and atmosphere,QZ-HSK1-QT13-08,How is the weather?,潮湿,damp,Ẩm,adjective,,"潮湿 (damp) = 潮 (tide; moist) + 湿 (wet; humid)  
潮 (tide) = 氵 (water) + 朝 (morning; dynasty)  
朝 (morning) = 日 (sun) + 月 (moon)  
湿 (wet) = 氵 (water) + 昜 (sunlight; bright)"
Beginner,HSK1,Weather and atmosphere,QZ-HSK1-QT13-08,How is the weather?,彩虹,rainbow,Cầu vồng,noun,,"彩虹 (rainbow) = 彩 (color) + 虹 (rainbow; arc)  
彩 (color) = 彡 (hair; pattern) + 采 (to pick)  
采 (to pick) = 爫 (claw) + 木 (tree)  
虹 (rainbow) = 虫 (insect) + 工 (work)"
Beginner,HSK1,Weather and atmosphere,QZ-HSK1-QT13-08,How is the weather?,干燥,dry,Khô,adjective,,"干燥 (dry) = 干 (dry) + 燥 (parched; arid)  
干 (dry) = 一 (one) + 十 (ten)  
燥 (parched) = 火 (fire) + 喿 (noisy; many trees)  
喿 (noisy) = 品 (many mouths) + 木 (tree)"
Beginner,HSK1,Weather and atmosphere,QZ-HSK1-QT13-08,How is the weather?,多云,cloudy,Có mây,adjective,,"多云 (cloudy) = 多 (many) + 云 (cloud)  
多 (many) = 夕 (evening) + 夕 (evening)  
云 (cloud) = 二 (two) + 厶 (private)"
Beginner,HSK1,Weather and atmosphere,QZ-HSK1-QT13-09,Better weather another day,乌云,dark cloud,Mây đen,noun,,"乌云 (dark cloud) = 乌 (black) + 云 (cloud)  
乌 (black) = 丿 (slash) + 鸟 (bird)  
云 (cloud) = 二 (two) + 厶 (private)"
Beginner,HSK1,Weather and atmosphere,QZ-HSK1-QT13-09,Better weather another day,暖和,warm,Ấm,adjective,,"暖和 (warm) = 暖 (warm) + 和 (gentle; mild)  
暖 (warm) = 日 (sun) + 爰 (love; affection)  
爰 (love; affection) = 爫 (claw) + 父 (father) + 又 (hand)  
和 (gentle; mild) = 禾 (grain) + 口 (mouth)"
Beginner,HSK1,Weather and atmosphere,QZ-HSK1-QT13-09,Better weather another day,太阳,sun,Mặt trời,noun,,"太阳 (sun) = 太 (great) + 阳 (sunlight; positive)  
太 (great) = 大 (big) + 丶 (dot)  
阳 (sunlight) = 阝 (mound) + 昜 (bright; sun)"
Beginner,HSK1,Weather and atmosphere,QZ-HSK1-QT13-09,Better weather another day,出来,sun rise ,#N/A,verb,,"出来 (to rise; come out) = 出 (to go out) + 来 (to come)  
出 (go out) = 屮 (sprout) + 凵 (container)  
来 (come) = 木 (tree) + 夊 (walk slowly)"
Beginner,HSK1,Weather and atmosphere,QZ-HSK1-QT13-09,Better weather another day,闷热,humid,Ẩm ướt,adjective,,"闷热 (humid) = 闷 (stuffy) + 热 (hot)  
闷 (stuffy) = 门 (door) + 心 (heart)  
热 (hot) = 执 (hold) + 灬 (fire radical)  
执 (hold) = 丸 (small ball) + 幸 (fortunate)"
Beginner,HSK1,Weather and atmosphere,QZ-HSK1-QT13-10,The thunder was so loud,打雷,thunder,Sấm,verb / noun,,"打雷 (thunder) = 打 (hit; strike) + 雷 (thunder)  
打 (hit) = 扌 (hand) + 丁 (nail)  
雷 (thunder) = ⻗ (rain) + 田 (field)"
Beginner,HSK1,Weather and atmosphere,QZ-HSK1-QT13-10,The thunder was so loud,闪电,lightning,Tia chớp,noun,,"闪电 (lightning) = 闪 (flash) + 电 (electricity)  
闪 (flash) = 门 (door) + 人 (person radical)  
电 (electricity) = 雨 (rain) + 乚 (stroke)"
Beginner,HSK1,Weather and atmosphere,QZ-HSK1-QT13-10,The thunder was so loud,暴雨,heavy rain,Mưa lớn,noun,,"暴雨 (rainstorm) = 暴 (violent; sudden) + 雨 (rain)  
暴 (violent) = 日 (sun) + 共 (together) + 水 (water)  
雨 (rain) = ⻗ (rain radical) + 水 (water; drops)"
Beginner,HSK1,Weather and atmosphere,QZ-HSK1-QT13-10,The thunder was so loud,声音,sound,Âm thanh,noun,,"声音 (sound) = 声 (sound; voice) + 音 (tone)  
声 (sound) = 士 (scholar) + 尸 (body) + 壬 (ninth heavenly stem)  
音 (tone) = 立 (stand) + 日 (sun)"
Beginner,HSK1,Weather and atmosphere,QZ-HSK1-QT13-10,The thunder was so loud,星星,star,Ngôi sao,noun,,"星星 (star) = 星 (star) + 星 (star; repeated for plural)  
星 (star) = 日 (sun) + 生 (birth)"
Beginner,HSK1,Doing many things,QZ-HSK1-QT14-01,We are doing differently,电视,television,Ti vi,noun,,"电视 (television) = 电 (electricity) + 视 (to see, vision)
电 (electricity) = ⻗ (rain radical) + 乚 (second stroke)
视 (to see, watch) = 见 (see) + 礻 (spirit radical)"
Beginner,HSK1,Doing many things,QZ-HSK1-QT14-01,We are doing differently,游泳馆,natatorium ,#N/A,noun,,"游泳馆 (natatorium) = 游泳 (to swim) + 馆 (building, hall)
游 (to swim, to wander) = 氵(water radical) + 斿 (to float, to travel)
泳 (to swim) = 氵(water) + 永 (forever)
馆 (building, hall) = 饣(food radical) + 官 (official, government)"
Beginner,HSK1,Doing many things,QZ-HSK1-QT14-01,We are doing differently,弹钢琴,play the piano,Chơi piano,verb phrase,,"弹钢琴 (play the piano) = 弹 (to play/pluck) + 钢琴 (piano)
弹 (to play; to shoot) = 弓 (bow) + 单 (single) 
钢 (steel) = 钅(metal radical) + 冈 (ridge)
琴 (string instrument) = 王 (jade) + 今 (now)"
Beginner,HSK1,Doing many things,QZ-HSK1-QT14-01,We are doing differently,睡觉,sleep,Ngủ,verb,,"睡觉 (to sleep) = 睡 (to sleep) + 觉 (to feel / to wake)
睡 (sleep) = 目 (eye) + 垂 (to hang down)
觉 (to feel / to sense / to wake) = ⺍ (child radical) + 见 (see)"
Beginner,HSK1,Doing many things,QZ-HSK1-QT14-01,We are doing differently,维生素,vitamin,Vitamin,noun,,"维生素 (vitamin) = 维 (to maintain) + 生 (life) + 素 (element)
维 (to maintain) = 纟(silk radical) + 隹 (short-tailed bird)
生 (life) 
素 (element, plain) = 纟(silk) + 生 (life)"
Beginner,HSK1,Doing many things,QZ-HSK1-QT14-02,What did you and me do?,拍照,take pictures,Chụp ảnh,verb phrase,,"拍照 (take picture) = 拍 (to clap; to take photo) + 照 (shine; photo)  
拍 (to clap) = 扌 (hand) + 白 (white)  
照 (shine) = 日 (sun) + 昭 (bright; illuminate)  "
Beginner,HSK1,Doing many things,QZ-HSK1-QT14-02,What did you and me do?,泳衣,swimming suit,Đồ bơi,noun,,"泳衣 (swimming suit) = 泳 (to swim) + 衣 (clothes)  
泳 (to swim) = 氵 (water) + 永 (eternal)  
衣 (clothes) = 衣 (clothing radical itself)"
Beginner,HSK1,Doing many things,QZ-HSK1-QT14-02,What did you and me do?,牛仔裤,jeans,Quần jean,noun,,"牛仔裤 (jeans) = 牛 (cow) + 仔 (young; boy) + 裤 (pants)  
牛 (cow) = 牛 (ox radical itself)  
仔 (young) = 亻 (person) + 子 (child)  
裤 (pants) = 衤 (clothing radical) + 固 (solid; firm)  
固 (solid) = 囗 (enclosure) + 古 (ancient)"
Beginner,HSK1,Doing many things,QZ-HSK1-QT14-02,What did you and me do?,明信片,postcard,Bưu thiếp,noun,,"明信片 (postcard) = 明 (bright) + 信 (letter) + 片 (card; piece)  
明 (bright) = 日 (sun) + 月 (moon)  
信 (letter) = 亻 (person) + 言 (speech)  
片 (card; piece) = 片 (slice radical itself)"
Beginner,HSK1,Doing many things,QZ-HSK1-QT14-02,What did you and me do?,魔术师,magician,Ảo thuật gia,noun,,"魔术师 (magician) = 魔 (demon; magic) + 术 (art; skill) + 师 (master)  
魔 (magic) = 麻 (hemp) + 鬼 (ghost)  
术 (art) = 木 (tree) + 朮 (method)  
师 (master) = 巾 (cloth) + 帀 (circle around)"
Beginner,HSK1,Doing many things,QZ-HSK1-QT14-03,That's phone number,韩国人,Korean people,Người Hàn Quốc,noun,,"韩国人 (Korean people) = 韩国 (Korea) + 人 (person)  
韩国 (Korea) = 韩 (Han/Korea) + 国 (country)  
韩 (Han/Korea) = 韋 (leather) + 干 (dry)  
国 (country) = 囗 (enclosure) + 玉 (jade / symbol of treasure)  
人 (person) = 人 (person radical itself)"
Beginner,HSK1,Doing many things,QZ-HSK1-QT14-03,That's phone number,研究生,postgraduate,Nghiên cứu sinh,noun,,"研究生 (postgraduate) = 研究 (research) + 生 (student)  
研究 (research) = 研 (study; grind) + 究 (investigate)  
研 (study) = 石 (stone) + 开 (open)  
究 (investigate) = 穴 (cave) + 九 (nine)  
生 (student) = 生 (life / to be born)"
Beginner,HSK1,Doing many things,QZ-HSK1-QT14-03,That's phone number,给,to ,#N/A,preposition,,"给 (to) = 纟 (silk) + 合 (combine; together)  
合 (combine) = 人 (person) + 一 (one) + 口 (mouth)"
Beginner,HSK1,Doing many things,QZ-HSK1-QT14-03,That's phone number,打电话,make a phone call,gọi điện thoại,verb phrase,,"打电话 (make a phone call) = 打 (hit; make) + 电话 (telephone)  
打 (hit; make) = 扌 (hand) + 丁 (nail)  
电话 (telephone) = 电 (electricity) + 话 (speech; talk)  
电 (electricity) = 雨"
Beginner,HSK1,Doing many things,QZ-HSK1-QT14-03,That's phone number,吧,ba,"Trợ từ ""ba""",particle,,"吧 (ba) = 口 (mouth) + 吧 (phonetic component 巴 “to cling”)  
巴 (to cling) = 巳 (sixth earthly branch) + 一 (one)"
Beginner,HSK1,Doing many things,QZ-HSK1-QT14-04,Writing diary,博客,blog,Blog,noun,,"博客 (blog) = 博 (broad; extensive) + 客 (guest)  
博 (broad) = 十 (ten) + 尃 (spread)  
客 (guest) = 宀 (roof) + 各 (each; every)  
各 (each) = 夂 (go) + 口 (mouth)"
Beginner,HSK1,Doing many things,QZ-HSK1-QT14-04,Writing diary,写, do (homework),#N/A,verb,,"写 (do) = 冖 (cover) + 与 (give; and)  
与 (give; and) = 一 (one) + 勿 (do not)"
Beginner,HSK1,Doing many things,QZ-HSK1-QT14-04,Writing diary,日记,diary,Nhật ký,noun,,"日记 (diary) = 日 (sun; day) + 记 (record)  
日 (sun; day) = 一 (one) + 囗 (enclosure)  
记 (record) = 讠 (speech radical) + 己 (self)"
Beginner,HSK1,Doing many things,QZ-HSK1-QT14-04,Writing diary,用,use,Sử dụng,verb,,用 (use) = 用 (use; apply; employ)  
Beginner,HSK1,Doing many things,QZ-HSK1-QT14-04,Writing diary,可爱,cute,Dễ thương,adjective,,"可爱 (cute) = 可 (can; able) + 爱 (love)  
可 (can; able) = 口 (mouth) + 丁 (nail)  
爱 (love) = 爫 (claw) + 冖 (cover) + 心 (heart)"
Beginner,HSK1,Doing many things,QZ-HSK1-QT14-05,Why did not you reply?,做饭,cook,Nấu ăn,verb phrase,,"做饭 (cook) = 做 (do; make) + 饭 (meal; rice)  
做 (do) = 亻 (person) + 故 (reason; cause)  
饭 (meal) = 饣 (food radical) + 反 (reverse)"
Beginner,HSK1,Doing many things,QZ-HSK1-QT14-05,Why did not you reply?,小说,novel,Tiểu thuyết,noun,,"小说 (novel) = 小 (small) + 说 (speak)  
小 (small) = ⺌ (small radical) + 丿 (stroke)  
说 (speak) = 讠 (speech radical) + 兑 (exchange)"
Beginner,HSK1,Doing many things,QZ-HSK1-QT14-05,Why did not you reply?,发,send,Gửi,verb,,发 (send) = 又 (hand) + 丿 (slash) + ㇇ (bend stroke)  
Beginner,HSK1,Doing many things,QZ-HSK1-QT14-05,Why did not you reply?,消息, text,#N/A,noun,,"消息 (text) = 消 (disappear; send out) + 息 (rest; news)  
消 (disappear) = 氵 (water) + 肖 (resemble)  
息 (rest; news) = 自 (self) + 心 (heart)"
Beginner,HSK1,Doing many things,QZ-HSK1-QT14-05,Why did not you reply?,表演,perform ,#N/A,verb / noun,,"表演 (perform) = 表 (show; surface) + 演 (act; perform)  
表 (show) = 衣 (clothes) + 毛 (fur)  
演 (act) = 氵 (water) + 寅 (tiger; symbol of time)"
Beginner,HSK1,Doing many things,QZ-HSK1-QT14-06,Doing housework please,整理,clean up ,#N/A,verb,,"整理 (clean up) = 整 (arrange; organize) + 理 (manage; reason)  
整 (arrange) = 正 (correct) + 攵 (action; strike)  
理 (manage) = 王 (jade; king) + 里 (inside; village)"
Beginner,HSK1,Doing many things,QZ-HSK1-QT14-06,Doing housework please,房间,room,Phòng,noun,,"房间 (room) = 房 (house; building) + 间 (space; room)  
房 (house) = 户 (door; household) + 方 (square; direction)  
间 (space) = 门 (door) + 日 (sun)"
Beginner,HSK1,Doing many things,QZ-HSK1-QT14-06,Doing housework please,写信,write a letter,Viết thư,verb phrase,,"写信 (write a letter) = 写 (write) + 信 (letter; trust)  
写 (write) = 冖 (cover) + 与 (give)  
信 (letter) = 亻 (person) + 言 (speech)"
Beginner,HSK1,Doing many things,QZ-HSK1-QT14-06,Doing housework please,扫地,mop the floor,Lau nhà,verb phrase,,"扫地 (mop the floor) = 扫 (sweep) + 地 (ground; floor)  
扫 (sweep) = 扌 (hand) + 彐 (snout; broom-like shape)  
地 (ground) = 土 (earth) + 也 (also)"
Beginner,HSK1,Doing many things,QZ-HSK1-QT14-06,Doing housework please,关门,close the door,Đóng cửa,verb phrase,,"关门 (close the door) = 关 (close; shut) + 门 (door)  
关 (close) = 丷 (divide) + 天 (sky)  
门 (door) = single pictograph (represents a door)"
Beginner,HSK1,Doing many things,QZ-HSK1-QT14-07,He is doing that,跳绳,jump rope ,#N/A,verb phrase,,"跳绳 (jump rope) = 跳 (jump) + 绳 (rope)  
跳 (jump) = 足 (foot) + 兆 (omen; sign)  
绳 (rope) = 纟(silk) + 黾 (frog; amphibian radical)"
Beginner,HSK1,Doing many things,QZ-HSK1-QT14-07,He is doing that,关灯,turn off the light,Tắt đèn,verb phrase,,"关灯 (turn off the light) = 关 (close; shut) + 灯 (light; lamp)  
关 (close) = 丷 (divide) + 天 (sky)  
灯 (lamp) = 火 (fire) + 丁 (nail)"
Beginner,HSK1,Doing many things,QZ-HSK1-QT14-07,He is doing that,开灯,turn on the light,Bật đèn,verb phrase,,"开灯 (turn on the light) = 开 (open; turn on) + 灯 (light; lamp)  
开 (open) = 一 (one) + 廾 (two hands)  
灯 (lamp) = 火 (fire) + 丁 (nail)"
Beginner,HSK1,Doing many things,QZ-HSK1-QT14-07,He is doing that,洗澡,take a shower,Tắm,verb phrase,,"洗澡 (take a shower) = 洗 (wash) + 澡 (bathe)  
洗 (wash) = 氵(water) + 先 (first)  
澡 (bathe) = 氵(water) + 喿 (noisy; tree radical)"
Beginner,HSK1,Doing many things,QZ-HSK1-QT14-07,He is doing that,邮件,email,Email,noun,,"邮件 (email) = 邮 (post; mail) + 件 (item; document)  
邮 (post) = 阝(city radical) + 由 (from; cause)  
件 (item) = 亻(person) + 牛 (cow)"
Beginner,HSK1,Doing many things,QZ-HSK1-QT14-08,What are you doing?,楼梯,stairs,Cầu thang,noun,,"楼梯 (stairs) = 楼 (building; floor) + 梯 (ladder; stairs)  
楼 (building) = 木 (wood) + 娄 (a phonetic component)  
梯 (ladder) = 木 (wood) + 弟 (younger brother)"
Beginner,HSK1,Doing many things,QZ-HSK1-QT14-08,What are you doing?,放,put ,#N/A,verb,,放 (put; release) = 攵 (action; tap radical) + 方 (square; direction)
Beginner,HSK1,Doing many things,QZ-HSK1-QT14-08,What are you doing?,哭,cry,Khóc,verb,,哭 (cry) = 口 (mouth) + 犬 (dog)
Beginner,HSK1,Doing many things,QZ-HSK1-QT14-08,What are you doing?,回答,answer,Trả lời,verb,,"回答 (answer) = 回 (return) + 答 (reply)  
回 (return) = 囗 (enclosure) + 口 (mouth)  
答 (reply) = ⺮(bamboo) + 合 (combine)"
Beginner,HSK1,Doing many things,QZ-HSK1-QT14-08,What are you doing?,记得,remember,Nhớ,verb,,"记得 (remember) = 记 (remember; record) + 得 (get; obtain)  
记 (record) = 讠(speech) + 己 (self)  
得 (obtain) = 彳 (step) + 旦 (sunrise component)"
Beginner,HSK1,Doing many things,QZ-HSK1-QT14-09,Is the class over?,结束,stop,Dừng lại,verb,,"结束 (end) = 结 (tie; knot) + 束 (bundle; bind)  
结 (tie) = 纟(silk) + 吉 (lucky; auspicious)  
束 (bundle) = 木 (wood) + 口 (mouth)"
Beginner,HSK1,Doing many things,QZ-HSK1-QT14-09,Is the class over?,拿起,pick up,Nhặt lên,verb,,"拿起 (pick up) = 拿 (hold) + 起 (rise)  
拿 (hold) = 合 (combine) + 手 (hand)  
起 (rise) = 走 (walk) + 己 (self)"
Beginner,HSK1,Doing many things,QZ-HSK1-QT14-09,Is the class over?,还,return / give back,Trả lại,verb,,还 (return) = 辶 (walk) + 不 (not)
Beginner,HSK1,Doing many things,QZ-HSK1-QT14-09,Is the class over?,累,tired,Mệt,adjective,,累 (tired) = 田 (field) + 糸 (silk)
Beginner,HSK1,Doing many things,QZ-HSK1-QT14-09,Is the class over?,忘记,forget,Quên,verb,,"忘记 (forget) = 忘 (forget) + 记 (remember; record)  
忘 (forget) = 亡 (lose) + 心 (heart)  
记 (record) = 讠(speech) + 己 (self)"
Beginner,HSK1,Doing many things,QZ-HSK1-QT14-10,Finding wallet,打喷嚏,sneeze,Hắt hơi,verb,,"打喷嚏 (sneeze) = 打 (hit) + 喷 (spurt) + 嚏 (sneeze)  
打 (hit) = 扌(hand) + 丁 (nail)  
喷 (spurt) = 口 (mouth) + 贲 (energetic)  
嚏 (sneeze) = 口 (mouth) + 𤕣 (sound radical)"
Beginner,HSK1,Doing many things,QZ-HSK1-QT14-10,Finding wallet,着急,anxious,Lo lắng,adjective,,"着急 (anxious) = 着 (touch; attach) + 急 (urgent)  
着 (touch) = ⺙(action) + 羊 (sheep)  
急 (urgent) = 忄(heart) + 及 (reach)"
Beginner,HSK1,Doing many things,QZ-HSK1-QT14-10,Finding wallet,钱包,wallet,Ví tiền,noun,,"钱包 (wallet) = 钱 (money) + 包 (bag)  
钱 (money) = 钅(metal) + 戋 (small)  
包 (bag) = 勹 (wrap) + 巳 (snake shape)"
Beginner,HSK1,Doing many things,QZ-HSK1-QT14-10,Finding wallet,害怕, scared,#N/A,adjective,,"害怕 (afraid) = 害 (harm) + 怕 (fear)  
害 (harm) = 宀 (roof) + 口 (mouth) + 丰 (abundant)  
怕 (fear) = 忄(heart) + 白 (white)"
Beginner,HSK1,Doing many things,QZ-HSK1-QT14-10,Finding wallet,打折,discount,Giảm giá,verb,,"打折 (discount) = 打 (hit) + 折 (break; fold)  
打 (hit) = 扌(hand) + 丁 (nail)  
折 (fold) = 扌(hand) + 斤 (axe)"
Beginner,HSK1,Buying and selling,QZ-HSK1-QT15-01,When did you comeback?,先生,Mrs,Bà,noun,,"先生 (Mrs.) = 先 (first) + 生 (born; person)  
先 (first) = ⺧ (cow head radical) + 儿 (human legs)  
生 (born) = 生 (life; to be born)"
Beginner,HSK1,Buying and selling,QZ-HSK1-QT15-01,When did you comeback?,开,drive,Lái xe,verb,,开 (drive; open) = 一 (one) + 廾 (two hands)
Beginner,HSK1,Buying and selling,QZ-HSK1-QT15-01,When did you comeback?,回来,come back,Quay lại,verb,,"回来 (come back) = 回 (return) + 来 (come)  
回 (return) = 囗 (enclosure) + 口 (mouth)  
来 (come) = 木 (tree) + 丷 (two dots radical)"
Beginner,HSK1,Buying and selling,QZ-HSK1-QT15-01,When did you comeback?,分钟,minute,Phút,noun,,"分钟 (minute) = 分 (divide) + 钟 (clock)  
分 (divide) = 八 (eight) + 刀 (knife)  
钟 (clock) = 钅(metal) + 中 (middle)"
Beginner,HSK1,Buying and selling,QZ-HSK1-QT15-01,When did you comeback?,后,after / later,Sau,preposition,,后 (after; later) = ⼈ (person) + 幺 (small thread radical)
Beginner,HSK1,Buying and selling,QZ-HSK1-QT15-02,Book about historian,啊,a,Một,particle,,"啊 (a / particle) = 口 (mouth) + 阿 (phonetic component)  
阿 (phonetic) = 阝 (hill; mound) + 可 (can; possible)"
Beginner,HSK1,Buying and selling,QZ-HSK1-QT15-02,Book about historian,不少,quite a few,Khá nhiều,adjective / quantifier,,"不少 (quite a few) = 不 (not) + 少 (few)  
不 (not) = 一 (one) + 丿 (slash)"
Beginner,HSK1,Buying and selling,QZ-HSK1-QT15-02,Book about historian,常见,common,Phổ biến,adjective,,"常见 (common) = 常 (usual) + 见 (see)  
常 (usual) = ⺌ (small) + 巾 (cloth) + 尚 (still)  
见 (see) = 目 (eye) + 儿 (legs radical)"
Beginner,HSK1,Buying and selling,QZ-HSK1-QT15-02,Book about historian,历史学家,historian,Nhà sử học,noun,,"历史学家 (historian) = 历史 (history) + 学家 (scholar; expert)  
历史 (history) = 历 (experience) + 史 (record)  
历 (experience) = 厂 (cliff) + 力 (strength)  
史 (record) = 口 (mouth) + 中 (center)  
学家 (scholar) = 学 (study) + 家 (expert; home)  
学 (study) = 子 (child) + 冖 (cover)  
家 (home; expert) = 宀 (roof) + 豕 (pig)"
Beginner,HSK1,Buying and selling,QZ-HSK1-QT15-02,Book about historian,少,little,Nhỏ / Ít,adjective,,少 (little) = 小 (small) + 丿 (slash)
Beginner,HSK1,Buying and selling,QZ-HSK1-QT15-03,A new typewrititer,打字机,typewriter,Máy đánh chữ,noun,,"打字机 (typewriter) = 打字 (type) + 机 (machine)  
机 (machine) = 木 (wood) + 几 (table)"
Beginner,HSK1,Buying and selling,QZ-HSK1-QT15-03,A new typewrititer,胖,fat,Béo,adjective,,胖 (fat) = 月 (flesh) + 半 (half)
Beginner,HSK1,Buying and selling,QZ-HSK1-QT15-03,A new typewrititer,总经理,general manager,Tổng giám đốc,noun,,"总经理 (general manager) = 总 (chief; general) + 经理 (manager)  
总 (general) = 丷 (divide) + 口 (mouth) + 心 (heart)  
经理 (manager) = 经 (manage) + 理 (reason; logic)  
经 (manage) = 纟(silk) + 巠 (passage)  
理 (reason) = 王 (jade) + 里 (inside)"
Beginner,HSK1,Buying and selling,QZ-HSK1-QT15-03,A new typewrititer,好奇,curious,Tò mò,adjective,,"好奇 (curious) = 好 (good; fond of) + 奇 (strange)  
好 (good) = 女 (woman) + 子 (child)  
奇 (strange) = 大 (big) + 可 (can)"
Beginner,HSK1,Buying and selling,QZ-HSK1-QT15-03,A new typewrititer,打字,to type,Gõ máy,verb,,"打字 (type) = 打 (hit; strike) + 字 (character) 
打 (hit) = 扌(hand) + 丁 (nail) 
字 (character) = 宀 (roof) + 子 (child)"
Beginner,HSK1,Buying and selling,QZ-HSK1-QT15-04,A new typewrititer,美容院,beauty salon,Thẩm mỹ viện,noun,,"美容院 (beauty salon) = 美容 (beauty) + 院 (institution; building)  
美 (beautiful) = 羊 (sheep) + 大 (big)  
容 (appearance) = 宀 (roof) + 谷 (valley)  
院 (institution) = 阝(mound) + 完 (complete)"
Beginner,HSK1,Buying and selling,QZ-HSK1-QT15-04,A new typewrititer,司机,driver,Tài xế,noun,,"司机 (driver) = 司 (control) + 机 (machine; vehicle)  
司 (control) = 一 (one) + 口 (mouth) + 人 (person)  
机 (machine) = 木 (wood) + 几 (table)"
Beginner,HSK1,Buying and selling,QZ-HSK1-QT15-04,A new typewrititer,米奇老鼠,Mickey Mouse,Chuột Mickey,proper noun,,"米奇老鼠 (Mickey Mouse) = 米奇 (Mickey) + 老鼠 (mouse)  
米 (rice) = 米 (rice)  
奇 (strange; special — phonetic for ""Mickey"") = 大 (big) + 可 (can)  
老鼠 (mouse) = 老 (old) + 鼠 (rat)  
老 (old) = 耂 (old radical) + 匕 (spoon)  
鼠 (rat) = 鼠 (mouse radical itself)"
Beginner,HSK1,Buying and selling,QZ-HSK1-QT15-04,A new typewrititer,鼠标,mouse (computer),Chuột máy tính,noun,,"鼠标 (mouse) = 鼠 (rat) + 标 (mark; pointer)  
鼠 (rat) = 鼠 (mouse radical itself)  
标 (mark) = 木 (wood) + 示 (sign)"
Beginner,HSK1,Buying and selling,QZ-HSK1-QT15-04,A new typewrititer,跑鞋,running shoes,Giày chạy bộ,noun,,"跑鞋 (running shoes) = 跑 (run) + 鞋 (shoe)  
跑 (run) = 足 (foot) + 包 (wrap)  
鞋 (shoe) = 革 (leather) + 圭 (jade tablet)"
Beginner,HSK1,Buying and selling,QZ-HSK1-QT15-05,I'm buying household supplies,洗衣机,washing machine,Máy giặt,noun,,"洗衣机 (washing machine) = 洗 (wash) + 衣 (clothes) + 机 (machine)  
洗 (wash) = 氵 (water) + 先 (first)  
衣 (clothes) = 衣 (clothing radical itself)  
机 (machine) = 木 (wood) + 几 (table)"
Beginner,HSK1,Buying and selling,QZ-HSK1-QT15-05,I'm buying household supplies,镜子,mirror,Gương,noun,,"镜子 (mirror) = 镜 (mirror) + 子 (noun suffix)  
镜 (mirror) = 钅 (metal) + 竟 (finish; complete)  
竟 (finish) = 音 (sound) + 儿 (legs radical)  
子 (suffix / noun ending) = 子 (child)"
Beginner,HSK1,Buying and selling,QZ-HSK1-QT15-05,I'm buying household supplies,衣架,clothes hanger,Móc treo quần áo,noun,,"衣架 (hanger) = 衣 (clothes) + 架 (frame; rack)  
衣 (clothes) = 衣 (clothing radical itself)  
架 (frame) = 加 (add) + 木 (wood)"
Beginner,HSK1,Buying and selling,QZ-HSK1-QT15-05,I'm buying household supplies,晾衣杆,clothes drying rod,Thanh phơi đồ,noun,,"晾衣杆 (drying rod) = 晾 (dry in the air) + 衣 (clothes) + 杆 (rod; pole)  
晾 (dry) = 日 (sun) + 京 (capital; high)  
衣 (clothes) = 衣 (clothing radical itself)  
杆 (rod) = 木 (wood) + 干 (dry)"
Beginner,HSK1,Buying and selling,QZ-HSK1-QT15-05,I'm buying household supplies,洗衣液,laundry detergent ,#N/A,noun,,"洗衣液 (laundry detergent) = 洗衣 (wash clothes) + 液 (liquid)  
洗 (wash) = 氵 (water) + 先 (first)  
衣 (clothes) = 衣 (clothing radical itself)  
液 (liquid) = 氵 (water) + 夜 (night)"
Beginner,HSK1,Buying and selling,QZ-HSK1-QT15-06,Such a big discount,顾客,customer,Khách hàng,noun,,"顾客 (customer) = 顾 (look after) + 客 (guest)  
顾 (look after) = 页 (head) + 雇 (hire)  
雇 (hire) = 户 (door) + 隹 (short-tailed bird)  
客 (guest) = 宀 (roof) + 各 (each)"
Beginner,HSK1,Buying and selling,QZ-HSK1-QT15-06,Such a big discount,减价,discount formal,Chiết khấu,verb/noun,,"减价 (discount) = 减 (reduce) + 价 (price)  
减 (reduce) = 冫(ice) + 咸 (salty; decrease)  
价 (price) = 亻(person) + 介 (introduce)"
Beginner,HSK1,Buying and selling,QZ-HSK1-QT15-06,Such a big discount,价钱,price,Giá,noun,,"价钱 (price) = 价 (price; value) + 钱 (money)  
价 (price) = 亻(person) + 介 (introduce)  
钱 (money) = 钅(metal) + 戋 (narrow)"
Beginner,HSK1,Buying and selling,QZ-HSK1-QT15-06,Such a big discount,免费,free (of charge),Miễn phí,adjective,,"免费 (free) = 免 (exempt) + 费 (expense)  
免 (exempt) = 勹 (wrap) + 儿 (legs radical)  
费 (expense) = 贝 (shell; money) + 弗 (not)"
Beginner,HSK1,Buying and selling,QZ-HSK1-QT15-06,Such a big discount,找钱, change,#N/A,verb,,"找钱 (change) = 找 (look for; give) + 钱 (money)  
找 (look for) = 扌(hand) + 戈 (weapon)  
钱 (money) = 钅(metal) + 戋 (narrow)"
Beginner,HSK1,Buying and selling,QZ-HSK1-QT15-07,I pay by cash,收银台,cashier,Thu ngân,noun,,"收银台 (cashier) = 收 (receive) + 银 (silver; money) + 台 (counter; platform)  
收 (receive) = 丩 (entwine) + 攵 (action hand)  
银 (silver) = 钅 (metal) + 艮 (stubborn)  
台 (counter) = 厶 (private) + 口 (mouth)"
Beginner,HSK1,Buying and selling,QZ-HSK1-QT15-07,I pay by cash,购物袋,shopping bag,Túi mua sắm,noun,,"购物袋 (shopping bag) = 购物 (shopping) + 袋 (bag)  
购物 (shopping) = 购 (buy) + 物 (thing)  
购 (buy) = 贝 (money) + 勾 (hook)  
物 (thing) = 牛 (cow) + 勿 (do not)  
袋 (bag) = 代 (replace) + 衣 (clothes)"
Beginner,HSK1,Buying and selling,QZ-HSK1-QT15-07,I pay by cash,收据,receipt,Hóa đơn,noun,,"收据 (receipt) = 收 (receive) + 据 (proof; evidence)  
收 (receive) = 丩 (entwine) + 攵 (action hand)  
据 (proof) = 扌(hand) + 居 (reside)"
Beginner,HSK1,Buying and selling,QZ-HSK1-QT15-07,I pay by cash,刷卡,pay by credit card,Thanh toán bằng thẻ,verb,,"刷卡 (credit card) = 刷 (swipe) + 卡 (card)  
刷 (swipe) = 刂 (knife) + 尸 (body) + 巾 (cloth)  
卡 (card) = 上 (up) + 下 (down)  (pictograph of something inserted)"
Beginner,HSK1,Buying and selling,QZ-HSK1-QT15-07,I pay by cash,现金,cash,Tiền mặt,noun,,"现金 (cash) = 现 (current; appear) + 金 (gold; money)  
现 (appear) = 见 (see) + 王 (jade)  
金 (gold) = 金 (metal radical itself)"
Beginner,HSK1,Buying and selling,QZ-HSK1-QT15-08,Want to see customer services,客服,customer service,Dịch vụ khách hàng,noun,,"客服 (customer service) = 客 (guest; client) + 服 (serve; service)  
客 (guest) = 宀 (roof) + 各 (each)  
服 (serve) = 月 (flesh) + 卩 (seal)"
Beginner,HSK1,Buying and selling,QZ-HSK1-QT15-08,Want to see customer services,退货,return (goods),Trả hàng,verb,,"退货 (return goods) = 退 (return; withdraw) + 货 (goods)  
退 (return) = 辶 (walk) + 艮 (stubborn)  
货 (goods) = 亻 (person) + 化 (change)"
Beginner,HSK1,Buying and selling,QZ-HSK1-QT15-08,Want to see customer services,购物车,shopping cart,Giỏ hàng,noun,,"购物车 (shopping cart) = 购物 (shopping) + 车 (cart)  
购物 (shopping) = 购 (buy) + 物 (thing)  
购 (buy) = 贝 (money) + 勾 (hook)  
物 (thing) = 牛 (cow) + 勿 (do not)  
车 (cart) = 车 (vehicle radical itself)"
Beginner,HSK1,Buying and selling,QZ-HSK1-QT15-08,Want to see customer services,营业时间,business hours,Giờ làm việc,noun,,"营业时间 (business hour) = 营业 (business) + 时间 (time)  
时间 (time) = 时 (time) + 间 (interval)  
时 (time) = 日 (sun) + 寺 (temple)  
间 (interval) = 门 (door) + 日 (sun)"
Beginner,HSK1,Buying and selling,QZ-HSK1-QT15-08,Want to see customer services,营业,sales,Bán hàng,verb/noun,,"营业 (sales) = 营 (operate) + 业 (profession)  
营 (operate) = 艹 (grass) + 员 (member)  
业 (profession) = 业 (industry radical itself)"
Beginner,HSK1,Buying and selling,QZ-HSK1-QT15-09,Good quality goods,货,goods,Hàng hóa,noun,,"货 (goods) = 亻 (person) + 化 (transform)  
化 (transform) = 亻 (person) + 匕 (spoon)"
Beginner,HSK1,Buying and selling,QZ-HSK1-QT15-09,Good quality goods,数,count,Đếm,verb,,"数 (count) = 攵 (action hand) + 娄 (bundle; collect)  
娄 (bundle) = 女 (woman) + 米 (rice)"
Beginner,HSK1,Buying and selling,QZ-HSK1-QT15-09,Good quality goods,包, packaging,#N/A,noun,,包 (packaging) = 勹 (wrap) + 巳 (self)
Beginner,HSK1,Buying and selling,QZ-HSK1-QT15-09,Good quality goods,便条,note,Ghi chú,noun,,"便条 (note) = 便 (convenient) + 条 (strip; slip)  
便 (convenient) = 亻 (person) + 更 (change)  
条 (strip) = 木 (wood) + 夂 (go slowly)"
Beginner,HSK1,Buying and selling,QZ-HSK1-QT15-09,Good quality goods,质量,quality,Chất lượng,noun,,"质量 (quality) = 质 (substance) + 量 (measure)  
质 (substance) = 贝 (money) + 斦 (two axes)  
量 (measure) = 旦 (morning; sun) + 里 (inside)"
Beginner,HSK1,Buying and selling,QZ-HSK1-QT15-10,Discount on the price list,价目表,price list,Bảng giá,noun,,"价目表 (price list) = 价 (price) + 目 (eye; item) + 表 (list; table)  
价 (price) = 亻 (person) + 介 (introduce)  
目 (eye) = 目 (eye radical itself)  
表 (list) = 衣 (cloth) + 上 (above)"
Beginner,HSK1,Buying and selling,QZ-HSK1-QT15-10,Discount on the price list,折扣 ,discount (with percentage),Giảm giá (%),noun,,"折扣 (discount) = 折 (fold; discount) + 扣 (deduct)  
折 (fold) = 扌 (hand) + 斤 (axe)  
扣 (deduct) = 扌 (hand) + 口 (mouth)"
Beginner,HSK1,Buying and selling,QZ-HSK1-QT15-10,Discount on the price list,尺码,size,Kích cỡ,noun,,"尺码 (size) = 尺 (ruler) + 码 (code; number)  
尺 (ruler) = 尸 (body) + 丿 (stroke)  
码 (code) = 石 (stone) + 马 (horse)"
Beginner,HSK1,Buying and selling,QZ-HSK1-QT15-10,Discount on the price list,支付,pay (formal),Thanh toán,verb,,"支付 (pay) = 支 (support; pay) + 付 (give; hand over)  
支 (support) = 十 (ten) + 又 (hand)  
付 (give) = 亻 (person) + 寸 (hand/measurement)"
Beginner,HSK1,Buying and selling,QZ-HSK1-QT15-10,Discount on the price list,打包,pack (to go home),Gói mang về,verb,,"打包 (pack) = 打 (hit; make) + 包 (wrap)  
打 (hit) = 扌 (hand) + 丁 (nail)  
包 (wrap) = 勹 (wrap) + 巳 (self)"
Beginner,HSK1,Your opinion,QZ-HSK1-QT16-01,Best performance ever,和,and,Và,conjunction,,和 (and) = 禾 (grain) + 口 (mouth)
Beginner,HSK1,Your opinion,QZ-HSK1-QT16-01,Best performance ever,国歌,national anthem,Quốc ca,noun,,"国歌 (national anthem) = 国 (nation) + 歌 (song)  
国 (nation) = 囗 (enclosure) + 玉 (jade; treasure)  
歌 (song) = 哥 (elder brother) + 欠 (yawn; open mouth)"
Beginner,HSK1,Your opinion,QZ-HSK1-QT16-01,Best performance ever,困,trapped,Bị mắc kẹt,verb/adjective,,困 (trapped) = 囗 (enclosure) + 木 (tree)
Beginner,HSK1,Your opinion,QZ-HSK1-QT16-01,Best performance ever,没有,there is not,Không có,verb,,"没有 (not have) = 没 (not) + 有 (have)  
没 (not) = 氵 (water) + 殳 (strike)  
有 (have) = 又 (hand) + 月 (flesh)"
Beginner,HSK1,Your opinion,QZ-HSK1-QT16-01,Best performance ever,祝,wish,Ước,verb,,祝 (wish) = 礻 (spirit) + 兄 (elder brother)
Beginner,HSK1,Your opinion,QZ-HSK1-QT16-02,Dinner Plan,冰箱,refrigerator,Tủ lạnh,noun,,"冰箱 (refrigerator) = 冰 (ice) + 箱 (box)  
冰 (ice) = 冫(ice radical) + 水 (water)  
箱 (box) = 竹 (bamboo) + 相 (mutual)"
Beginner,HSK1,Your opinion,QZ-HSK1-QT16-02,Dinner Plan,矿物,mineral,Khoáng chất,noun,,"矿物 (mineral) = 矿 (ore) + 物 (substance)  
矿 (ore) = 石 (stone) + 广 (shelter)  
物 (substance) = 牛 (cow) + 勿 (do not)"
Beginner,HSK1,Your opinion,QZ-HSK1-QT16-02,Dinner Plan,大使馆,embassy,Đại sứ quán,noun,,"大使馆 (embassy) = 大使 (ambassador) + 馆 (building)  
大使 (ambassador) = 大 (big) + 使 (messenger)  
使 (messenger) = 亻 (person) + 吏 (official)  
馆 (building) = 饣 (food) + 官 (official)"
Beginner,HSK1,Your opinion,QZ-HSK1-QT16-02,Dinner Plan,涮羊肉,instant-boiled mutton,Lẩu cừu,noun,,"涮羊肉 (instant-boiled mutton) = 涮 (rinse; dip) + 羊肉 (mutton)  
涮 (rinse) = 氵 (water) + 欶 (absorb)  
羊肉 (mutton) = 羊 (sheep) + 肉 (meat)"
Beginner,HSK1,Your opinion,QZ-HSK1-QT16-02,Dinner Plan,气管炎,bronchitis,Viêm phế quản,noun,,"气管炎 (tracheitis) = 气管 (trachea) + 炎 (inflammation)  
气管 (trachea) = 气 (air) + 管 (tube)  
气 (air) = 气 (air radical itself)  
管 (tube) = 竹 (bamboo) + 官 (official)  
炎 (inflammation) = 火 (fire) + 火 (fire)"
Beginner,HSK1,Your opinion,QZ-HSK1-QT16-03,Olympics is invested,奥运会,Olympic Games,Thế vận hội,noun,,"奥林匹克运动会 (Olympic Games) = 奥林匹克 (Olympics) + 运动会 (sports meeting)  
奥 (Olympic; profound) = 宀 (roof) + 米 (rice) + 大 (big)  
林 (forest) = 木 (tree) + 木 (tree)  
匹 (match) = 匚 (box) + 儿 (legs)  
克 (overcome) = 十 (ten) + 口 (mouth) + 儿 (legs)  
运动会 (sports meeting) = 运 (move) + 动 (motion) + 会 (meeting)  
运 (move) = 辶 (walk) + 云 (cloud)  
动 (motion) = 云 (move) + 力 (strength)  
会 (meeting) = 人 (person) + 云 (gather)"
Beginner,HSK1,Your opinion,QZ-HSK1-QT16-03,Olympics is invested,赞助商,sponsor,Nhà tài trợ,noun,,"赞助商 (sponsor) = 赞助 (sponsor; support) + 商 (merchant)  
赞助 (support) = 赞 (praise; support) + 助 (help)  
赞 (praise) = 先 (first) + 貝 (shell; money)  
助 (help) = 且 (moreover) + 力 (strength)  
商 (merchant) = 章 (badge) + 冏 (bright)"
Beginner,HSK1,Your opinion,QZ-HSK1-QT16-03,Olympics is invested,解决,settle,Giải quyết / Định cư,verb,,"解决 (settle) = 解 (solve) + 决 (decide)  
解 (solve) = 角 (horn) + 刀 (knife) + 牛 (cow)  
决 (decide) = 冫 (ice) + 夬 (determine)"
Beginner,HSK1,Your opinion,QZ-HSK1-QT16-03,Olympics is invested,照相机,camera,Máy ảnh,noun,,"照相机 (camera) = 照 (photograph) + 相 (image) + 机 (machine)  
照 (photograph) = 日 (sun) + 昭 (bright)  
相 (image) = 木 (tree) + 目 (eye)  
机 (machine) = 木 (wood) + 几 (table)"
Beginner,HSK1,Your opinion,QZ-HSK1-QT16-03,Olympics is invested,代码箱,code box,Két sắt,noun,,"代码箱 (code box) = 代码 (code) + 箱 (box)  
代码 (code) = 代 (substitute) + 码 (code; number)  
代 (substitute) = 亻 (person) + 弋 (ceremonial stick)  
码 (code) = 石 (stone) + 马 (horse)  
箱 (box) = ⺮(bamboo) + 相 (mutual)"
Beginner,HSK1,Your opinion,QZ-HSK1-QT16-04,I like Europe so much,欧洲,Europe,Châu Âu,noun,,"欧洲 (Europe) = 欧 (Europe; prefix) + 洲 (continent)  
欧 (Europe) = 区 (area) + 欠 (owe; lack)  
洲 (continent) = 氵 (water) + 州 (state; region)"
Beginner,HSK1,Your opinion,QZ-HSK1-QT16-04,I like Europe so much,人口,population,Dân số,noun,,"人口 (population) = 人 (person) + 口 (mouth; measure for people)  
人 (person) = 人 (person radical itself)  
口 (mouth) = 口 (mouth radical itself)"
Beginner,HSK1,Your opinion,QZ-HSK1-QT16-04,I like Europe so much,除此以外,besides,Ngoài ra,conjunction / phrase,,"除此以外 (besides) = 除 (remove) + 此 (this) + 以 (by means of) + 外 (outside)  
除 (remove) = 阝 (mound) + 余 (surplus)  
此 (this) = 止 (stop) + 匕 (spoon)  
以 (by means of) = 以 (self radical itself)  
外 (outside) = 夕 (evening) + 卜 (divine)"
Beginner,HSK1,Your opinion,QZ-HSK1-QT16-04,I like Europe so much,味道,taste,Hương vị,noun,,"味道 (taste) = 味 (flavor) + 道 (way; manner)  
味 (flavor) = 口 (mouth) + 未 (not yet)  
道 (way) = 辶 (walk) + 首 (head)"
Beginner,HSK1,Your opinion,QZ-HSK1-QT16-04,I like Europe so much,法律,law,Luật,noun,,"法律 (law) = 法 (law) + 律 (rule)  
法 (law) = 氵 (water) + 去 (go)  
律 (rule) = 彳 (step) + 聿 (writing brush)"
Beginner,HSK1,Your opinion,QZ-HSK1-QT16-05,My throat is bad,航海,navigation,Dẫn đường,noun,,"航海 (navigation) = 航 (navigate) + 海 (sea)  
航 (navigate) = 舟 (boat) + 亢 (high)  
海 (sea) = 氵 (water) + 每 (each)"
Beginner,HSK1,Your opinion,QZ-HSK1-QT16-05,My throat is bad,黑暗,dark,Tối,adjective,,"黑暗 (dark) = 黑 (black) + 暗 (dim)  
黑 (black) = 里 (inside) + 灬 (fire)  
暗 (dim) = 日 (sun) + 音 (sound)"
Beginner,HSK1,Your opinion,QZ-HSK1-QT16-05,My throat is bad,香烟,cigarette,Thuốc lá,noun / verb,,"香烟 (cigarette) = 香 (fragrant) + 烟 (smoke)  
香 (fragrant) = 禾 (grain) + 日 (sun)  
烟 (smoke) = 火 (fire) + 因 (cause)"
Beginner,HSK1,Your opinion,QZ-HSK1-QT16-05,My throat is bad,感冒,cold (illness),Cảm lạnh,noun,,"感冒 (have a cold) = 感 (feel) + 冒 (emit; come out)  
感 (feel) = 咸 (salty) + 心 (heart)  
冒 (emit) = 冃 (cover) + 目 (eye)"
Beginner,HSK1,Your opinion,QZ-HSK1-QT16-05,My throat is bad,黑洞,black hole,Hố đen,noun,,"黑洞 (black hole) = 黑 (black) + 洞 (hole)  
黑 (black) = 里 (inside) + 灬 (fire)  
洞 (hole) = 氵 (water) + 同 (same)"
Beginner,HSK1,Your opinion,QZ-HSK1-QT16-06,The best hero,英雄,hero,Anh hùng,noun,,"英雄 (hero) = 英 (brave; outstanding) + 雄 (male; strong)  
英 (brave) = 艹 (grass) + 央 (center)  
雄 (strong) = 隹 (short-tailed bird) + 厷 (power; stretch)"
Beginner,HSK1,Your opinion,QZ-HSK1-QT16-06,The best hero,勇敢,brave,Dũng cảm,adjective,,"勇敢 (brave) = 勇 (courage) + 敢 (dare)  
勇 (courage) = 甬 (passage) + 力 (strength)  
敢 (dare) = 攵 (action) + 旱 (dry)"
Beginner,HSK1,Your opinion,QZ-HSK1-QT16-06,The best hero,木头,wood,Gỗ,noun,,"木头 (wood) = 木 (tree) + 头 (suffix; noun marker)  
木 (tree) = 木 (tree radical itself)  
头 (suffix) = 大 (big) + 页 (head)"
Beginner,HSK1,Your opinion,QZ-HSK1-QT16-06,The best hero,药店,pharmacy,Nhà thuốc,noun,,"药店 (pharmacy) = 药 (medicine) + 店 (shop)  
药 (medicine) = 艹 (grass) + 乐 (music; happy)  
店 (shop) = 广 (house on cliff) + 占 (occupy)"
Beginner,HSK1,Your opinion,QZ-HSK1-QT16-06,The best hero,茄子,eggplant,Cà tím,noun,,"茄子 (eggplant) = 茄 (eggplant) + 子 (noun suffix)  
茄 (eggplant) = 艹 (grass) + 加 (add)  
子 (suffix) = 子 (child)"
Beginner,HSK1,Your opinion,QZ-HSK1-QT16-07,I'm hungry so much,饿,hungry,Đói,adjective,,"饿 (hungry) = 饣 (food radical) + 我 (I; me)  
饣 → biến thể của 食 (eat)  
我 (I; me) = 手 (hand) + 戈 (weapon)"
Beginner,HSK1,Your opinion,QZ-HSK1-QT16-07,I'm hungry so much,碗,bowl,Bát,noun,,"碗 (bowl) = 石 (stone) + 宛 (curved; round)  
宛 (curved) = 宀 (roof) + 夗 (bend)"
Beginner,HSK1,Your opinion,QZ-HSK1-QT16-07,I'm hungry so much,豆腐,tofu,Đậu phụ,noun,,"豆腐 (tofu) = 豆 (bean) + 腐 (rotten; fermented)  
豆 (bean) = 豆 (bean radical itself)  
腐 (fermented) = 府 (government hall) + 肉 (meat radical 月)"
Beginner,HSK1,Your opinion,QZ-HSK1-QT16-07,I'm hungry so much,西红柿,tomato,Cà chua,noun,,"西红柿 (tomato) = 西 (west) + 红 (red) + 柿 (persimmon/tree fruit)  
西 (west) = 西 (cover-shaped radical itself)  
红 (red) = 纟 (silk) + 工 (work)  
柿 (persimmon) = 木 (wood) + 市 (market)"
Beginner,HSK1,Your opinion,QZ-HSK1-QT16-07,I'm hungry so much,雪碧,Sprite,7Up / Sprite,noun,,"雪碧 (Sprite) = 雪 (snow) + 碧 (greenish; bright jade)  
雪 (snow) = 雨 (rain) + 彐 (snout)  
碧 (green jade) = 石 (stone) + 白 (white)"
Beginner,HSK1,Your opinion,QZ-HSK1-QT16-07,I'm hungry so much,亮,bright,Sáng,adjective,,"亮 (bright) = 高 (tall) + 几 (small table)  
→ nghĩa gốc: ánh sáng từ nơi cao."
Beginner,HSK1,Your opinion,QZ-HSK1-QT16-08,That sodier was faint,军队,army,Quân đội,noun,,"军队 (army) = 军 (army) + 队 (team; troop)  
军 (army) = 冖 (cover) + 车 (vehicle)  
队 (team) = 阝 (mound) + 人 (person)"
Beginner,HSK1,Your opinion,QZ-HSK1-QT16-08,That sodier was faint,洗手间,restroom,Nhà vệ sinh,noun,,"洗手间 (restroom) = 洗 (wash) + 手 (hand) + 间 (room)  
洗 (wash) = 氵 (water) + 先 (first)  
手 (hand) = 手 (hand radical itself)  
间 (room) = 门 (door) + 日 (sun)"
Beginner,HSK1,Your opinion,QZ-HSK1-QT16-08,That sodier was faint,士兵,soldier,Binh sĩ,noun,,"士兵 (soldier) = 士 (soldier; man) + 兵 (troop)  
士 (soldier) = 士 (scholar; soldier radical itself)  
兵 (troop) = 乛 (bend) + 丘 (hill)"
Beginner,HSK1,Your opinion,QZ-HSK1-QT16-08,That sodier was faint,绿色,green,Xanh lá,adjective,,"绿色 (green) = 绿 (green) + 色 (color)  
绿 (green) = 纟 (silk) + 彔 (cut)  
色 (color) = 人 (person) + 巴 (wrap)"
Beginner,HSK1,Your opinion,QZ-HSK1-QT16-08,That sodier was faint,晕,faint,Ngất,verb/adjective,,"晕 (faint) = 日 (sun) + 军 (army)  
军 (army) = 冖 (cover) + 车 (vehicle)"
Beginner,HSK1,Your opinion,QZ-HSK1-QT16-08,That sodier was faint,自动取款机,ATM,Máy ATM,noun,,"自动取款机 (ATM) = 自动 (automatic) + 取款 (withdraw money) + 机 (machine)  
自动 (automatic) = 自 (self) + 动 (move)  
动 (move) = 云 (cloud) + 力 (strength)  
取款 (withdraw money) = 取 (take) + 款 (funds)  
取 (take) = 耳 (ear) + 又 (hand)  
款 (funds) = 士 (scholar) + 欠 (owe)  
机 (machine) = 木 (wood) + 几 (table)"
Beginner,HSK1,Your opinion,QZ-HSK1-QT16-09,Such a strange thesis,论文,thesis,Luận văn,noun,,"论文 (thesis) = 论 (discuss) + 文 (writing)  
论 (discuss) = 讠(speech) + 仑 (order)  
文 (writing) = 文 (script radical itself)"
Beginner,HSK1,Your opinion,QZ-HSK1-QT16-09,Such a strange thesis,决心,determination,Quyết tâm,noun,,"决心 (determination) = 决 (decide) + 心 (heart)  
决 (decide) = 冫 (ice) + 夬 (decide)  
心 (heart) = 心 (heart radical itself)"
Beginner,HSK1,Your opinion,QZ-HSK1-QT16-09,Such a strange thesis,厕所,restroom,Nhà vệ sinh,noun,,"厕所 (restroom) = 厕 (toilet) + 所 (place)  
厕 (toilet) = 厂 (cliff) + 则 (rule; standard)  
所 (place) = 户 (door) + 斤 (axe)"
Beginner,HSK1,Your opinion,QZ-HSK1-QT16-09,Such a strange thesis,投票,vote,Bỏ phiếu,verb/noun,,"投票 (vote) = 投 (cast; throw) + 票 (ticket; vote)  
投 (cast) = 扌 (hand) + 殳 (weapon)  
票 (ticket) = 西 (west) + 示 (sign)"
Beginner,HSK1,Your opinion,QZ-HSK1-QT16-09,Such a strange thesis,奇怪,strange,Kỳ lạ,adjective,,"奇怪 (strange) = 奇 (odd; strange) + 怪 (weird)  
奇 (odd) = 大 (big) + 可 (can)  
怪 (weird) = 忄(heart) + 圣 (holy)"
Beginner,HSK1,Your opinion,QZ-HSK1-QT16-10,Visit where grandpa live,退休,retire,Nghỉ hưu,verb,,"退休 (retire) = 退 (retreat; withdraw) + 休 (rest)  
退 (retreat) = 辶 (walk) + 艮 (stubborn)  
休 (rest) = 亻 (person) + 木 (tree)"
Beginner,HSK1,Your opinion,QZ-HSK1-QT16-10,Visit where grandpa live,村子,village,Làng,noun,,村 (village) = 木 (wood) + 寸 (hand/measurement)
Beginner,HSK1,Your opinion,QZ-HSK1-QT16-10,Visit where grandpa live,草地,grass,Cỏ,noun,,草 (grass) = 艹 (grass radical) + 早 (early)
Beginner,HSK1,Your opinion,QZ-HSK1-QT16-10,Visit where grandpa live,军训,military training,Huấn luyện quân sự,noun,,"军训 (military training) = 军 (army) + 训 (train; instruct)  
军 (army) = 冖 (cover) + 车 (vehicle)  
训 (train) = 讠(speech) + 川 (river)"
Beginner,HSK1,Your opinion,QZ-HSK1-QT16-10,Visit where grandpa live,甜,sweet,Ngọt,adjective,,甜 (sweet) = 舌 (tongue) + 甘 (sweet)
,,,,,,,,,,
